credit_score,annual_income,loan_amount,employment_length_years,debt_to_income_ratio,num_previous_defaults,loan_term_months,interest_rate,home_ownership,loan_purpose,default
349,30691.15,29778.08,8.4,0.321,1,36,20.13,MORTGAGE,debt_consolidation,1
726,24996.79,6999.35,3.3,0.351,0,36,6.62,MORTGAGE,credit_card,0
660,90099.26,4767.89,7.1,0.351,0,36,12.58,RENT,debt_consolidation,0
541,145816.11,17833.59,7.8,0.19,0,36,13.51,MORTGAGE,major_purchase,0
538,39573.42,11957.0,3.4,0.163,2,36,14.18,OWN,home_improvement,0
773,27059.94,7417.86,9.4,0.093,0,36,8.8,OWN,debt_consolidation,0
347,17914.82,7429.63,1.5,0.3,1,36,21.62,MORTGAGE,debt_consolidation,1
684,43921.14,12273.05,0.2,0.048,1,36,10.78,RENT,debt_consolidation,1
411,42515.99,24621.39,2.2,0.206,0,36,19.14,RENT,major_purchase,1
351,36567.56,34356.21,2.5,0.06,0,60,21.59,RENT,debt_consolidation,0
590,54155.72,38522.17,5.0,0.085,0,36,10.36,MORTGAGE,other,0
837,58561.22,34062.39,3.6,0.343,0,60,7.37,RENT,other,0
705,56691.95,28641.38,10.6,0.17,0,36,7.56,RENT,debt_consolidation,0
719,42520.59,40935.48,12.9,0.477,0,36,9.35,RENT,other,0
695,29859.85,23868.42,4.4,0.044,0,60,10.94,RENT,credit_card,0
733,66146.34,28867.7,9.3,0.17,0,60,8.16,MORTGAGE,debt_consolidation,0
582,49297.63,19111.3,14.0,0.096,2,36,13.48,MORTGAGE,other,0
370,73112.96,15404.9,4.5,0.14,0,36,16.07,RENT,credit_card,0
762,69949.86,15595.32,2.4,0.391,1,60,6.92,RENT,home_improvement,0
548,25853.65,7525.96,8.0,0.19,0,60,13.74,MORTGAGE,credit_card,0
575,25709.09,36050.3,9.5,0.237,0,60,12.73,RENT,credit_card,0
504,34891.78,3436.2,10.8,0.244,0,60,15.8,MORTGAGE,major_purchase,0
400,30475.57,30686.15,0.5,0.095,1,36,21.07,MORTGAGE,debt_consolidation,1
810,68862.24,39036.25,3.4,0.352,0,60,8.1,MORTGAGE,other,0
730,57416.64,22886.85,2.8,0.215,1,60,10.48,OWN,major_purchase,0
654,80389.01,4088.83,7.2,0.458,0,36,12.17,RENT,debt_consolidation,0
521,58595.84,19850.37,3.4,0.293,0,60,13.78,MORTGAGE,home_improvement,0
753,53846.48,16101.97,14.3,0.244,0,60,10.16,RENT,debt_consolidation,0
600,84109.8,44363.73,10.9,0.243,0,36,13.64,MORTGAGE,major_purchase,1
544,60559.24,31415.67,0.1,0.497,0,36,15.45,MORTGAGE,major_purchase,0
548,50546.32,32739.83,5.3,0.468,0,60,15.67,RENT,debt_consolidation,0
425,95435.31,23696.38,2.9,0.466,0,36,18.89,MORTGAGE,debt_consolidation,1
350,51628.62,32214.23,1.6,0.112,0,36,20.9,OWN,home_improvement,0
605,42746.68,32793.12,7.2,0.537,0,60,12.06,RENT,home_improvement,0
789,33623.47,3919.79,2.5,0.048,2,36,6.47,OWN,debt_consolidation,0
335,67262.72,10794.69,2.7,0.226,0,36,19.68,MORTGAGE,credit_card,1
772,85534.3,1570.57,3.0,0.183,0,36,4.7,MORTGAGE,credit_card,0
756,47917.48,23431.53,7.2,0.127,1,60,8.04,MORTGAGE,home_improvement,0
452,88305.88,39535.19,3.2,0.352,0,36,18.15,RENT,debt_consolidation,0
648,20201.12,27820.4,0.3,0.159,0,60,13.14,RENT,credit_card,0
391,47812.67,23009.13,7.4,0.311,0,60,18.4,MORTGAGE,debt_consolidation,0
717,48144.26,41742.5,5.1,0.255,1,36,9.66,MORTGAGE,other,0
685,35342.89,8577.61,0.7,0.213,1,60,10.11,RENT,debt_consolidation,0
495,143306.0,4282.59,1.8,0.282,0,36,16.52,OWN,credit_card,0
337,47582.17,41361.45,3.4,0.343,2,60,19.2,RENT,debt_consolidation,1
834,40803.42,40722.4,7.5,0.483,0,36,5.75,MORTGAGE,debt_consolidation,0
545,49596.87,31050.79,1.3,0.058,0,36,13.84,MORTGAGE,home_improvement,0
792,19905.15,11823.08,14.3,0.047,0,36,8.38,MORTGAGE,debt_consolidation,0
673,34823.91,43669.62,1.3,0.132,1,36,9.03,RENT,credit_card,0
728,76302.27,34675.24,1.1,0.226,0,36,9.93,MORTGAGE,home_improvement,0
718,36937.21,30651.36,13.5,0.178,0,60,10.88,RENT,other,0
407,33759.13,10808.1,11.4,0.227,0,36,17.08,MORTGAGE,credit_card,0
500,88369.89,23575.92,1.4,0.574,0,36,15.36,RENT,debt_consolidation,0
557,89600.35,37193.35,4.5,0.024,0,36,13.45,MORTGAGE,credit_card,0
574,61861.03,38851.45,7.4,0.129,0,60,15.9,RENT,debt_consolidation,0
324,39942.54,25702.93,0.1,0.258,0,60,22.91,RENT,credit_card,1
601,44012.9,24002.93,3.2,0.045,0,36,14.33,OWN,credit_card,0
385,34136.84,31698.09,6.6,0.562,1,60,20.0,MORTGAGE,credit_card,1
709,31330.65,24242.95,16.4,0.823,0,36,11.15,RENT,major_purchase,0
676,30638.5,19377.97,5.4,0.076,0,60,11.77,MORTGAGE,credit_card,0
808,37118.68,4758.44,0.9,0.13,0,60,9.13,RENT,major_purchase,0
710,30772.46,6546.19,0.0,0.28,0,36,10.12,MORTGAGE,major_purchase,0
502,24253.9,34452.12,0.7,0.401,1,36,13.16,MORTGAGE,credit_card,0
833,54107.67,2085.22,7.6,0.216,0,36,5.9,RENT,debt_consolidation,0
526,54478.86,3301.42,4.2,0.536,0,36,16.08,MORTGAGE,debt_consolidation,0
479,105383.01,40804.32,3.5,0.553,1,36,16.4,MORTGAGE,major_purchase,0
798,36288.19,31975.87,9.0,0.35,0,60,8.94,MORTGAGE,home_improvement,0
504,56007.75,1185.36,3.7,0.341,0,60,15.06,MORTGAGE,debt_consolidation,0
342,56427.99,14729.91,0.4,0.131,0,36,21.86,RENT,debt_consolidation,1
558,43729.28,34586.01,3.4,0.174,0,36,12.74,RENT,major_purchase,0
738,68524.74,19374.44,11.8,0.214,3,36,9.66,RENT,debt_consolidation,0
404,69484.09,21627.1,0.6,0.147,0,36,18.0,RENT,major_purchase,1
555,56802.46,21187.16,38.9,0.396,1,60,12.98,RENT,debt_consolidation,0
371,43693.83,9893.91,9.3,0.184,0,60,19.86,RENT,credit_card,0
678,41735.67,32741.22,0.9,0.087,0,36,9.55,OWN,debt_consolidation,0
562,26489.69,5532.28,0.7,0.153,0,60,15.3,RENT,debt_consolidation,0
481,34109.7,23319.05,8.4,0.294,1,60,16.3,MORTGAGE,credit_card,1
425,37052.7,8478.06,20.1,0.626,0,36,18.48,RENT,major_purchase,1
611,29561.04,3047.44,0.0,0.512,0,60,12.89,MORTGAGE,credit_card,0
669,59752.47,7302.73,4.6,0.483,0,36,11.94,RENT,debt_consolidation,0
818,83992.48,39250.74,3.2,0.183,3,60,6.1,OWN,credit_card,0
540,32577.33,8750.5,1.7,0.201,0,36,16.36,RENT,debt_consolidation,1
388,55689.6,13248.25,1.3,0.13,0,60,21.89,RENT,credit_card,1
758,30780.91,7076.17,0.6,0.38,0,36,7.35,OWN,debt_consolidation,0
647,42735.49,33363.98,2.1,0.085,0,60,13.82,RENT,major_purchase,0
685,35930.86,20599.76,9.3,0.224,0,36,10.14,RENT,major_purchase,0
353,64270.31,42519.94,0.5,0.1,3,36,19.85,RENT,home_improvement,1
472,36117.95,30230.28,12.4,0.327,0,36,18.01,RENT,credit_card,0
723,77284.38,24381.13,5.2,0.471,0,36,8.37,RENT,major_purchase,0
758,43889.29,29891.76,0.3,0.183,3,36,9.4,RENT,credit_card,0
539,36595.42,2778.72,6.6,0.056,0,60,15.71,RENT,credit_card,0
743,27889.7,42829.05,1.9,0.467,0,36,9.03,RENT,debt_consolidation,0
763,54936.98,43082.9,2.4,0.218,0,36,8.4,MORTGAGE,major_purchase,0
513,73339.03,13150.15,4.6,0.251,0,36,15.16,MORTGAGE,debt_consolidation,0
794,55436.56,28645.0,4.2,0.219,0,60,8.5,MORTGAGE,other,0
458,134252.05,9884.27,17.3,0.381,1,36,16.94,RENT,home_improvement,0
431,93284.04,25088.76,7.0,0.156,0,36,19.52,MORTGAGE,major_purchase,1
676,42685.41,34914.73,3.3,0.09,0,36,12.43,OWN,credit_card,0
650,42484.21,42352.16,2.6,0.463,0,36,10.07,OWN,debt_consolidation,0
377,60558.4,15925.54,1.8,0.08,1,36,18.17,OWN,credit_card,0
758,33620.5,31514.23,0.1,0.163,0,36,8.45,RENT,major_purchase,0
410,82853.54,32522.79,8.7,0.262,0,36,17.67,OWN,credit_card,1
743,57683.14,10730.55,1.9,0.244,1,36,8.29,RENT,debt_consolidation,0
304,55017.5,28677.41,5.7,0.564,0,36,20.9,RENT,credit_card,0
739,66778.01,29838.54,3.3,0.307,2,36,11.54,RENT,debt_consolidation,0
733,106433.26,34619.35,6.9,0.545,0,60,10.78,RENT,home_improvement,0
729,52940.82,44997.68,2.3,0.481,0,60,8.51,MORTGAGE,home_improvement,0
666,46589.56,2770.22,10.0,0.396,3,60,9.04,OWN,debt_consolidation,0
559,96656.99,9901.42,3.0,0.324,1,36,13.78,MORTGAGE,debt_consolidation,0
688,75765.45,7383.45,0.3,0.103,0,60,9.17,MORTGAGE,major_purchase,0
452,42427.8,7795.1,1.8,0.03,1,36,18.43,RENT,debt_consolidation,1
730,49135.34,20986.94,3.5,0.406,0,60,9.56,MORTGAGE,credit_card,0
606,53525.93,39655.61,10.2,0.108,1,60,12.41,RENT,credit_card,0
552,57688.66,20743.82,2.9,0.416,0,60,14.57,RENT,home_improvement,0
578,26622.98,30413.14,0.2,0.366,1,60,12.53,RENT,debt_consolidation,1
613,24486.62,17565.96,3.2,0.091,1,36,12.61,OWN,credit_card,0
320,32881.8,15065.19,3.9,0.49,1,36,23.38,RENT,major_purchase,1
377,31756.98,37706.35,3.3,0.153,0,36,18.94,OWN,home_improvement,1
435,36690.72,29844.09,26.5,0.033,0,36,18.19,MORTGAGE,credit_card,0
363,65226.41,16439.39,2.5,0.233,1,60,19.23,RENT,debt_consolidation,1
542,45432.45,41223.05,7.1,0.152,2,36,14.0,MORTGAGE,credit_card,0
668,53550.35,22934.51,6.1,0.394,1,36,12.29,MORTGAGE,home_improvement,0
660,28256.07,9284.09,1.9,0.286,0,60,10.04,OWN,major_purchase,1
559,39825.43,22261.76,0.3,0.02,1,60,14.25,RENT,major_purchase,0
771,63848.35,30686.78,5.6,0.128,0,36,7.24,RENT,credit_card,0
611,64069.81,17152.95,6.6,0.643,1,60,14.6,RENT,home_improvement,0
343,35381.41,38126.53,5.2,0.169,0,36,19.92,RENT,credit_card,1
721,52719.89,24458.34,4.1,0.249,1,60,8.23,MORTGAGE,debt_consolidation,0
616,131858.09,21581.65,9.2,0.059,0,60,12.61,MORTGAGE,debt_consolidation,0
649,48634.14,38783.3,2.5,0.041,0,60,11.66,RENT,home_improvement,0
611,35884.68,21368.38,1.3,0.29,1,60,14.27,OWN,home_improvement,0
605,45333.74,19234.05,3.0,0.148,0,36,12.47,RENT,home_improvement,0
349,51096.93,5563.52,11.4,0.186,0,36,21.08,RENT,debt_consolidation,0
608,45797.02,16949.64,4.7,0.244,1,60,11.84,RENT,credit_card,0
737,48333.99,18470.13,1.0,0.141,0,60,10.59,MORTGAGE,debt_consolidation,0
467,25602.59,8947.38,1.0,0.28,0,36,18.2,MORTGAGE,home_improvement,0
632,31787.11,26864.22,4.0,0.609,1,36,13.01,MORTGAGE,credit_card,0
316,45834.81,7329.05,2.7,0.306,1,36,22.53,RENT,debt_consolidation,1
491,45507.36,10842.35,0.6,0.153,0,36,16.75,OWN,debt_consolidation,0
540,37995.19,25688.05,5.5,0.048,0,36,15.15,RENT,debt_consolidation,0
841,45267.47,12835.28,9.5,0.438,0,36,4.88,MORTGAGE,credit_card,0
418,50385.4,29145.41,1.5,0.022,3,60,17.76,MORTGAGE,credit_card,1
452,73147.71,31382.58,3.9,0.078,0,36,18.59,RENT,debt_consolidation,1
525,46880.39,14256.78,0.2,0.363,0,60,16.42,RENT,credit_card,1
846,58664.87,4845.06,1.5,0.461,1,36,7.18,MORTGAGE,other,0
770,38417.94,22535.88,27.5,0.229,0,60,7.81,RENT,credit_card,0
319,63414.2,5087.53,6.9,0.384,0,36,23.46,RENT,credit_card,0
428,58051.08,23670.37,0.6,0.131,0,36,18.07,RENT,credit_card,0
752,72375.1,32953.59,7.7,0.057,0,36,9.4,MORTGAGE,credit_card,0
332,67579.31,28294.51,5.5,0.264,0,36,24.4,MORTGAGE,debt_consolidation,0
771,63890.82,20723.78,3.5,0.539,0,60,7.68,OWN,major_purchase,0
455,46897.15,42617.78,3.2,0.263,0,36,18.35,OWN,major_purchase,1
805,54733.03,5476.88,2.5,0.385,0,60,5.49,MORTGAGE,home_improvement,0
461,79108.77,39720.07,0.5,0.691,2,36,16.87,OWN,debt_consolidation,1
539,36554.75,36205.67,8.7,0.122,0,36,15.76,RENT,credit_card,0
664,36946.14,19468.5,4.9,0.103,1,36,10.67,RENT,credit_card,0
369,53190.98,7726.16,1.5,0.259,1,60,20.04,MORTGAGE,home_improvement,0
606,59093.48,7858.14,0.2,0.222,0,36,13.37,MORTGAGE,home_improvement,0
578,33831.65,41559.45,0.2,0.278,0,36,14.11,MORTGAGE,credit_card,0
731,47399.02,11283.01,0.3,0.133,0,36,6.82,MORTGAGE,major_purchase,0
848,46990.49,39461.09,2.6,0.024,0,60,8.75,RENT,home_improvement,0
666,18090.17,23144.99,6.9,0.154,0,60,10.02,RENT,home_improvement,1
525,44408.35,21316.32,1.7,0.18,0,36,14.49,RENT,home_improvement,1
523,45670.46,28258.5,6.2,0.514,0,36,13.56,RENT,major_purchase,1
530,45609.36,10461.72,0.0,0.221,3,60,14.07,RENT,credit_card,0
748,92703.49,19848.31,2.0,0.658,0,36,8.88,MORTGAGE,home_improvement,0
476,28364.42,42293.32,13.9,0.483,0,36,18.06,MORTGAGE,debt_consolidation,1
392,33823.8,11483.3,3.5,0.325,0,60,18.55,RENT,credit_card,1
484,15131.17,41549.68,2.8,0.364,0,36,16.77,MORTGAGE,other,1
312,39481.5,44745.23,10.7,0.631,3,36,21.99,RENT,debt_consolidation,1
358,41025.96,3283.92,1.3,0.115,0,36,18.91,RENT,credit_card,0
349,38968.55,24380.68,0.4,0.36,1,36,18.3,MORTGAGE,credit_card,0
725,80696.85,8560.05,4.9,0.449,0,60,8.43,MORTGAGE,debt_consolidation,0
698,72205.96,28355.43,6.4,0.289,0,60,11.97,MORTGAGE,debt_consolidation,0
683,50768.71,44539.88,4.0,0.209,0,60,9.83,RENT,other,0
554,41490.68,40462.76,1.5,0.427,0,36,13.66,RENT,debt_consolidation,0
695,77791.34,41693.33,4.3,0.347,1,60,10.85,MORTGAGE,debt_consolidation,0
388,48586.89,10387.39,4.6,0.417,0,60,20.12,RENT,home_improvement,0
796,33920.62,24862.06,2.7,0.313,0,36,6.12,OWN,major_purchase,0
576,22644.86,11332.56,0.4,0.306,0,36,14.77,RENT,debt_consolidation,0
816,40191.41,40574.69,10.4,0.299,0,60,7.49,RENT,debt_consolidation,0
383,68843.4,9410.78,13.2,0.288,0,60,18.8,MORTGAGE,major_purchase,1
574,136549.49,7774.19,12.0,0.334,1,60,11.69,MORTGAGE,debt_consolidation,0
683,50398.9,1535.16,4.3,0.205,0,60,11.72,MORTGAGE,debt_consolidation,0
573,34738.02,9005.71,1.1,0.082,0,36,14.38,MORTGAGE,debt_consolidation,0
545,28760.71,9349.57,3.8,0.413,0,36,14.99,MORTGAGE,major_purchase,0
391,62842.05,4409.57,1.3,0.512,0,36,17.59,OWN,major_purchase,0
509,22157.31,39180.61,5.6,0.309,0,36,18.54,MORTGAGE,credit_card,0
431,62796.54,35319.9,1.4,0.159,0,36,16.87,MORTGAGE,other,0
466,70825.21,12197.19,7.4,0.363,0,36,16.41,RENT,debt_consolidation,1
676,59654.55,35463.34,1.6,0.565,0,36,12.13,MORTGAGE,debt_consolidation,0
647,44406.99,19575.24,1.2,0.025,3,60,11.92,MORTGAGE,credit_card,0
634,63210.35,35122.89,2.6,0.156,0,36,12.42,MORTGAGE,major_purchase,0
499,52940.41,15212.34,4.0,0.127,0,60,14.67,RENT,debt_consolidation,1
828,34539.0,25844.79,11.3,0.082,0,36,5.01,MORTGAGE,debt_consolidation,0
348,112722.64,17790.86,1.4,0.399,0,60,20.97,RENT,debt_consolidation,0
488,41845.7,9257.74,11.0,0.53,0,60,15.95,MORTGAGE,home_improvement,0
365,69500.45,26767.85,5.6,0.202,0,60,22.3,MORTGAGE,debt_consolidation,1
486,16508.38,34036.56,4.8,0.075,0,36,15.1,OWN,credit_card,0
830,87065.14,34136.71,7.8,0.266,0,36,6.02,RENT,debt_consolidation,0
501,94934.62,16676.73,1.5,0.391,0,36,16.31,RENT,credit_card,0
800,49683.35,23823.32,2.1,0.203,3,60,6.85,RENT,debt_consolidation,0
572,63035.1,34606.26,0.1,0.358,0,36,13.07,MORTGAGE,other,0
685,63027.84,3397.89,6.5,0.247,0,36,10.82,RENT,home_improvement,0
552,36707.9,4163.09,0.5,0.403,0,36,17.03,RENT,credit_card,0
446,62705.54,17553.8,9.5,0.457,0,36,16.91,RENT,debt_consolidation,0
721,34068.08,10832.75,4.3,0.469,0,60,7.75,MORTGAGE,debt_consolidation,0
834,37274.3,17484.42,7.1,0.41,0,36,7.07,RENT,credit_card,0
445,81399.5,5125.14,2.8,0.619,3,60,17.29,RENT,debt_consolidation,1
729,76008.16,27048.35,5.1,0.257,0,36,8.23,RENT,credit_card,0
443,35672.35,30556.58,0.0,0.255,0,60,18.53,MORTGAGE,debt_consolidation,0
695,35238.36,35840.98,0.2,0.218,0,60,11.02,RENT,credit_card,0
734,36661.47,29623.01,5.3,0.238,0,36,8.51,RENT,major_purchase,0
547,68165.09,18440.78,4.5,0.571,0,36,12.77,OWN,credit_card,0
706,31257.26,42136.84,3.4,0.295,2,36,11.25,RENT,debt_consolidation,0
450,57556.4,32958.61,11.3,0.432,0,60,16.77,RENT,credit_card,0
343,68602.28,24217.97,0.8,0.168,0,36,21.02,MORTGAGE,other,0
353,47112.31,10101.42,5.6,0.439,0,36,20.26,RENT,other,1
546,77228.87,29554.9,3.0,0.36,0,36,15.41,RENT,credit_card,0
797,42747.26,27035.7,6.6,0.136,1,60,7.79,RENT,credit_card,0
370,44523.17,31066.52,3.6,0.496,0,60,21.51,MORTGAGE,debt_consolidation,1
551,31578.73,35369.49,6.1,0.109,0,36,15.46,RENT,other,0
687,77476.49,41262.18,2.6,0.109,1,36,8.35,MORTGAGE,debt_consolidation,0
411,34719.81,42758.49,3.6,0.45,1,60,18.32,RENT,credit_card,1
697,57376.91,28728.16,5.7,0.195,0,60,10.6,OWN,credit_card,0
468,47472.59,43502.07,1.3,0.322,0,60,16.61,RENT,debt_consolidation,0
745,30523.36,41102.59,3.3,0.106,0,60,10.46,RENT,credit_card,0
619,37268.49,1115.03,9.0,0.118,0,60,13.26,RENT,credit_card,0
601,91335.29,29055.17,3.9,0.211,0,60,10.95,MORTGAGE,debt_consolidation,0
397,53677.32,8852.65,0.4,0.125,0,36,18.73,RENT,debt_consolidation,0
555,31128.6,13988.48,1.6,0.145,0,60,14.6,RENT,credit_card,0
771,56240.8,14090.01,11.8,0.302,0,60,7.33,MORTGAGE,other,0
310,45901.3,22257.7,1.7,0.529,0,36,22.52,RENT,other,1
717,231960.15,1478.11,4.1,0.213,0,36,10.53,MORTGAGE,credit_card,0
571,55731.77,11375.04,5.9,0.196,0,36,14.58,RENT,major_purchase,1
696,41304.17,2281.32,5.6,0.396,0,60,11.35,RENT,major_purchase,0
665,92875.26,29624.58,6.5,0.276,1,36,12.98,OWN,other,0
538,21408.29,40128.65,4.9,0.245,0,36,16.07,RENT,home_improvement,0
470,51146.23,44902.7,3.0,0.138,0,36,18.02,RENT,debt_consolidation,1
645,120269.8,20736.5,0.1,0.195,1,60,11.94,MORTGAGE,other,0
377,46523.38,12446.21,3.6,0.393,0,36,19.06,MORTGAGE,debt_consolidation,0
621,22471.76,38536.56,2.8,0.248,2,36,15.12,MORTGAGE,debt_consolidation,0
352,41020.9,5978.97,2.5,0.104,3,36,20.98,MORTGAGE,credit_card,1
658,94327.98,43866.52,5.1,0.446,0,36,10.43,RENT,other,0
646,58059.95,32452.85,1.3,0.288,1,36,11.84,RENT,home_improvement,0
346,33607.84,23173.13,0.9,0.14,1,36,20.24,MORTGAGE,home_improvement,0
717,36013.2,5252.62,3.0,0.193,0,60,10.86,MORTGAGE,debt_consolidation,0
529,38106.3,1800.62,1.8,0.415,0,60,14.96,RENT,home_improvement,0
733,57672.69,24959.42,3.9,0.132,0,36,7.55,MORTGAGE,debt_consolidation,0
322,89517.4,19209.42,3.7,0.25,0,60,22.06,MORTGAGE,debt_consolidation,0
398,78715.11,38077.24,3.9,0.378,0,60,18.51,RENT,major_purchase,0
572,60186.63,29261.44,3.0,0.275,0,36,11.32,RENT,credit_card,0
403,26923.64,20003.44,0.8,0.268,0,36,20.09,MORTGAGE,major_purchase,0
481,26968.65,10944.31,7.4,0.126,0,60,15.16,RENT,debt_consolidation,0
663,62315.37,22138.58,0.3,0.327,1,36,10.25,RENT,home_improvement,0
379,26756.64,8171.75,9.5,0.3,0,36,19.8,OWN,debt_consolidation,1
673,44289.14,30348.56,8.1,0.049,0,36,11.32,RENT,debt_consolidation,0
356,56211.0,27652.08,7.4,0.336,0,60,19.72,MORTGAGE,debt_consolidation,0
396,29380.39,36643.14,6.4,0.517,0,36,19.65,MORTGAGE,debt_consolidation,1
623,30917.63,20779.29,10.4,0.531,0,36,13.61,RENT,other,0
737,46987.91,13260.54,11.5,0.27,0,36,8.18,MORTGAGE,home_improvement,0
393,61490.79,37801.4,2.5,0.193,0,36,19.38,MORTGAGE,other,1
465,79037.95,31403.87,18.1,0.437,0,60,17.36,RENT,debt_consolidation,0
809,64419.65,32095.2,2.9,0.228,0,60,8.63,MORTGAGE,major_purchase,0
845,50672.85,24235.72,1.0,0.176,1,60,6.4,RENT,debt_consolidation,0
620,35038.84,39543.06,12.6,0.616,0,36,10.48,MORTGAGE,debt_consolidation,0
546,30275.43,11022.47,1.1,0.063,0,36,17.61,RENT,major_purchase,0
491,38952.78,18674.45,0.5,0.495,3,36,16.57,RENT,debt_consolidation,0
637,58951.54,36034.23,13.6,0.203,0,60,12.49,RENT,major_purchase,0
625,57038.44,6850.28,0.3,0.362,0,60,12.41,MORTGAGE,other,0
462,19054.22,36556.82,7.7,0.262,0,60,17.6,MORTGAGE,debt_consolidation,0
312,34421.8,16514.19,23.4,0.404,0,60,22.15,MORTGAGE,other,1
383,84290.83,6522.16,5.8,0.247,0,36,20.5,OWN,credit_card,0
828,50799.75,4482.58,6.3,0.217,1,36,6.44,MORTGAGE,home_improvement,0
530,25909.01,38093.26,4.5,0.317,0,60,12.43,MORTGAGE,major_purchase,0
565,141509.13,35259.08,2.5,0.37,0,36,13.75,RENT,home_improvement,0
557,48386.5,13673.82,1.4,0.19,0,36,14.25,MORTGAGE,other,0
731,58276.27,6119.94,21.5,0.187,0,60,8.62,RENT,other,0
335,58676.0,11878.31,10.1,0.45,0,36,19.66,MORTGAGE,debt_consolidation,0
345,41547.06,10371.46,4.3,0.192,0,36,20.1,OWN,home_improvement,1
451,35333.68,33254.45,0.5,0.238,0,36,18.62,MORTGAGE,credit_card,1
568,127357.55,10484.78,0.2,0.405,0,36,14.56,RENT,debt_consolidation,0
669,76990.91,10508.33,1.6,0.387,1,36,9.62,MORTGAGE,debt_consolidation,0
570,70960.01,2419.8,1.2,0.499,0,60,12.02,RENT,debt_consolidation,0
543,63533.98,27261.83,19.6,0.171,1,36,12.79,MORTGAGE,credit_card,0
816,31210.42,31315.1,6.8,0.276,1,36,7.26,MORTGAGE,debt_consolidation,0
388,87106.66,29753.58,0.6,0.311,0,36,17.61,MORTGAGE,debt_consolidation,0
615,33543.23,26018.36,12.2,0.438,0,60,12.71,RENT,other,0
598,55685.72,43507.3,5.1,0.09,2,60,14.09,MORTGAGE,other,0
560,23441.77,21800.49,2.6,0.086,1,60,14.88,RENT,home_improvement,0
744,19567.27,38846.01,1.3,0.082,0,36,8.64,RENT,other,0
447,56569.83,29424.44,9.0,0.39,0,60,19.56,RENT,credit_card,0
825,34060.9,4703.13,5.4,0.395,0,36,5.96,MORTGAGE,credit_card,0
482,20027.76,36643.89,0.9,0.273,0,36,16.83,RENT,credit_card,0
600,62522.03,26713.1,9.1,0.074,0,36,12.78,MORTGAGE,debt_consolidation,0
586,127266.21,29755.13,19.4,0.625,0,36,13.41,MORTGAGE,debt_consolidation,0
768,91610.59,8930.01,1.0,0.291,0,36,9.34,MORTGAGE,credit_card,0
541,43660.84,20249.56,3.0,0.264,0,36,15.73,MORTGAGE,credit_card,0
456,49216.31,39745.63,1.0,0.392,1,36,15.25,OWN,credit_card,0
311,73091.53,10478.97,11.5,0.24,1,36,20.41,OWN,credit_card,0
500,81223.31,1005.5,0.9,0.179,0,60,17.14,RENT,home_improvement,1
755,41999.33,12330.38,1.0,0.131,0,60,7.16,MORTGAGE,other,0
305,49780.57,22451.87,11.6,0.396,0,60,20.6,RENT,major_purchase,1
793,56121.63,37136.23,2.4,0.255,0,60,8.04,RENT,debt_consolidation,0
599,62896.41,29304.8,13.2,0.354,2,36,14.43,RENT,debt_consolidation,0
377,46171.39,41438.79,0.3,0.392,0,60,20.74,MORTGAGE,major_purchase,1
466,46442.1,21044.83,6.7,0.392,0,36,15.2,OWN,debt_consolidation,0
605,91210.43,18195.87,6.1,0.509,0,60,12.76,MORTGAGE,debt_consolidation,0
473,84481.2,11182.4,1.4,0.307,0,36,16.47,RENT,debt_consolidation,0
359,60768.98,10594.75,0.3,0.339,0,36,19.53,RENT,credit_card,0
666,106255.21,33388.84,0.1,0.54,0,60,9.43,OWN,debt_consolidation,0
670,41196.12,4535.8,9.0,0.162,0,60,12.84,MORTGAGE,debt_consolidation,0
365,101756.51,11679.4,12.8,0.107,0,36,19.93,OWN,debt_consolidation,0
454,62575.68,39979.39,4.1,0.432,0,60,16.31,RENT,credit_card,0
434,213621.65,26384.52,2.2,0.397,0,36,18.5,RENT,home_improvement,0
663,28663.6,3049.85,0.3,0.059,0,36,11.2,MORTGAGE,other,0
702,35946.77,31987.22,3.4,0.223,0,36,11.27,OWN,debt_consolidation,0
700,59187.11,23294.02,14.8,0.264,1,60,9.74,RENT,home_improvement,0
817,58615.55,38598.96,9.8,0.439,0,36,6.4,RENT,debt_consolidation,0
723,117896.52,31027.09,4.0,0.336,0,60,9.69,MORTGAGE,credit_card,0
476,36287.6,1195.65,0.5,0.136,1,60,17.67,RENT,debt_consolidation,0
359,73659.86,10052.52,4.6,0.496,0,60,19.08,RENT,credit_card,0
638,82711.04,12350.4,0.5,0.45,2,36,10.46,OWN,credit_card,0
804,67311.85,31898.22,10.7,0.115,0,60,7.92,RENT,other,0
837,31810.5,23409.82,8.9,0.649,0,36,6.69,MORTGAGE,debt_consolidation,0
426,92363.9,33887.69,8.7,0.344,0,36,18.37,RENT,major_purchase,0
430,85237.45,23566.16,0.0,0.427,0,36,18.29,OWN,home_improvement,0
320,64203.5,15404.92,1.1,0.315,1,36,21.43,MORTGAGE,credit_card,0
377,53742.34,5561.07,8.9,0.321,0,36,21.35,OWN,home_improvement,0
605,54271.18,9915.37,3.8,0.37,1,60,13.35,MORTGAGE,credit_card,0
601,47314.35,18634.32,4.9,0.392,0,36,12.98,MORTGAGE,home_improvement,0
504,65404.96,25263.99,2.0,0.476,0,60,14.8,RENT,debt_consolidation,0
470,49712.45,42300.05,7.3,0.351,0,36,16.57,MORTGAGE,major_purchase,0
757,33461.93,11547.69,4.1,0.29,2,60,9.35,RENT,debt_consolidation,0
553,30580.99,30307.74,5.4,0.19,1,60,15.51,MORTGAGE,other,0
745,34946.85,7712.02,2.7,0.091,2,60,7.28,OWN,credit_card,0
830,54174.17,32405.14,1.5,0.419,1,36,7.62,RENT,other,0
474,48429.76,1499.0,0.1,0.405,0,60,16.77,RENT,debt_consolidation,0
411,54008.93,29860.48,0.3,0.484,0,36,21.57,RENT,debt_consolidation,1
825,61412.33,8181.58,0.8,0.578,0,36,8.16,MORTGAGE,major_purchase,0
649,36964.22,8934.28,0.2,0.214,2,36,11.6,OWN,major_purchase,0
460,94802.12,25591.94,7.6,0.065,2,36,15.92,MORTGAGE,credit_card,0
642,43457.13,17518.11,6.4,0.195,0,60,10.78,MORTGAGE,debt_consolidation,0
583,40334.31,21737.43,1.7,0.168,0,36,13.09,RENT,debt_consolidation,0
798,60905.2,14591.11,4.3,0.542,0,36,9.63,RENT,major_purchase,0
441,21451.94,42952.55,3.9,0.251,0,36,17.49,RENT,credit_card,1
846,34346.64,13788.87,10.8,0.79,0,36,6.34,RENT,home_improvement,0
815,76227.9,24850.09,0.6,0.304,2,60,6.8,MORTGAGE,credit_card,0
399,22430.12,38591.64,15.4,0.378,0,36,18.84,MORTGAGE,debt_consolidation,0
390,81057.04,30223.96,0.1,0.437,0,60,18.84,RENT,home_improvement,0
593,96762.18,15202.19,6.5,0.047,0,36,15.19,MORTGAGE,debt_consolidation,0
324,41512.3,25307.21,0.5,0.015,0,36,22.29,MORTGAGE,credit_card,1
464,55899.78,4651.61,7.5,0.149,0,36,15.47,OWN,other,0
539,81112.24,25010.2,1.1,0.361,0,36,13.02,RENT,debt_consolidation,0
834,39733.3,19981.12,1.9,0.232,2,36,7.4,RENT,debt_consolidation,0
846,72438.92,34349.08,11.8,0.194,2,60,7.36,RENT,debt_consolidation,0
383,36242.33,38307.73,6.7,0.476,0,36,18.43,RENT,debt_consolidation,0
791,39540.43,9783.13,5.0,0.178,0,36,7.16,RENT,credit_card,0
350,34210.87,4587.58,5.9,0.062,1,36,21.82,OWN,debt_consolidation,1
712,57193.25,18184.51,3.2,0.226,0,36,10.74,OWN,debt_consolidation,0
765,82543.94,24502.62,1.3,0.133,0,60,8.44,MORTGAGE,major_purchase,0
790,45123.08,17579.29,13.7,0.315,0,36,8.4,MORTGAGE,debt_consolidation,0
423,27665.4,28656.69,11.5,0.138,0,60,18.09,MORTGAGE,home_improvement,0
792,30115.1,23248.66,9.1,0.5,1,36,7.17,MORTGAGE,credit_card,0
363,58546.1,42211.55,3.1,0.452,0,60,21.42,OWN,credit_card,0
585,112403.73,19013.21,5.7,0.128,0,36,12.88,OWN,credit_card,0
558,58523.07,4629.74,0.6,0.089,1,60,13.9,RENT,debt_consolidation,0
474,41187.77,14285.14,2.1,0.339,0,36,18.95,MORTGAGE,debt_consolidation,0
312,69201.84,27659.33,1.5,0.1,0,36,20.59,RENT,major_purchase,0
725,44012.35,12265.1,4.9,0.293,0,36,11.61,RENT,debt_consolidation,0
484,41347.68,12835.49,0.3,0.075,0,36,16.83,RENT,home_improvement,0
664,31846.84,15941.19,2.4,0.339,0,36,11.39,MORTGAGE,major_purchase,0
526,92392.58,33830.24,1.8,0.515,0,36,16.02,RENT,debt_consolidation,0
505,15636.39,42365.86,1.2,0.273,0,36,17.02,OWN,debt_consolidation,0
788,70195.3,16416.57,5.3,0.114,0,60,9.41,MORTGAGE,other,0
352,39787.77,9601.47,1.7,0.083,2,36,20.19,RENT,debt_consolidation,1
705,40755.52,19508.03,8.9,0.333,0,36,10.73,MORTGAGE,credit_card,0
711,104981.75,16480.95,0.8,0.054,0,60,9.48,MORTGAGE,debt_consolidation,0
509,35548.07,44561.1,0.2,0.191,0,36,15.24,MORTGAGE,credit_card,0
444,36097.14,21410.2,1.7,0.072,0,60,17.93,RENT,debt_consolidation,0
302,46227.15,30888.47,0.5,0.049,0,36,22.8,RENT,other,0
816,59055.4,41206.67,1.0,0.01,0,36,5.86,RENT,debt_consolidation,0
822,40181.62,28678.71,13.1,0.35,0,60,4.87,MORTGAGE,major_purchase,0
432,24143.33,11972.65,0.7,0.109,0,36,16.91,RENT,credit_card,0
317,33204.34,27726.04,0.4,0.243,1,60,20.9,RENT,credit_card,0
367,87255.88,18682.56,2.4,0.348,0,36,21.57,MORTGAGE,home_improvement,0
337,50698.4,19583.39,1.1,0.294,0,36,19.88,RENT,home_improvement,0
757,60053.39,44090.28,12.4,0.363,0,36,9.27,MORTGAGE,major_purchase,0
791,43580.3,13258.0,11.8,0.203,2,36,9.05,MORTGAGE,debt_consolidation,0
384,36432.85,21633.15,11.8,0.3,0,36,18.6,RENT,credit_card,0
711,104287.44,8034.15,8.5,0.601,0,36,11.65,OWN,major_purchase,0
398,45040.33,8855.94,1.9,0.504,0,60,19.81,RENT,debt_consolidation,0
502,40154.25,27553.31,2.1,0.326,0,36,14.93,MORTGAGE,debt_consolidation,1
630,80279.06,34044.69,5.0,0.109,0,36,11.9,MORTGAGE,debt_consolidation,0
696,35416.67,29004.23,0.9,0.351,0,36,9.5,MORTGAGE,debt_consolidation,0
781,37510.37,15488.5,1.9,0.221,0,36,7.67,RENT,debt_consolidation,0
324,49247.36,3623.2,1.1,0.172,1,36,21.75,MORTGAGE,debt_consolidation,1
408,49026.76,21691.61,4.3,0.17,0,60,18.04,OWN,debt_consolidation,0
454,55095.6,23187.86,6.4,0.346,0,36,17.93,OWN,debt_consolidation,0
470,125649.44,34908.67,1.7,0.23,3,36,17.24,RENT,other,0
849,57028.8,29172.74,0.2,0.367,0,36,4.72,RENT,home_improvement,0
728,16812.46,39335.38,2.2,0.192,0,60,9.97,RENT,debt_consolidation,0
476,56774.04,35451.25,2.4,0.435,0,60,18.14,OWN,major_purchase,1
835,49863.57,17098.62,26.8,0.107,0,36,6.12,OWN,credit_card,0
575,49988.71,28817.74,2.5,0.378,0,36,14.85,RENT,debt_consolidation,0
575,54757.86,33880.61,0.8,0.383,1,60,12.74,MORTGAGE,home_improvement,0
538,48392.24,43102.74,1.4,0.529,0,36,16.89,RENT,other,0
379,47873.84,19583.5,6.0,0.165,0,36,20.4,MORTGAGE,debt_consolidation,1
814,64593.55,29524.41,4.9,0.435,2,36,7.86,RENT,other,0
307,38409.64,18277.21,8.1,0.462,0,36,20.97,RENT,credit_card,0
396,32001.6,33464.44,2.3,0.193,0,36,20.03,RENT,credit_card,1
426,191128.58,41127.7,8.5,0.184,2,36,18.8,OWN,debt_consolidation,1
453,35520.46,41445.94,3.2,0.371,0,36,18.41,RENT,debt_consolidation,0
372,51280.42,7911.85,10.1,0.207,1,60,21.44,RENT,credit_card,1
309,25008.05,9980.25,12.7,0.625,0,60,21.13,MORTGAGE,other,1
673,51658.54,34216.9,22.1,0.155,0,36,12.68,RENT,home_improvement,0
834,32210.52,28764.43,1.4,0.409,0,60,7.36,RENT,other,0
367,40170.46,40824.72,0.4,0.102,0,36,18.62,MORTGAGE,home_improvement,0
463,78454.89,14807.22,0.8,0.341,0,36,19.22,RENT,major_purchase,0
578,60621.46,38312.92,25.9,0.303,0,36,13.26,RENT,debt_consolidation,0
811,63309.1,31086.14,2.0,0.378,0,36,7.37,OWN,major_purchase,0
682,22091.71,9600.08,0.5,0.254,0,36,11.17,MORTGAGE,major_purchase,0
722,112039.06,6565.75,2.0,0.499,0,36,8.57,MORTGAGE,credit_card,0
620,28671.34,31919.84,2.8,0.533,0,36,13.72,RENT,home_improvement,0
529,97523.86,7972.31,31.5,0.094,0,36,14.81,MORTGAGE,major_purchase,0
410,77628.88,35950.48,3.2,0.441,0,36,17.26,RENT,debt_consolidation,1
776,63563.82,25512.18,2.9,0.057,0,36,7.16,OWN,debt_consolidation,0
743,33364.8,21982.15,4.4,0.102,0,36,6.93,MORTGAGE,other,0
313,52481.47,13123.28,1.1,0.146,0,60,20.02,MORTGAGE,debt_consolidation,0
694,39659.48,44289.21,2.0,0.188,0,36,11.72,RENT,debt_consolidation,0
346,49665.6,32775.35,14.1,0.312,0,36,18.82,RENT,home_improvement,0
707,43807.38,35234.8,5.8,0.175,0,60,10.57,RENT,credit_card,0
755,19587.08,34823.28,2.2,0.213,2,36,8.06,RENT,major_purchase,0
372,81210.75,26696.69,7.0,0.472,0,60,21.2,RENT,credit_card,0
539,47263.89,42346.75,0.5,0.357,1,36,15.02,RENT,other,0
368,39412.56,26688.15,8.4,0.311,0,36,18.57,RENT,home_improvement,1
612,38095.55,23882.01,4.7,0.315,0,36,13.62,MORTGAGE,home_improvement,0
811,57601.67,13043.26,13.1,0.103,0,60,6.67,RENT,credit_card,0
344,32787.73,13396.38,0.2,0.252,0,36,21.52,OWN,debt_consolidation,1
519,17768.3,33422.89,3.0,0.038,0,60,16.01,MORTGAGE,debt_consolidation,0
836,58877.15,15729.77,3.1,0.024,1,36,5.13,RENT,home_improvement,0
465,61919.87,33063.27,21.1,0.307,0,36,17.04,RENT,major_purchase,1
372,44809.06,42919.1,12.7,0.249,0,36,19.21,RENT,debt_consolidation,1
569,29244.41,20329.53,6.1,0.01,2,60,13.86,RENT,credit_card,1
580,51022.45,5282.33,3.1,0.148,0,36,13.68,RENT,debt_consolidation,0
665,25360.81,30328.05,2.9,0.376,0,60,9.46,RENT,home_improvement,0
472,30876.36,1419.01,5.1,0.515,2,60,17.35,RENT,major_purchase,0
826,34967.91,35628.15,1.6,0.371,3,60,6.29,RENT,credit_card,0
587,71666.06,24128.74,3.8,0.349,0,60,12.11,RENT,home_improvement,0
457,41640.36,22548.22,6.5,0.263,1,60,16.03,MORTGAGE,credit_card,0
829,40073.08,26055.46,4.1,0.32,0,36,4.52,MORTGAGE,credit_card,0
809,118138.34,23721.98,4.1,0.052,0,36,9.52,RENT,home_improvement,0
575,57446.43,15246.2,2.3,0.355,0,36,13.95,MORTGAGE,debt_consolidation,0
313,57099.32,13386.39,1.6,0.197,0,36,22.06,OWN,debt_consolidation,1
628,41507.72,19273.09,1.7,0.427,0,60,14.18,OWN,home_improvement,0
605,37482.62,40376.01,6.3,0.515,0,36,16.39,RENT,major_purchase,0
381,18326.75,6956.3,5.0,0.321,0,36,18.78,RENT,home_improvement,0
649,75806.04,15289.64,1.4,0.553,0,60,11.21,RENT,debt_consolidation,0
763,59978.38,9461.22,5.5,0.346,0,36,7.31,MORTGAGE,credit_card,0
358,45223.64,19794.03,4.3,0.07,0,36,20.12,MORTGAGE,credit_card,0
698,46085.24,6873.93,0.1,0.381,0,36,8.24,RENT,other,0
377,68272.68,34475.01,1.9,0.231,0,60,21.32,MORTGAGE,home_improvement,1
712,24352.27,5552.57,2.9,0.483,0,36,10.61,MORTGAGE,credit_card,0
530,37592.26,30271.53,2.2,0.055,0,36,15.05,RENT,credit_card,1
303,29397.46,12779.25,15.9,0.043,1,36,20.15,RENT,debt_consolidation,0
832,108790.49,21776.36,2.1,0.138,0,36,8.24,RENT,debt_consolidation,0
391,72696.24,9799.47,4.4,0.074,0,60,18.82,MORTGAGE,home_improvement,0
628,18192.93,33129.84,6.1,0.446,0,36,14.54,RENT,credit_card,0
399,24805.17,42724.14,10.5,0.431,1,60,18.75,RENT,debt_consolidation,1
814,46186.57,10756.79,3.2,0.154,0,36,7.13,OWN,credit_card,0
706,39632.39,42938.74,0.3,0.436,0,36,8.69,RENT,major_purchase,0
743,27011.77,15312.05,3.1,0.071,2,36,10.56,RENT,debt_consolidation,0
538,117611.61,25545.28,9.0,0.535,0,36,13.07,MORTGAGE,major_purchase,0
557,56423.61,31869.96,0.3,0.391,0,36,15.45,OWN,credit_card,0
649,60698.08,9767.82,7.1,0.498,0,60,13.5,MORTGAGE,debt_consolidation,0
732,35903.62,20569.61,3.4,0.245,0,36,7.43,MORTGAGE,other,0
766,67847.88,3984.41,4.3,0.044,0,60,9.56,RENT,debt_consolidation,0
309,41307.74,31670.37,0.5,0.264,0,60,23.46,RENT,debt_consolidation,1
665,43152.5,19331.11,1.7,0.174,1,36,11.9,OWN,credit_card,0
360,64534.22,40232.36,1.1,0.262,0,60,20.96,OWN,debt_consolidation,1
458,23551.65,13055.64,1.2,0.381,0,36,17.86,RENT,debt_consolidation,0
757,100575.36,41638.46,9.7,0.532,0,36,8.79,MORTGAGE,home_improvement,0
438,53213.91,7205.75,2.2,0.142,0,36,16.76,RENT,debt_consolidation,0
739,87240.58,27706.52,7.7,0.462,0,36,9.16,RENT,other,0
555,30214.01,14543.56,15.1,0.098,0,36,14.22,MORTGAGE,major_purchase,0
428,32356.68,8998.39,1.8,0.244,0,60,20.53,MORTGAGE,major_purchase,1
484,29060.78,5133.24,3.3,0.344,1,36,16.57,RENT,home_improvement,0
592,54865.17,29848.27,13.2,0.023,0,60,13.47,RENT,credit_card,0
721,50498.18,11259.39,10.2,0.651,0,36,9.98,MORTGAGE,home_improvement,0
633,39775.83,26203.83,2.7,0.461,0,36,12.85,RENT,credit_card,0
814,31059.78,44094.42,3.8,0.24,1,36,6.12,RENT,major_purchase,0
778,27723.39,14902.32,10.3,0.324,0,60,9.24,OWN,debt_consolidation,0
715,47962.86,2537.55,5.9,0.391,1,60,9.83,OWN,debt_consolidation,0
632,39754.8,7284.2,0.5,0.157,0,36,13.22,OWN,home_improvement,0
459,36007.3,6250.17,19.8,0.054,2,36,16.29,MORTGAGE,debt_consolidation,1
527,98340.41,21384.48,2.5,0.436,0,36,15.23,OWN,other,0
365,47237.98,33764.63,1.3,0.389,1,60,21.89,OWN,debt_consolidation,1
506,86813.67,14043.55,8.9,0.156,0,36,18.4,MORTGAGE,home_improvement,0
810,38562.54,7417.08,5.5,0.194,0,36,7.97,MORTGAGE,major_purchase,0
534,54729.02,29193.74,5.8,0.268,0,36,13.85,MORTGAGE,debt_consolidation,0
362,47812.18,14251.93,5.3,0.376,0,36,17.99,RENT,home_improvement,1
659,22835.46,26307.5,0.7,0.307,0,36,12.36,RENT,other,0
830,93223.23,42086.61,1.2,0.021,0,36,8.96,OWN,other,0
777,46128.25,13819.27,11.4,0.122,1,36,7.66,MORTGAGE,debt_consolidation,0
451,68589.05,23549.63,17.3,0.298,0,36,17.38,RENT,debt_consolidation,0
550,34946.97,36499.72,0.5,0.277,0,36,15.06,OWN,debt_consolidation,0
592,45516.04,31435.6,6.0,0.179,1,60,16.53,MORTGAGE,debt_consolidation,0
436,33187.1,34065.04,4.4,0.194,0,36,18.28,MORTGAGE,debt_consolidation,0
448,85493.82,34993.05,0.5,0.022,0,60,17.95,OWN,credit_card,0
430,56394.91,24756.3,6.0,0.73,0,60,17.78,MORTGAGE,debt_consolidation,1
848,57824.86,24586.73,4.2,0.379,0,60,6.19,RENT,debt_consolidation,0
711,90326.2,32631.14,2.2,0.321,0,36,11.41,MORTGAGE,other,0
763,82483.5,31696.52,7.9,0.399,1,60,7.76,RENT,home_improvement,0
749,69175.65,30482.54,14.2,0.348,2,36,10.1,MORTGAGE,debt_consolidation,0
828,25854.05,17813.93,10.5,0.174,0,36,7.85,RENT,debt_consolidation,0
358,35844.46,37455.88,20.7,0.06,1,36,19.37,RENT,credit_card,0
785,31202.4,11392.93,1.4,0.108,1,36,8.86,MORTGAGE,credit_card,0
336,68008.65,7852.21,5.2,0.037,0,36,23.43,RENT,debt_consolidation,0
561,52933.59,16187.14,3.3,0.419,0,60,12.95,OWN,credit_card,0
627,26219.78,12168.57,3.8,0.563,0,36,12.32,RENT,credit_card,0
497,45029.14,30180.03,0.3,0.393,0,60,16.59,RENT,home_improvement,1
380,25025.47,11164.79,2.7,0.13,0,36,20.15,RENT,credit_card,0
405,47862.12,29885.55,3.4,0.409,0,36,17.82,MORTGAGE,credit_card,0
754,23273.77,23581.8,3.1,0.311,0,36,7.3,MORTGAGE,debt_consolidation,0
475,62191.42,7707.8,2.7,0.472,0,36,16.03,MORTGAGE,debt_consolidation,0
470,58109.43,12369.44,2.3,0.647,0,60,17.18,MORTGAGE,credit_card,0
808,115679.28,23955.98,2.1,0.203,0,60,6.67,MORTGAGE,credit_card,0
379,71793.05,33256.63,1.9,0.088,0,36,20.75,OWN,major_purchase,0
804,40525.58,18523.07,11.8,0.265,0,60,8.8,RENT,debt_consolidation,0
807,70836.63,11244.64,8.3,0.233,1,60,6.23,RENT,home_improvement,0
629,26135.54,13983.44,4.1,0.175,0,60,12.84,MORTGAGE,credit_card,0
391,31789.37,5185.16,2.9,0.23,0,60,19.48,OWN,debt_consolidation,0
385,56949.16,2106.58,5.5,0.368,0,60,22.59,MORTGAGE,debt_consolidation,1
456,18560.44,43817.69,7.4,0.049,2,36,16.96,RENT,credit_card,0
618,48207.87,5242.04,0.4,0.245,2,36,13.25,MORTGAGE,home_improvement,0
384,30973.32,6495.04,1.5,0.372,0,36,21.96,RENT,major_purchase,0
551,51307.29,39322.42,8.8,0.541,0,60,12.32,RENT,debt_consolidation,1
363,30182.53,30194.23,4.6,0.258,0,60,21.95,MORTGAGE,major_purchase,1
597,59332.45,20187.19,2.2,0.225,0,60,12.63,RENT,debt_consolidation,0
311,49449.01,29557.03,10.4,0.176,0,60,19.94,MORTGAGE,home_improvement,0
690,92057.13,42139.33,1.9,0.017,0,60,11.04,MORTGAGE,debt_consolidation,0
330,49169.59,5372.6,0.0,0.073,0,60,21.38,OWN,home_improvement,0
407,34686.67,11723.29,1.4,0.448,0,36,19.64,RENT,debt_consolidation,1
396,43866.29,38853.22,11.1,0.369,1,60,20.12,MORTGAGE,credit_card,0
757,26771.51,35348.13,1.8,0.11,0,36,8.59,MORTGAGE,home_improvement,0
329,58850.86,44747.3,3.7,0.287,0,36,23.28,RENT,credit_card,0
536,63922.88,14811.99,2.0,0.213,0,36,16.82,RENT,debt_consolidation,0
625,148916.08,42575.0,5.9,0.012,0,60,13.1,OWN,home_improvement,0
584,37055.56,16122.31,4.7,0.232,0,60,14.18,RENT,credit_card,0
675,43455.49,32464.1,0.8,0.398,1,36,12.53,RENT,home_improvement,0
742,37831.93,39840.69,0.5,0.34,3,36,9.21,MORTGAGE,major_purchase,0
516,53930.48,8514.41,4.4,0.569,0,36,14.26,OWN,debt_consolidation,0
756,58206.99,10048.1,0.3,0.209,0,36,8.62,OWN,home_improvement,0
475,47857.41,26562.18,11.4,0.309,0,36,16.52,OWN,credit_card,1
842,79925.21,38128.29,5.0,0.253,0,36,6.42,MORTGAGE,debt_consolidation,0
577,37136.63,4473.78,26.7,0.209,1,60,12.54,RENT,home_improvement,0
705,76403.08,38438.76,10.8,0.109,0,36,8.98,MORTGAGE,credit_card,0
782,62462.65,16097.3,5.6,0.236,0,60,9.38,MORTGAGE,major_purchase,0
736,48756.15,18873.97,4.5,0.349,0,36,9.43,MORTGAGE,debt_consolidation,0
768,42543.34,15953.89,15.5,0.534,0,60,8.07,MORTGAGE,debt_consolidation,0
595,146093.26,41105.12,4.0,0.294,0,60,12.93,OWN,credit_card,0
323,33939.88,6754.95,8.2,0.61,0,36,21.17,OWN,major_purchase,0
571,56053.95,26268.08,2.9,0.261,0,36,14.35,RENT,credit_card,0
400,34975.44,7516.76,4.8,0.359,0,36,17.14,RENT,credit_card,0
789,109483.52,41858.16,7.3,0.192,0,36,7.33,RENT,home_improvement,0
430,73062.6,36108.98,7.0,0.154,1,36,18.49,RENT,credit_card,0
425,36125.08,11288.05,6.8,0.575,0,60,18.22,MORTGAGE,home_improvement,0
437,61738.79,14102.24,2.6,0.252,0,36,15.96,MORTGAGE,major_purchase,1
654,55048.12,17786.67,4.5,0.112,0,60,11.76,MORTGAGE,other,0
614,38852.16,18838.38,4.3,0.63,1,36,12.86,MORTGAGE,debt_consolidation,1
822,68952.55,36963.09,1.4,0.257,0,36,6.02,RENT,home_improvement,0
529,58406.79,25839.47,16.1,0.221,1,60,14.26,OWN,home_improvement,0
455,54017.56,19829.77,0.6,0.058,1,60,17.77,RENT,debt_consolidation,0
327,48104.75,32655.56,3.9,0.398,0,36,21.38,RENT,other,0
303,59514.46,21146.05,8.7,0.486,2,36,22.51,OWN,major_purchase,1
505,54351.33,6642.56,0.3,0.437,0,36,18.57,MORTGAGE,debt_consolidation,0
810,50341.85,5729.52,0.9,0.336,0,36,7.89,RENT,other,0
588,36737.12,15342.09,8.8,0.226,1,36,12.79,RENT,debt_consolidation,0
792,105050.33,27526.29,3.4,0.293,0,36,9.23,MORTGAGE,debt_consolidation,0
356,30555.84,6933.02,4.2,0.206,0,36,20.11,MORTGAGE,debt_consolidation,0
351,59422.98,25205.9,5.7,0.289,0,60,20.26,OWN,debt_consolidation,1
759,42441.91,12862.82,0.5,0.361,0,36,7.6,RENT,debt_consolidation,0
358,108206.45,31598.19,8.2,0.325,0,36,21.04,OWN,other,1
328,32644.54,2243.56,1.3,0.385,1,60,20.86,RENT,major_purchase,1
522,35211.62,21637.03,6.2,0.092,0,36,16.64,RENT,home_improvement,0
809,31684.47,3299.62,7.1,0.049,0,36,7.95,MORTGAGE,credit_card,0
679,56701.69,15542.34,12.0,0.474,0,36,10.01,OWN,major_purchase,0
354,26426.62,1685.31,0.7,0.564,1,36,19.34,RENT,credit_card,0
761,39523.95,21640.35,0.8,0.336,0,36,8.94,RENT,other,0
764,18609.65,34748.7,7.8,0.25,0,60,10.05,MORTGAGE,debt_consolidation,0
741,54621.87,5409.68,4.1,0.335,2,36,10.5,MORTGAGE,debt_consolidation,0
797,39140.12,33349.8,0.6,0.397,0,36,9.42,OWN,credit_card,0
432,25093.76,26704.59,2.1,0.426,0,36,18.42,MORTGAGE,major_purchase,1
839,79899.45,23202.63,14.5,0.178,0,36,7.47,MORTGAGE,home_improvement,0
476,27215.72,27377.26,3.8,0.218,2,36,18.31,OWN,debt_consolidation,0
741,70166.39,15779.47,11.8,0.261,1,60,11.65,RENT,debt_consolidation,0
619,35758.08,32254.94,6.7,0.567,0,36,13.28,RENT,credit_card,0
729,100781.2,35305.3,8.6,0.492,1,60,9.14,MORTGAGE,credit_card,0
645,68685.8,35241.85,1.6,0.295,0,36,13.43,MORTGAGE,debt_consolidation,0
654,31144.05,12856.23,3.9,0.22,1,60,10.2,OWN,major_purchase,0
639,32445.36,29771.91,4.0,0.113,0,60,13.52,RENT,major_purchase,0
729,64375.37,7516.21,7.1,0.455,2,36,11.22,RENT,credit_card,0
707,43561.54,22798.46,3.8,0.056,1,36,11.47,RENT,debt_consolidation,0
374,45424.0,1115.69,6.2,0.635,1,36,18.81,MORTGAGE,credit_card,0
755,86899.49,9517.82,10.9,0.351,1,36,9.12,RENT,home_improvement,0
595,34999.53,28796.3,2.3,0.466,0,36,14.82,MORTGAGE,other,0
478,51076.62,39471.91,2.2,0.495,1,36,17.55,MORTGAGE,debt_consolidation,1
583,75326.14,3157.25,1.9,0.577,0,36,13.91,RENT,major_purchase,0
832,70551.83,25576.32,1.8,0.225,0,36,6.88,RENT,credit_card,0
772,45623.32,29018.1,2.3,0.26,0,36,12.06,MORTGAGE,debt_consolidation,0
759,43044.61,42025.2,0.8,0.471,0,36,7.55,MORTGAGE,major_purchase,0
555,22416.06,29826.33,1.5,0.355,0,60,13.15,RENT,credit_card,0
732,30475.85,5533.44,0.8,0.339,0,36,8.4,MORTGAGE,debt_consolidation,0
512,56571.56,7456.75,6.0,0.093,2,36,18.48,OWN,home_improvement,0
678,46071.65,28973.62,11.4,0.304,0,36,11.96,OWN,credit_card,0
652,50701.83,10487.27,4.3,0.047,0,60,11.19,OWN,credit_card,0
437,78250.0,41845.44,12.0,0.058,0,36,20.78,MORTGAGE,debt_consolidation,0
446,28730.21,41510.24,3.8,0.437,0,60,16.48,MORTGAGE,major_purchase,0
333,44078.12,42740.86,0.3,0.295,0,60,20.42,MORTGAGE,other,1
377,53365.51,13889.91,1.9,0.34,0,36,18.44,RENT,other,1
538,35707.93,32545.8,2.7,0.353,0,36,15.25,RENT,home_improvement,0
563,93355.0,30172.61,2.9,0.558,0,60,15.0,MORTGAGE,debt_consolidation,0
390,73781.56,2566.57,6.6,0.247,1,36,19.65,MORTGAGE,home_improvement,1
529,55857.55,12684.86,3.3,0.171,0,60,16.86,MORTGAGE,major_purchase,0
632,109908.59,10097.74,5.8,0.458,0,60,11.95,OWN,other,0
428,24971.67,17315.58,2.6,0.093,0,36,18.02,RENT,credit_card,0
486,48850.66,42934.36,2.2,0.367,1,36,17.04,OWN,credit_card,0
502,57806.22,38206.47,12.2,0.196,0,36,18.42,RENT,credit_card,0
578,32482.29,13910.68,15.0,0.157,0,36,14.55,RENT,credit_card,0
501,56124.15,24321.39,3.5,0.324,0,60,15.89,MORTGAGE,major_purchase,0
706,29793.27,9459.71,8.7,0.235,0,60,11.24,OWN,other,0
480,66886.39,13207.1,5.0,0.12,0,36,16.59,OWN,debt_consolidation,0
539,78907.03,3860.14,6.8,0.132,2,60,15.44,MORTGAGE,debt_consolidation,0
509,55411.92,29274.69,0.1,0.265,0,60,15.79,MORTGAGE,major_purchase,0
400,21295.29,29904.51,0.8,0.676,0,36,17.71,RENT,credit_card,1
677,31727.62,37894.07,0.4,0.19,0,36,10.33,OWN,debt_consolidation,0
429,63203.79,39348.28,0.9,0.288,0,36,20.16,OWN,debt_consolidation,1
463,49490.67,8042.61,3.2,0.314,0,60,17.7,RENT,debt_consolidation,0
736,14584.27,33693.8,7.6,0.162,1,60,9.58,RENT,debt_consolidation,0
822,85757.06,6927.14,0.3,0.459,0,60,6.93,RENT,debt_consolidation,0
669,52129.98,17443.46,1.3,0.256,0,60,10.99,OWN,other,0
804,33908.34,23683.61,1.8,0.272,0,60,7.47,MORTGAGE,credit_card,0
770,76705.6,3176.68,6.3,0.435,0,60,7.95,RENT,major_purchase,0
564,36138.24,7897.6,0.4,0.265,0,36,14.7,MORTGAGE,credit_card,0
724,35961.22,12929.11,0.1,0.608,0,36,8.47,RENT,other,0
480,57598.9,6611.86,3.4,0.332,0,36,17.66,MORTGAGE,credit_card,0
553,109258.0,42100.24,6.9,0.391,1,60,14.62,MORTGAGE,credit_card,0
595,101784.61,13686.04,1.5,0.675,0,36,11.95,MORTGAGE,home_improvement,0
829,57634.13,23051.55,3.5,0.635,0,60,6.33,RENT,credit_card,0
767,60359.5,44847.51,2.3,0.036,0,60,8.01,OWN,debt_consolidation,0
569,69994.68,25932.28,7.5,0.304,0,36,15.44,OWN,debt_consolidation,0
659,27843.57,19105.81,3.4,0.331,1,60,11.42,RENT,debt_consolidation,0
411,65504.02,41910.87,15.5,0.013,0,60,17.89,MORTGAGE,debt_consolidation,0
743,35230.48,10789.9,8.0,0.079,0,36,6.78,MORTGAGE,debt_consolidation,0
604,56574.58,8898.03,9.7,0.103,0,36,12.52,MORTGAGE,credit_card,0
593,44251.28,24556.03,0.6,0.09,0,60,14.95,RENT,debt_consolidation,0
722,61423.25,19801.28,2.7,0.309,1,60,10.34,MORTGAGE,home_improvement,0
648,51696.56,36067.39,5.1,0.267,0,36,10.89,MORTGAGE,credit_card,0
339,12297.32,2848.44,16.1,0.396,0,36,20.71,RENT,debt_consolidation,0
458,53130.23,28179.94,0.2,0.275,0,60,17.56,RENT,credit_card,0
397,65445.23,32269.88,2.2,0.171,0,60,21.12,MORTGAGE,home_improvement,0
704,59914.14,43764.34,3.3,0.365,0,60,10.31,RENT,credit_card,0
319,46809.26,7413.58,1.3,0.306,0,36,20.87,OWN,credit_card,0
411,102638.95,11834.7,1.4,0.236,2,60,19.25,MORTGAGE,credit_card,1
629,56393.99,42027.5,1.6,0.469,0,60,13.25,MORTGAGE,home_improvement,0
682,59691.98,28747.67,10.2,0.203,0,36,11.86,MORTGAGE,home_improvement,0
577,78434.67,2674.16,1.0,0.231,0,36,14.89,RENT,home_improvement,0
774,57708.91,4403.14,0.6,0.27,0,36,10.84,OWN,credit_card,0
806,32724.92,35559.38,0.1,0.251,2,36,5.88,RENT,credit_card,0
372,16362.51,25968.88,13.4,0.425,0,36,19.8,MORTGAGE,home_improvement,1
824,39549.0,25878.28,1.1,0.178,0,36,6.79,RENT,major_purchase,0
638,69038.91,39714.09,3.5,0.472,0,36,10.68,MORTGAGE,debt_consolidation,0
650,41819.02,11608.31,6.9,0.252,0,60,10.53,MORTGAGE,other,0
352,70300.22,8058.96,4.4,0.525,0,36,20.23,MORTGAGE,debt_consolidation,0
642,52413.93,28007.46,1.9,0.08,0,60,11.67,OWN,debt_consolidation,0
699,87520.62,39826.62,0.1,0.43,0,60,9.83,OWN,home_improvement,0
620,42922.54,12671.03,1.6,0.424,0,36,10.59,RENT,credit_card,0
346,60501.7,30976.95,14.2,0.216,0,60,19.37,OWN,other,1
588,61552.66,7704.68,0.2,0.083,0,36,12.99,RENT,credit_card,0
815,96347.9,8563.98,5.0,0.236,0,60,6.77,MORTGAGE,home_improvement,0
698,22743.01,40666.44,3.3,0.404,0,60,10.81,MORTGAGE,debt_consolidation,0
375,39883.43,6190.46,0.3,0.218,0,36,19.54,RENT,credit_card,0
828,71813.82,2071.2,3.4,0.124,1,60,5.87,MORTGAGE,home_improvement,0
828,98287.63,35097.38,3.0,0.272,0,60,7.1,MORTGAGE,debt_consolidation,0
393,54613.27,16950.42,1.0,0.455,0,60,19.64,MORTGAGE,credit_card,1
741,42971.1,18452.98,0.7,0.058,0,60,8.09,OWN,other,0
524,68920.11,36193.73,0.0,0.165,0,60,17.87,MORTGAGE,debt_consolidation,0
627,72469.15,8917.17,14.1,0.309,1,60,9.78,MORTGAGE,home_improvement,0
545,41695.66,29614.39,2.1,0.132,0,60,15.7,RENT,home_improvement,0
731,56876.54,14795.25,11.7,0.282,0,60,10.59,RENT,major_purchase,0
849,83386.13,5587.81,4.4,0.729,0,60,7.31,MORTGAGE,debt_consolidation,0
738,114772.43,31249.83,6.6,0.784,0,36,9.68,MORTGAGE,home_improvement,0
813,68471.46,15021.22,9.7,0.377,0,60,5.47,MORTGAGE,credit_card,0
821,50004.21,39130.58,0.7,0.269,0,60,9.22,MORTGAGE,credit_card,0
349,47842.33,41437.57,2.6,0.537,0,36,18.97,MORTGAGE,home_improvement,1
439,62996.12,38358.28,1.4,0.275,0,60,16.7,OWN,major_purchase,1
697,46534.41,15183.48,4.4,0.311,1,36,9.83,MORTGAGE,home_improvement,0
625,53387.84,11409.64,0.1,0.022,3,36,11.05,RENT,debt_consolidation,0
327,30453.48,40283.23,3.3,0.514,0,60,19.73,MORTGAGE,credit_card,1
352,87875.45,20929.67,2.1,0.163,0,36,19.45,RENT,home_improvement,1
586,29346.16,32140.55,1.4,0.529,0,60,11.37,RENT,debt_consolidation,0
639,40358.19,37395.22,3.3,0.136,1,60,12.3,OWN,debt_consolidation,0
392,51221.62,13218.21,3.3,0.206,0,60,18.82,OWN,debt_consolidation,0
394,120083.68,6240.29,2.4,0.153,0,60,18.99,MORTGAGE,debt_consolidation,0
371,40529.79,28492.41,3.7,0.121,0,36,20.29,RENT,major_purchase,0
611,36326.14,26968.46,0.6,0.261,0,60,12.82,RENT,major_purchase,0
304,38258.93,12888.8,7.2,0.513,0,36,21.12,RENT,home_improvement,0
615,103414.84,26727.1,7.7,0.053,0,60,13.4,RENT,debt_consolidation,0
562,13827.9,35775.72,11.0,0.24,0,60,14.06,RENT,home_improvement,0
556,31218.55,16400.48,4.6,0.355,0,60,13.59,MORTGAGE,home_improvement,0
674,167557.18,11661.98,1.6,0.25,2,36,10.96,RENT,debt_consolidation,0
587,63952.57,32900.05,14.4,0.263,0,60,15.19,RENT,credit_card,0
700,29801.28,35578.37,3.5,0.377,0,36,9.69,OWN,credit_card,0
720,48104.78,42988.74,2.8,0.147,0,60,10.58,MORTGAGE,home_improvement,0
806,50531.62,7493.78,1.1,0.073,0,60,6.11,MORTGAGE,home_improvement,0
740,71736.6,40127.62,4.2,0.474,0,36,9.24,MORTGAGE,debt_consolidation,0
585,112170.57,34664.35,14.4,0.418,0,60,14.05,OWN,debt_consolidation,0
571,58386.98,31883.6,3.4,0.055,0,36,13.08,MORTGAGE,major_purchase,0
429,38449.28,14774.36,12.3,0.113,3,60,17.83,RENT,credit_card,1
630,69855.77,1976.49,8.9,0.255,0,36,11.27,MORTGAGE,major_purchase,0
376,35802.98,23332.22,16.8,0.282,0,60,18.77,RENT,debt_consolidation,0
813,30791.63,13573.85,8.5,0.069,1,36,7.07,OWN,other,0
765,22204.29,13752.12,2.0,0.503,1,36,10.41,MORTGAGE,credit_card,0
365,24238.37,41794.1,9.1,0.1,3,36,20.61,MORTGAGE,credit_card,1
733,32748.08,7730.63,1.1,0.064,0,36,9.45,MORTGAGE,debt_consolidation,0
364,28853.73,42106.22,0.3,0.164,0,60,21.85,RENT,major_purchase,1
697,56441.3,23167.5,3.9,0.221,0,60,8.89,OWN,home_improvement,0
348,28574.48,37884.29,6.5,0.417,1,36,22.23,MORTGAGE,major_purchase,1
568,11912.58,13477.85,12.6,0.425,0,60,13.77,MORTGAGE,credit_card,0
662,30645.46,28892.51,0.3,0.461,2,36,11.83,MORTGAGE,major_purchase,0
701,39642.74,25489.89,2.7,0.267,1,60,11.17,MORTGAGE,credit_card,0
530,37329.82,41663.31,5.1,0.286,0,60,15.91,RENT,debt_consolidation,0
807,97128.11,8889.13,1.6,0.293,0,60,6.84,RENT,other,0
726,37194.12,10001.08,7.3,0.241,0,36,10.63,MORTGAGE,debt_consolidation,0
414,72868.78,42754.43,0.8,0.149,0,60,18.22,RENT,debt_consolidation,0
669,48603.84,5310.44,10.8,0.028,0,36,10.8,RENT,credit_card,0
702,48096.41,28926.03,8.2,0.551,0,36,10.28,MORTGAGE,major_purchase,0
483,33660.45,3664.82,2.1,0.123,0,36,17.31,RENT,debt_consolidation,0
706,47741.09,4387.6,3.4,0.297,0,36,9.02,MORTGAGE,major_purchase,0
794,34742.07,27274.54,0.8,0.261,1,60,6.6,RENT,other,0
750,52918.64,25260.19,12.3,0.264,0,60,6.87,RENT,credit_card,0
720,44076.75,26213.15,3.2,0.195,0,36,9.48,MORTGAGE,other,0
649,32045.67,21840.69,2.3,0.322,0,60,13.15,RENT,debt_consolidation,0
449,76600.01,33663.81,9.8,0.544,0,60,21.56,RENT,credit_card,1
738,59401.71,44656.3,2.6,0.351,0,36,9.59,RENT,major_purchase,0
500,40069.54,13134.37,0.4,0.384,0,60,18.19,RENT,credit_card,0
593,52337.68,15231.35,4.8,0.079,0,60,13.55,RENT,major_purchase,0
473,47206.17,15214.18,1.4,0.595,2,36,17.13,MORTGAGE,home_improvement,0
472,33176.07,34583.83,4.7,0.336,0,60,16.88,MORTGAGE,debt_consolidation,0
386,50600.83,16312.68,3.4,0.427,0,36,19.48,RENT,other,0
829,37069.31,30776.43,0.4,0.241,0,36,6.6,MORTGAGE,credit_card,0
381,32041.26,20619.05,10.5,0.796,3,36,19.29,MORTGAGE,debt_consolidation,1
347,23617.77,27743.41,4.4,0.354,0,36,22.8,MORTGAGE,debt_consolidation,0
815,41715.44,37476.68,7.0,0.152,0,36,7.72,OWN,major_purchase,0
605,63268.12,23618.58,22.4,0.099,0,36,12.31,RENT,home_improvement,0
541,35860.92,21907.62,3.9,0.044,0,36,15.79,MORTGAGE,home_improvement,0
706,152408.38,12746.88,0.6,0.392,0,60,11.42,MORTGAGE,debt_consolidation,0
511,73025.1,23699.8,11.4,0.207,0,36,14.42,MORTGAGE,major_purchase,0
370,88163.52,12546.14,11.9,0.437,0,60,21.25,MORTGAGE,home_improvement,1
702,70112.71,38117.09,1.3,0.498,0,60,11.43,MORTGAGE,debt_consolidation,0
396,112847.12,18110.02,2.5,0.214,0,36,19.69,OWN,credit_card,0
604,34401.28,6680.74,1.7,0.08,1,36,15.09,RENT,debt_consolidation,1
822,15485.64,11558.57,1.3,0.606,0,60,8.06,MORTGAGE,home_improvement,0
815,40104.49,24521.58,10.3,0.226,0,36,6.57,RENT,credit_card,0
498,63019.43,41316.65,1.0,0.463,0,60,16.46,RENT,home_improvement,1
729,52479.75,14224.71,3.9,0.171,0,36,11.27,MORTGAGE,other,0
637,55490.25,12632.99,1.7,0.09,0,36,11.69,MORTGAGE,credit_card,1
564,88823.76,18888.63,3.3,0.339,0,60,13.9,OWN,major_purchase,0
377,58216.61,43581.2,15.9,0.27,2,36,20.16,MORTGAGE,credit_card,1
507,70228.59,38189.67,4.8,0.335,1,36,15.78,MORTGAGE,debt_consolidation,0
659,32118.8,7585.39,2.9,0.145,0,36,14.59,RENT,debt_consolidation,0
843,29943.66,28005.14,1.7,0.168,0,36,7.91,RENT,home_improvement,0
302,101351.63,35842.02,5.8,0.62,1,60,24.64,MORTGAGE,home_improvement,1
695,51297.93,34792.46,6.1,0.586,0,60,12.05,RENT,debt_consolidation,1
766,37032.34,22509.2,6.9,0.249,0,60,8.77,OWN,other,0
824,37062.93,33200.58,2.1,0.064,2,60,4.44,OWN,credit_card,0
533,36603.33,26677.81,1.4,0.167,0,60,15.71,RENT,home_improvement,1
365,35630.9,9863.58,1.7,0.239,0,36,18.83,RENT,major_purchase,0
449,27517.67,3466.36,4.5,0.461,0,36,15.85,MORTGAGE,credit_card,1
768,24954.53,17257.99,6.0,0.237,0,60,9.86,RENT,major_purchase,0
783,44902.47,3725.32,5.7,0.304,0,60,6.68,RENT,major_purchase,0
651,37540.79,18380.59,3.7,0.195,0,60,10.98,RENT,credit_card,0
367,80678.04,37470.68,17.0,0.139,0,36,19.52,MORTGAGE,credit_card,1
367,55931.58,38148.94,2.2,0.494,0,36,20.27,RENT,home_improvement,1
563,55237.26,2499.25,13.0,0.799,0,36,14.32,OWN,major_purchase,0
624,35087.35,4059.56,2.8,0.571,0,36,13.52,MORTGAGE,other,0
317,46422.39,30474.15,3.6,0.27,0,36,22.24,MORTGAGE,debt_consolidation,0
678,57667.58,22999.94,32.8,0.374,3,36,9.16,RENT,home_improvement,0
600,67662.55,7571.77,5.0,0.073,0,36,15.16,RENT,other,0
306,46992.75,36443.3,11.2,0.209,0,36,20.49,RENT,debt_consolidation,0
352,79666.6,10525.83,8.1,0.157,0,60,19.31,OWN,credit_card,0
550,49197.36,4438.57,4.0,0.346,0,60,16.87,MORTGAGE,home_improvement,0
698,70037.16,33978.31,3.0,0.2,2,36,10.36,RENT,credit_card,0
754,39323.06,27757.54,5.8,0.268,0,60,10.18,RENT,debt_consolidation,0
537,21684.11,18355.48,5.7,0.265,0,60,15.99,MORTGAGE,debt_consolidation,0
462,55312.91,31479.95,9.8,0.06,0,36,17.85,RENT,credit_card,0
833,67941.06,41100.75,6.8,0.235,0,60,5.66,OWN,other,0
552,63507.06,2504.03,3.3,0.11,0,36,14.44,MORTGAGE,debt_consolidation,0
473,59277.44,28617.9,6.8,0.239,0,36,18.99,RENT,credit_card,0
543,41903.97,10599.36,2.7,0.424,0,36,14.11,RENT,debt_consolidation,0
306,34096.98,21862.06,0.8,0.198,1,60,21.91,RENT,major_purchase,1
466,62835.64,19655.17,5.4,0.32,3,36,17.8,MORTGAGE,major_purchase,0
584,59391.2,18159.11,0.9,0.185,0,36,13.27,MORTGAGE,home_improvement,0
806,38085.75,9375.67,0.5,0.064,0,60,6.45,MORTGAGE,home_improvement,0
706,80760.31,36316.6,4.6,0.242,0,60,9.98,MORTGAGE,major_purchase,0
730,32948.81,17698.91,5.4,0.137,0,60,9.25,MORTGAGE,home_improvement,0
600,37699.97,40036.64,1.0,0.123,0,36,11.47,MORTGAGE,home_improvement,0
360,102374.34,16605.4,5.4,0.096,1,60,20.59,MORTGAGE,home_improvement,0
515,72465.21,37947.39,5.8,0.331,0,36,17.34,OWN,debt_consolidation,0
849,41726.67,24956.52,2.3,0.553,0,60,4.0,RENT,debt_consolidation,0
324,55788.4,17967.51,8.1,0.617,0,36,21.52,RENT,home_improvement,1
784,52557.15,31977.42,0.4,0.153,0,60,4.32,MORTGAGE,major_purchase,0
677,14249.45,35612.8,5.6,0.124,0,36,12.81,RENT,debt_consolidation,1
456,32600.62,22238.39,0.4,0.385,3,36,16.75,RENT,debt_consolidation,1
728,47911.89,19718.5,0.7,0.333,0,60,9.56,MORTGAGE,credit_card,0
761,41752.93,26406.43,1.5,0.295,0,60,7.38,MORTGAGE,other,0
323,54786.34,26747.19,9.1,0.422,0,36,23.7,RENT,credit_card,0
358,81492.56,19721.09,0.5,0.473,0,60,22.81,MORTGAGE,debt_consolidation,0
666,42417.19,34337.17,5.9,0.234,0,36,10.02,RENT,major_purchase,0
850,30456.52,18587.74,4.1,0.257,0,36,4.53,RENT,credit_card,0
313,56737.08,20931.93,0.2,0.178,0,36,22.63,OWN,major_purchase,0
666,42320.19,27634.0,1.5,0.139,0,60,12.39,RENT,debt_consolidation,0
375,45696.25,44421.35,8.7,0.575,0,36,19.35,RENT,other,0
658,42989.1,12470.19,2.2,0.322,0,36,10.32,RENT,other,0
643,134433.78,11205.92,8.1,0.215,3,36,13.82,OWN,debt_consolidation,0
349,17884.38,8783.04,1.1,0.295,0,36,20.25,RENT,debt_consolidation,0
675,41161.13,31335.55,6.2,0.341,0,36,10.7,RENT,credit_card,0
794,48939.49,20760.16,1.6,0.203,0,36,7.77,RENT,debt_consolidation,0
775,34492.11,18098.68,1.0,0.147,0,36,6.4,RENT,major_purchase,0
315,73491.25,9979.98,2.5,0.062,0,60,20.8,RENT,debt_consolidation,1
435,70683.39,40210.09,4.4,0.185,0,36,16.86,RENT,debt_consolidation,0
432,47978.6,20499.61,0.4,0.136,2,36,15.77,MORTGAGE,home_improvement,0
549,43399.22,27738.51,1.8,0.361,0,36,13.72,OWN,major_purchase,0
378,46612.29,5951.3,1.7,0.266,2,36,19.65,RENT,debt_consolidation,1
770,46762.93,5750.78,1.3,0.622,0,60,7.36,MORTGAGE,debt_consolidation,0
727,47322.07,3963.6,2.7,0.461,0,60,9.39,OWN,home_improvement,0
745,45044.24,17163.23,0.3,0.171,0,36,7.76,MORTGAGE,debt_consolidation,0
409,54918.32,21807.01,10.8,0.414,0,36,19.55,OWN,home_improvement,0
308,68799.06,11761.44,5.8,0.459,0,36,22.93,MORTGAGE,home_improvement,1
801,28180.43,16385.81,0.3,0.29,0,60,8.2,RENT,credit_card,0
459,30552.48,1275.44,0.8,0.337,2,36,17.55,RENT,major_purchase,1
661,22318.4,16447.89,1.6,0.188,0,36,12.46,RENT,debt_consolidation,0
801,72394.01,6243.54,2.1,0.143,0,60,6.67,MORTGAGE,debt_consolidation,0
319,54865.8,6648.92,24.6,0.093,1,60,20.48,RENT,debt_consolidation,0
303,61535.55,1198.27,5.7,0.128,0,36,21.81,MORTGAGE,other,0
302,25763.8,31640.74,0.7,0.107,0,36,21.27,MORTGAGE,debt_consolidation,0
386,109450.39,41976.49,2.2,0.12,1,36,21.13,RENT,credit_card,0
328,37272.72,28348.0,2.3,0.137,0,36,23.6,OWN,debt_consolidation,0
751,52875.35,5232.89,7.9,0.131,0,36,12.03,MORTGAGE,home_improvement,0
633,72003.72,44544.58,2.4,0.028,0,60,13.42,MORTGAGE,debt_consolidation,0
840,31440.72,43925.75,3.4,0.178,0,36,6.72,RENT,credit_card,0
741,38336.36,21602.32,10.5,0.137,0,36,6.81,RENT,debt_consolidation,0
830,53136.92,5746.25,1.7,0.155,0,60,6.08,MORTGAGE,major_purchase,0
431,177346.88,32712.53,9.1,0.477,2,60,17.3,MORTGAGE,other,0
458,56134.51,43304.6,2.8,0.195,0,60,16.6,MORTGAGE,credit_card,0
768,100998.66,35262.78,1.5,0.365,3,36,10.01,MORTGAGE,debt_consolidation,0
434,84335.06,28464.93,3.0,0.097,1,60,19.84,RENT,debt_consolidation,0
331,57849.76,27876.6,4.5,0.313,0,36,20.59,MORTGAGE,debt_consolidation,1
668,31409.38,44028.4,4.3,0.519,0,36,10.56,MORTGAGE,major_purchase,0
741,78975.2,4217.25,3.3,0.065,0,60,8.91,RENT,other,0
833,24980.49,7580.46,0.8,0.417,2,36,4.3,MORTGAGE,debt_consolidation,0
811,100749.63,37555.7,12.1,0.224,0,60,8.68,RENT,major_purchase,0
366,53637.43,7384.98,1.9,0.43,0,60,21.07,MORTGAGE,major_purchase,1
725,14874.44,17865.05,4.9,0.384,0,60,8.15,OWN,major_purchase,0
766,42056.63,13385.97,4.2,0.47,0,36,6.98,OWN,debt_consolidation,0
684,65793.51,11711.57,1.9,0.442,0,36,12.82,RENT,major_purchase,0
751,44061.39,2131.77,11.1,0.208,0,60,9.9,MORTGAGE,credit_card,0
761,67626.33,25915.06,0.5,0.263,0,36,10.82,MORTGAGE,major_purchase,0
546,33439.37,18654.54,2.8,0.071,0,36,13.94,MORTGAGE,debt_consolidation,0
322,27236.35,25269.97,10.8,0.267,0,36,23.55,RENT,other,0
551,47469.83,14398.36,0.2,0.513,0,36,13.6,MORTGAGE,debt_consolidation,0
411,49722.09,42424.28,10.4,0.529,0,36,19.0,MORTGAGE,debt_consolidation,0
362,41907.79,27019.28,2.5,0.268,0,36,18.16,MORTGAGE,debt_consolidation,0
368,85159.48,43293.11,3.2,0.67,0,60,19.46,MORTGAGE,debt_consolidation,1
684,33436.61,16400.26,3.7,0.379,0,36,11.11,MORTGAGE,credit_card,0
577,56439.5,1100.74,0.3,0.126,0,60,13.5,RENT,major_purchase,0
597,50543.34,35375.68,2.1,0.131,0,60,14.18,MORTGAGE,debt_consolidation,0
710,24330.3,37404.67,1.1,0.531,0,60,9.16,OWN,debt_consolidation,0
602,27076.9,3582.95,11.3,0.057,2,36,13.28,RENT,credit_card,0
647,49284.26,28516.25,5.4,0.431,1,60,11.57,OWN,major_purchase,0
347,119555.98,30084.79,1.9,0.339,1,36,20.28,RENT,home_improvement,1
768,63619.25,7412.29,2.0,0.144,0,60,9.41,OWN,major_purchase,0
547,22549.41,25311.08,0.5,0.817,0,60,14.04,OWN,major_purchase,0
385,12091.77,11700.75,0.8,0.235,2,60,19.36,OWN,debt_consolidation,1
748,68177.79,1723.87,8.9,0.208,0,36,8.44,RENT,debt_consolidation,0
704,46943.68,39144.09,0.1,0.245,0,36,12.22,OWN,major_purchase,0
329,81925.84,22634.59,2.0,0.354,0,60,21.15,RENT,home_improvement,0
406,32980.67,35394.76,10.7,0.601,0,36,18.92,RENT,other,1
308,57388.29,32807.29,8.7,0.103,0,36,21.47,RENT,other,0
449,71738.16,44723.03,3.2,0.286,0,36,18.21,MORTGAGE,debt_consolidation,0
355,40080.35,20269.95,13.5,0.325,2,36,19.92,RENT,credit_card,0
691,40467.78,19812.23,12.4,0.117,0,60,10.09,RENT,major_purchase,0
587,49581.26,13397.24,10.2,0.315,2,36,13.12,MORTGAGE,home_improvement,0
840,62580.21,28506.48,3.1,0.204,0,60,6.38,MORTGAGE,debt_consolidation,0
712,48705.62,22388.95,0.1,0.113,0,60,11.33,RENT,home_improvement,0
636,75985.54,33065.49,9.2,0.518,2,60,11.85,RENT,credit_card,0
580,39820.18,16686.51,0.9,0.469,2,36,12.29,RENT,credit_card,1
330,26963.04,6757.17,1.2,0.273,0,60,19.35,MORTGAGE,major_purchase,1
338,119328.91,38947.16,5.0,0.166,0,60,24.38,MORTGAGE,debt_consolidation,0
639,37343.53,37434.07,4.4,0.26,0,60,11.16,RENT,credit_card,0
302,37956.69,16444.01,11.5,0.047,0,60,24.23,MORTGAGE,debt_consolidation,0
323,47590.5,31375.48,2.0,0.527,0,36,21.05,RENT,credit_card,1
420,50525.4,22665.73,15.9,0.111,0,36,17.36,RENT,debt_consolidation,0
787,41191.71,34482.77,0.9,0.22,0,60,7.74,RENT,debt_consolidation,0
552,48637.73,18165.82,2.4,0.319,0,36,15.42,MORTGAGE,major_purchase,0
690,48151.47,24568.13,1.1,0.647,1,60,10.39,OWN,debt_consolidation,0
526,53032.95,3543.91,10.6,0.395,0,60,14.7,RENT,debt_consolidation,0
395,16968.78,8696.04,3.4,0.377,1,36,17.37,MORTGAGE,major_purchase,1
504,114278.57,35397.69,2.4,0.522,1,60,15.31,MORTGAGE,major_purchase,0
350,45877.05,17788.88,11.9,0.247,0,60,21.03,MORTGAGE,home_improvement,0
724,63657.99,2544.64,1.0,0.332,1,60,7.81,RENT,credit_card,0
401,26366.63,8376.0,1.1,0.255,2,60,18.54,RENT,home_improvement,0
507,39658.08,19110.31,2.2,0.672,0,36,16.3,RENT,home_improvement,0
839,36223.3,32588.18,5.4,0.407,0,36,7.75,OWN,credit_card,0
626,94975.64,16993.34,0.1,0.14,0,60,11.18,OWN,credit_card,0
552,37661.13,33788.17,0.9,0.625,0,36,17.12,RENT,debt_consolidation,0
599,68949.94,38754.67,8.3,0.155,2,36,13.85,MORTGAGE,major_purchase,0
732,36581.97,16010.01,4.3,0.098,0,60,8.03,RENT,credit_card,0
440,39987.47,36216.53,1.1,0.517,0,36,18.1,RENT,major_purchase,0
650,43892.66,6582.75,6.3,0.411,2,60,10.95,RENT,credit_card,0
780,87354.54,19272.48,0.6,0.361,1,36,6.16,RENT,home_improvement,0
615,20943.14,5292.75,5.8,0.329,0,36,12.64,MORTGAGE,other,0
546,27117.96,3311.23,2.2,0.427,0,60,14.68,RENT,debt_consolidation,0
379,20408.62,3839.2,12.3,0.402,0,36,20.04,MORTGAGE,debt_consolidation,1
436,30050.18,5609.09,1.4,0.195,0,60,16.91,OWN,debt_consolidation,0
821,34022.59,37771.94,2.3,0.539,2,60,5.79,OWN,major_purchase,1
598,23706.0,24921.79,2.5,0.521,0,36,14.46,RENT,debt_consolidation,0
466,35229.3,42685.08,0.6,0.189,2,60,18.08,RENT,major_purchase,1
530,19798.84,24672.01,1.1,0.471,0,36,13.82,OWN,debt_consolidation,0
618,31005.04,28663.3,2.6,0.282,0,36,10.74,OWN,other,0
596,84135.95,9117.29,1.2,0.443,0,36,12.04,MORTGAGE,debt_consolidation,0
685,58783.39,24785.56,2.0,0.06,0,36,12.14,RENT,debt_consolidation,0
441,53335.66,17953.31,12.7,0.52,1,60,14.43,RENT,other,0
657,31217.98,41983.16,3.4,0.132,0,60,10.91,RENT,other,0
543,24557.23,42092.53,2.4,0.2,1,60,16.04,RENT,credit_card,0
818,29359.74,9733.94,2.7,0.302,0,60,7.16,RENT,home_improvement,0
387,48076.83,28285.76,0.2,0.254,3,36,19.29,MORTGAGE,debt_consolidation,1
381,72452.0,29079.74,5.3,0.376,1,60,20.75,MORTGAGE,other,1
554,73575.35,25751.54,1.1,0.166,1,36,14.34,MORTGAGE,major_purchase,1
580,65106.23,6470.51,20.1,0.324,0,60,13.2,OWN,major_purchase,0
680,35175.3,29776.67,0.1,0.287,0,36,11.85,MORTGAGE,major_purchase,0
522,49565.36,36159.75,7.7,0.467,0,36,17.84,RENT,credit_card,0
803,42420.88,16189.95,12.9,0.056,0,36,4.63,MORTGAGE,debt_consolidation,0
561,44777.66,23640.27,0.3,0.285,0,36,13.47,RENT,other,1
371,122603.1,6118.43,14.0,0.288,0,36,19.57,RENT,credit_card,0
365,22183.41,41950.3,1.1,0.162,0,36,19.43,RENT,other,1
836,44107.96,5819.67,1.8,0.11,0,36,6.48,OWN,debt_consolidation,0
373,84565.95,10168.59,10.2,0.305,1,36,19.85,RENT,credit_card,1
822,25345.31,14133.05,1.4,0.144,0,36,5.35,RENT,credit_card,0
453,36691.99,37334.77,10.3,0.237,0,36,18.24,MORTGAGE,debt_consolidation,0
351,38635.73,31828.86,0.9,0.301,0,36,20.37,OWN,debt_consolidation,1
467,44334.55,1308.64,5.5,0.054,1,60,18.64,MORTGAGE,major_purchase,0
638,23904.43,9076.71,3.7,0.751,0,36,13.45,RENT,debt_consolidation,0
535,64079.43,34006.65,11.7,0.357,0,36,14.91,OWN,home_improvement,0
732,66159.86,18768.72,3.9,0.196,0,60,10.07,RENT,credit_card,0
636,61621.67,2153.4,9.1,0.284,0,36,9.47,RENT,debt_consolidation,0
520,33134.55,43412.34,1.0,0.128,0,36,13.05,RENT,debt_consolidation,0
649,50966.81,7654.25,1.1,0.055,0,36,13.16,RENT,debt_consolidation,0
835,32703.97,23460.53,4.0,0.164,0,36,6.27,MORTGAGE,debt_consolidation,0
526,42206.58,11925.91,31.1,0.154,1,36,16.95,MORTGAGE,debt_consolidation,0
384,129192.73,33448.65,2.0,0.167,1,60,20.87,MORTGAGE,debt_consolidation,0
525,51177.89,35175.95,5.6,0.482,0,36,13.61,MORTGAGE,major_purchase,0
762,28727.58,18477.7,0.3,0.409,0,36,9.34,MORTGAGE,debt_consolidation,0
419,53164.75,29971.78,0.0,0.149,0,60,17.6,OWN,major_purchase,1
822,26680.6,40999.24,14.2,0.035,0,36,6.45,RENT,debt_consolidation,0
624,28579.51,36851.6,0.7,0.413,0,60,11.04,MORTGAGE,major_purchase,0
631,30683.94,19255.5,11.9,0.274,0,36,13.56,OWN,debt_consolidation,0
474,40137.28,20424.95,7.3,0.495,0,60,17.52,RENT,home_improvement,0
807,74729.94,40022.64,2.6,0.495,0,60,6.53,RENT,home_improvement,0
319,63594.3,2512.4,12.9,0.212,0,60,20.51,RENT,debt_consolidation,1
464,62028.42,2003.71,9.3,0.171,0,36,18.16,MORTGAGE,debt_consolidation,0
530,29896.12,10055.0,0.2,0.192,0,36,14.36,RENT,major_purchase,0
562,38422.89,37415.35,2.3,0.362,0,36,13.65,RENT,debt_consolidation,0
561,55403.64,7741.38,1.9,0.232,0,60,13.53,RENT,debt_consolidation,0
381,36947.6,13552.29,1.0,0.146,0,36,18.75,RENT,home_improvement,0
424,43249.25,28679.02,0.3,0.157,0,36,19.21,OWN,debt_consolidation,0
352,59791.06,9106.68,7.1,0.111,0,36,20.76,MORTGAGE,home_improvement,0
615,41900.47,14337.12,9.5,0.571,0,36,12.16,OWN,credit_card,0
493,54270.0,21544.16,1.0,0.611,0,60,15.12,RENT,credit_card,0
611,100380.96,11036.81,2.6,0.177,0,36,12.93,MORTGAGE,debt_consolidation,0
624,45372.59,44666.2,13.5,0.448,0,60,12.25,MORTGAGE,debt_consolidation,0
686,83341.51,8191.62,4.5,0.12,0,36,11.7,RENT,debt_consolidation,0
601,63052.09,38397.23,0.8,0.231,2,60,12.37,RENT,home_improvement,1
657,25329.91,21684.39,5.4,0.376,0,36,12.13,RENT,credit_card,0
623,29852.93,6681.44,0.6,0.42,2,36,12.3,RENT,other,0
659,33687.49,6213.39,5.0,0.335,0,60,11.9,MORTGAGE,debt_consolidation,0
639,33367.05,23013.03,1.3,0.129,0,36,14.09,MORTGAGE,credit_card,0
474,47068.99,16554.89,0.5,0.531,0,36,16.62,RENT,debt_consolidation,0
435,64640.07,11322.5,3.3,0.099,0,60,20.68,RENT,credit_card,0
733,86234.13,43193.32,4.4,0.318,0,36,9.15,RENT,debt_consolidation,0
488,56312.89,21388.71,0.5,0.735,2,60,15.28,MORTGAGE,debt_consolidation,1
602,40112.54,41867.68,3.4,0.18,1,36,15.09,RENT,home_improvement,0
408,19206.26,8215.99,2.7,0.391,3,36,21.04,OWN,major_purchase,1
537,50602.96,9072.51,2.1,0.329,0,60,13.98,OWN,credit_card,0
591,49592.58,27225.22,8.3,0.36,0,36,12.59,OWN,debt_consolidation,0
644,53226.83,12874.53,3.3,0.31,0,60,12.97,MORTGAGE,credit_card,0
590,126476.04,9137.27,2.2,0.377,0,60,14.25,MORTGAGE,credit_card,0
498,85670.9,5166.16,0.5,0.266,0,36,15.27,MORTGAGE,credit_card,0
829,69792.19,4355.91,0.2,0.326,0,60,5.54,RENT,major_purchase,0
582,31795.03,34139.41,6.5,0.407,0,36,14.14,MORTGAGE,other,0
745,38915.67,13415.18,2.0,0.586,1,60,8.89,MORTGAGE,debt_consolidation,0
705,46972.61,44050.44,8.3,0.38,0,36,10.91,MORTGAGE,other,0
607,34581.25,9057.33,0.1,0.188,0,36,13.76,RENT,credit_card,0
788,61402.7,16595.65,13.9,0.254,0,36,8.9,RENT,credit_card,0
370,57561.49,17495.98,2.9,0.329,0,60,17.51,MORTGAGE,debt_consolidation,1
807,30039.29,23006.72,2.4,0.202,0,36,9.49,RENT,home_improvement,0
768,83999.62,39307.98,5.2,0.096,0,36,9.01,RENT,home_improvement,0
577,51330.46,37729.89,3.0,0.224,0,36,13.42,MORTGAGE,major_purchase,0
704,22514.57,1438.08,40.0,0.224,0,36,10.12,OWN,debt_consolidation,0
586,47901.19,19007.22,3.4,0.125,1,36,14.46,OWN,credit_card,0
448,55633.62,37429.22,6.8,0.177,0,36,17.98,OWN,home_improvement,0
740,75944.38,1008.7,2.1,0.025,0,36,9.5,RENT,major_purchase,0
435,42114.0,24480.14,6.5,0.186,0,36,17.96,MORTGAGE,major_purchase,0
473,71151.89,12416.93,6.2,0.299,0,36,18.97,RENT,home_improvement,0
586,53327.85,19161.82,7.1,0.199,0,60,14.09,MORTGAGE,debt_consolidation,0
761,27125.39,19493.41,3.6,0.211,0,36,9.95,MORTGAGE,credit_card,0
511,25930.49,18237.2,1.8,0.702,0,36,18.48,OWN,credit_card,0
572,81239.1,40245.81,0.5,0.355,0,60,15.24,OWN,other,0
322,83968.15,24604.4,12.9,0.29,0,60,21.72,MORTGAGE,credit_card,1
363,56687.51,40764.86,2.1,0.31,0,36,17.96,RENT,debt_consolidation,0
330,96092.64,32976.67,1.1,0.248,0,60,20.64,RENT,home_improvement,1
339,78863.55,16449.28,0.7,0.221,0,36,23.41,MORTGAGE,credit_card,0
778,66678.17,22716.8,2.1,0.206,0,36,8.49,RENT,credit_card,0
763,32529.73,18153.78,0.6,0.115,0,60,6.93,RENT,home_improvement,0
752,106845.91,37457.27,0.8,0.482,0,36,8.6,RENT,other,0
330,62400.94,9254.3,5.0,0.152,0,60,19.71,RENT,major_purchase,1
342,41207.38,42202.14,1.4,0.362,1,60,20.23,OWN,debt_consolidation,1
454,36289.31,26538.68,20.7,0.03,1,36,17.04,RENT,debt_consolidation,0
611,55025.54,27917.35,4.9,0.202,2,36,12.25,MORTGAGE,other,0
484,23110.06,23739.26,5.5,0.342,2,60,16.74,MORTGAGE,debt_consolidation,1
568,67161.33,25397.84,1.8,0.4,0,60,11.75,MORTGAGE,debt_consolidation,0
395,31916.97,30377.72,1.2,0.086,0,60,20.03,OWN,major_purchase,0
702,57917.43,29821.55,4.7,0.216,0,36,12.03,OWN,credit_card,0
472,38764.91,10422.47,9.8,0.434,1,36,14.79,RENT,debt_consolidation,0
336,43521.55,26627.37,7.0,0.114,0,36,22.23,RENT,credit_card,1
709,34870.29,16603.56,2.6,0.122,0,36,10.89,RENT,credit_card,0
797,45590.14,29029.33,2.9,0.158,1,60,7.98,OWN,credit_card,0
308,114716.69,25104.72,0.5,0.373,3,36,21.83,RENT,credit_card,1
540,91425.24,8905.92,6.7,0.304,0,60,15.29,MORTGAGE,other,0
755,57498.58,33328.29,3.6,0.343,0,36,9.8,MORTGAGE,debt_consolidation,0
689,48465.99,21108.59,9.6,0.122,0,60,10.95,OWN,debt_consolidation,0
771,71674.52,25263.43,1.4,0.074,1,36,11.53,MORTGAGE,major_purchase,0
528,81510.46,30596.29,5.2,0.579,0,36,14.61,MORTGAGE,debt_consolidation,0
505,33744.8,29726.36,14.9,0.159,0,36,18.01,MORTGAGE,other,0
690,47341.97,33952.87,0.1,0.061,1,60,10.5,RENT,debt_consolidation,0
384,21592.88,10097.08,3.2,0.192,0,60,19.08,RENT,home_improvement,1
431,81258.93,5857.21,0.7,0.393,1,36,19.4,MORTGAGE,debt_consolidation,0
631,124151.88,30443.9,7.8,0.392,1,60,12.0,MORTGAGE,debt_consolidation,0
668,50819.59,11383.34,1.0,0.526,2,36,13.38,OWN,credit_card,0
365,18840.15,6042.61,6.1,0.12,1,36,19.21,RENT,other,1
580,64472.93,6774.45,6.1,0.411,1,60,15.38,RENT,credit_card,0
501,32635.63,14763.21,8.0,0.069,0,36,16.88,MORTGAGE,other,0
576,36369.75,44638.63,3.7,0.065,0,36,13.77,RENT,debt_consolidation,0
828,64988.09,7919.45,0.1,0.328,0,36,5.46,MORTGAGE,debt_consolidation,0
342,54970.36,14135.61,0.1,0.277,0,60,19.59,RENT,major_purchase,1
848,39353.93,41512.3,10.7,0.497,0,60,5.04,MORTGAGE,home_improvement,0
547,36595.39,43385.55,11.5,0.113,0,60,16.14,RENT,debt_consolidation,0
725,51876.76,11069.11,9.7,0.594,0,60,9.69,RENT,debt_consolidation,0
533,40771.58,39739.92,4.4,0.396,0,60,16.17,MORTGAGE,major_purchase,0
471,29757.7,7112.39,8.5,0.356,0,36,17.21,MORTGAGE,debt_consolidation,0
724,42207.22,34507.6,1.0,0.089,0,60,8.35,OWN,credit_card,0
678,57114.69,1572.36,1.3,0.411,1,36,11.43,MORTGAGE,major_purchase,0
379,45245.27,18891.26,2.1,0.533,1,36,20.44,MORTGAGE,credit_card,0
688,25949.85,11882.75,6.7,0.223,0,60,8.61,MORTGAGE,other,0
714,76502.53,31976.35,3.6,0.583,1,36,9.24,MORTGAGE,debt_consolidation,0
513,14293.14,1706.47,7.5,0.081,0,60,14.83,OWN,credit_card,0
810,40100.16,21455.68,2.4,0.111,0,60,5.66,RENT,debt_consolidation,0
653,37082.88,31656.08,7.4,0.133,1,60,11.9,MORTGAGE,credit_card,0
483,52400.98,3055.01,6.0,0.074,0,36,17.01,RENT,major_purchase,0
305,63117.15,40485.61,11.1,0.54,2,36,23.43,RENT,major_purchase,1
671,81392.97,16892.69,2.3,0.081,0,60,12.18,MORTGAGE,debt_consolidation,0
415,35575.69,8271.7,5.6,0.145,3,60,18.29,MORTGAGE,debt_consolidation,1
716,63828.95,10920.44,11.5,0.102,0,36,9.53,MORTGAGE,credit_card,0
589,53536.46,15911.86,9.3,0.505,0,36,15.72,RENT,debt_consolidation,0
557,22692.9,9728.5,0.4,0.381,0,60,15.13,RENT,debt_consolidation,1
390,115294.28,23465.47,8.8,0.137,0,60,20.76,MORTGAGE,major_purchase,0
692,25656.47,28849.0,11.1,0.13,1,36,8.9,MORTGAGE,major_purchase,0
391,59205.74,20070.92,2.0,0.515,0,60,17.45,RENT,debt_consolidation,0
530,58424.0,19789.41,3.8,0.248,0,60,14.81,MORTGAGE,other,0
760,55494.35,35394.78,2.3,0.163,0,36,9.79,MORTGAGE,major_purchase,0
807,39239.55,14244.74,6.6,0.544,0,36,9.16,RENT,debt_consolidation,0
845,71129.94,28401.83,13.2,0.04,0,60,5.23,MORTGAGE,home_improvement,0
827,24290.35,40288.55,2.7,0.094,0,60,7.3,MORTGAGE,credit_card,0
606,47589.96,10746.63,3.9,0.117,0,60,13.59,RENT,debt_consolidation,0
410,38034.78,28275.63,0.8,0.135,0,60,17.4,MORTGAGE,debt_consolidation,0
762,36142.18,42710.76,3.2,0.17,0,36,7.54,RENT,credit_card,0
741,59452.71,24310.99,1.8,0.193,0,60,9.04,OWN,debt_consolidation,0
845,79607.64,43983.5,3.0,0.518,0,60,4.61,MORTGAGE,major_purchase,0
658,42004.62,14642.03,6.6,0.266,0,36,14.63,RENT,home_improvement,0
378,69654.77,25828.93,8.0,0.076,1,36,18.46,MORTGAGE,home_improvement,1
577,50130.42,14685.57,0.6,0.231,0,60,13.39,RENT,credit_card,0
546,32802.84,1163.65,10.0,0.111,1,60,15.28,OWN,home_improvement,0
764,43648.38,44881.56,0.6,0.146,0,36,8.79,RENT,other,0
516,42840.16,11562.64,4.9,0.547,0,36,16.46,RENT,credit_card,1
481,35828.65,43816.49,8.3,0.336,0,36,15.52,OWN,debt_consolidation,0
344,59445.63,29733.44,4.2,0.525,0,36,19.09,OWN,home_improvement,1
760,54480.1,40773.08,9.5,0.237,0,60,8.74,RENT,debt_consolidation,0
716,23961.6,43556.92,1.7,0.056,0,60,8.81,RENT,major_purchase,0
322,23314.09,25984.49,9.3,0.104,0,60,20.48,OWN,credit_card,1
539,59344.1,44986.42,3.1,0.519,2,36,14.08,RENT,debt_consolidation,0
564,33966.2,34762.52,4.7,0.435,0,36,13.36,OWN,debt_consolidation,0
558,56157.67,24047.84,9.2,0.366,0,60,12.75,MORTGAGE,debt_consolidation,0
806,69662.62,29817.5,1.8,0.44,0,36,6.0,MORTGAGE,credit_card,0
383,27669.09,9547.94,6.5,0.35,1,36,19.15,MORTGAGE,debt_consolidation,1
468,25972.88,1485.44,1.5,0.259,1,36,18.47,MORTGAGE,other,0
399,104140.29,12298.73,4.2,0.27,0,60,21.56,RENT,home_improvement,0
434,57423.38,20138.72,2.4,0.064,2,60,19.21,OWN,major_purchase,1
799,40592.63,11034.31,1.8,0.314,0,60,7.77,RENT,debt_consolidation,0
818,32200.16,23617.58,13.1,0.177,0,60,8.16,RENT,credit_card,0
324,38960.42,29949.54,2.5,0.017,0,36,21.11,MORTGAGE,credit_card,1
648,28688.24,29854.93,1.7,0.217,0,60,12.18,RENT,home_improvement,0
428,72950.43,40325.63,0.6,0.306,1,36,19.14,RENT,credit_card,0
406,34560.34,43518.04,10.5,0.27,2,60,19.57,MORTGAGE,debt_consolidation,1
460,80184.91,40190.58,5.4,0.609,0,36,18.49,MORTGAGE,home_improvement,0
407,40934.03,28287.7,5.3,0.382,0,36,19.7,MORTGAGE,home_improvement,0
570,30653.2,10053.62,0.2,0.476,1,60,13.26,RENT,credit_card,1
848,40463.85,42511.85,0.6,0.588,0,36,6.83,RENT,major_purchase,0
623,15049.87,8693.86,9.6,0.161,1,36,11.71,RENT,debt_consolidation,0
698,46427.82,7662.8,1.5,0.51,0,60,11.3,MORTGAGE,credit_card,0
571,45408.13,14973.05,0.8,0.151,0,36,13.62,RENT,major_purchase,0
307,71049.65,26238.64,0.6,0.137,0,60,20.25,OWN,home_improvement,1
346,20976.6,30984.8,3.4,0.31,0,36,18.98,OWN,credit_card,1
448,82688.83,1584.88,1.4,0.259,1,36,20.28,OWN,debt_consolidation,0
434,70917.3,35232.98,5.0,0.553,0,36,16.84,RENT,debt_consolidation,0
763,86113.34,8700.86,8.1,0.176,0,60,9.67,MORTGAGE,home_improvement,0
764,47871.49,14045.33,12.1,0.158,0,60,9.31,MORTGAGE,credit_card,0
770,77362.2,15171.82,3.0,0.195,0,36,9.43,MORTGAGE,credit_card,0
651,25284.33,15627.62,1.6,0.054,0,36,10.58,OWN,credit_card,0
606,67566.76,34456.17,3.9,0.046,0,60,12.6,OWN,debt_consolidation,0
657,34647.36,2801.55,3.6,0.259,1,60,10.45,RENT,credit_card,0
524,23315.4,9646.78,13.4,0.607,1,36,16.66,RENT,credit_card,0
669,29558.8,1982.05,8.0,0.078,1,60,13.04,MORTGAGE,debt_consolidation,0
737,49142.97,35245.18,1.1,0.285,0,60,9.23,RENT,other,0
720,33828.72,44283.78,9.3,0.553,0,60,12.35,MORTGAGE,credit_card,0
638,58060.05,30020.08,1.4,0.14,0,36,12.48,MORTGAGE,debt_consolidation,0
332,21726.61,26966.12,6.2,0.17,0,36,20.82,MORTGAGE,home_improvement,0
699,18822.46,40954.91,4.8,0.404,3,36,10.51,RENT,major_purchase,0
502,90905.37,12217.98,5.0,0.329,3,60,16.7,MORTGAGE,debt_consolidation,1
709,73622.8,3924.34,0.9,0.155,0,36,8.32,RENT,other,0
597,30571.28,23438.68,2.7,0.255,3,36,13.67,RENT,credit_card,0
785,48954.68,12455.34,3.8,0.373,2,36,7.69,MORTGAGE,debt_consolidation,0
486,77557.76,20847.59,6.6,0.481,0,60,16.27,RENT,home_improvement,0
813,59197.84,21077.19,10.4,0.159,0,36,6.91,OWN,home_improvement,0
765,52402.02,15028.6,0.2,0.13,0,36,9.64,RENT,other,0
482,80243.36,22398.28,0.9,0.383,0,36,16.71,OWN,major_purchase,0
565,35283.81,17726.68,2.5,0.6,1,36,12.92,OWN,home_improvement,0
592,49713.43,5974.61,0.9,0.371,0,36,13.59,RENT,home_improvement,0
723,48628.65,39135.93,7.9,0.349,1,60,9.39,RENT,debt_consolidation,0
679,43358.46,31856.04,10.9,0.051,0,36,10.97,RENT,home_improvement,0
769,41133.89,2817.59,8.9,0.163,1,60,8.25,MORTGAGE,major_purchase,0
503,50654.87,6094.6,1.0,0.144,0,36,16.51,RENT,other,0
578,49785.71,5246.64,4.2,0.283,0,36,12.23,OWN,debt_consolidation,1
537,30583.24,3716.72,4.9,0.53,0,60,13.47,MORTGAGE,credit_card,0
801,70319.76,3598.5,2.9,0.37,0,36,7.31,MORTGAGE,other,0
468,31590.97,7912.94,1.5,0.507,0,36,16.79,MORTGAGE,home_improvement,0
623,44435.54,38306.25,4.9,0.51,0,36,11.44,MORTGAGE,debt_consolidation,0
366,42921.31,37442.27,1.8,0.584,0,36,17.62,RENT,debt_consolidation,0
768,57592.44,35458.44,0.5,0.103,0,36,8.67,MORTGAGE,other,0
511,18890.29,28047.09,3.5,0.203,1,60,15.31,MORTGAGE,home_improvement,0
487,73196.98,32833.72,9.2,0.287,0,36,16.95,MORTGAGE,major_purchase,0
621,36147.18,33493.17,0.2,0.237,0,60,12.97,OWN,debt_consolidation,0
574,84879.13,40129.77,8.1,0.346,0,36,14.87,MORTGAGE,credit_card,0
767,39530.42,33223.09,3.5,0.329,0,36,7.13,MORTGAGE,other,0
592,47955.1,33404.21,3.6,0.291,0,36,13.52,MORTGAGE,home_improvement,0
584,115983.56,36379.57,9.0,0.17,0,36,16.23,MORTGAGE,credit_card,0
357,43269.26,25479.61,0.1,0.073,2,60,20.63,OWN,debt_consolidation,1
312,85603.59,10373.27,0.3,0.151,1,36,23.43,MORTGAGE,debt_consolidation,1
519,49889.72,4719.87,1.4,0.12,1,60,16.46,RENT,debt_consolidation,0
850,59097.18,19437.92,6.7,0.183,0,36,4.93,MORTGAGE,debt_consolidation,0
805,50588.59,5034.17,2.7,0.204,0,36,10.19,OWN,credit_card,0
646,71792.35,8449.38,9.5,0.269,0,60,13.6,RENT,major_purchase,0
647,36008.52,2048.96,4.8,0.127,0,36,10.36,OWN,other,0
515,31482.22,14209.08,6.8,0.248,0,36,15.55,MORTGAGE,debt_consolidation,0
397,36777.47,43679.9,24.9,0.304,0,60,21.31,RENT,debt_consolidation,0
304,51270.44,17672.98,2.6,0.22,0,36,22.65,OWN,debt_consolidation,1
486,44383.88,11599.27,6.3,0.266,0,60,14.38,MORTGAGE,debt_consolidation,0
474,67482.51,18751.78,5.6,0.433,0,60,16.1,OWN,home_improvement,0
405,88179.45,14258.89,8.0,0.446,0,36,18.0,MORTGAGE,credit_card,1
442,31598.75,30650.58,13.2,0.296,0,36,19.65,MORTGAGE,major_purchase,0
313,35232.46,28916.54,3.3,0.327,0,60,22.24,RENT,debt_consolidation,1
634,25685.77,2203.09,5.1,0.152,0,60,11.91,RENT,home_improvement,0
811,122230.98,23498.22,14.2,0.299,0,60,6.2,RENT,other,0
680,56224.13,2592.79,5.5,0.189,2,60,11.75,MORTGAGE,debt_consolidation,0
546,60834.42,30803.98,1.3,0.279,1,60,14.7,RENT,other,0
531,26820.08,42175.57,7.2,0.763,0,36,15.5,OWN,major_purchase,1
469,48995.0,40929.47,2.0,0.432,1,36,17.81,RENT,debt_consolidation,1
378,61645.87,10051.33,3.6,0.59,1,36,19.94,MORTGAGE,credit_card,1
629,43750.53,33676.39,2.0,0.541,1,36,10.8,OWN,debt_consolidation,0
612,79544.15,35894.9,16.7,0.317,2,36,13.95,RENT,home_improvement,0
304,138735.43,39032.17,12.3,0.441,0,36,23.13,RENT,credit_card,0
528,32010.58,12422.34,0.5,0.15,0,36,17.9,RENT,debt_consolidation,0
453,30947.91,20836.73,9.0,0.332,0,36,16.8,OWN,credit_card,0
393,33024.66,10746.19,6.7,0.25,0,36,20.83,OWN,other,1
687,100991.3,2069.62,0.8,0.067,0,36,12.28,MORTGAGE,other,0
589,78359.3,29996.56,1.0,0.46,0,60,14.87,MORTGAGE,major_purchase,0
649,46120.48,19984.4,2.3,0.608,0,60,12.04,MORTGAGE,debt_consolidation,0
693,49833.95,11917.14,6.2,0.205,0,60,9.47,MORTGAGE,credit_card,0
840,33946.99,38272.57,6.0,0.173,0,36,5.94,MORTGAGE,home_improvement,0
742,73167.91,22809.95,0.4,0.378,0,36,7.8,RENT,debt_consolidation,0
641,41317.61,44764.94,3.4,0.544,0,60,10.27,MORTGAGE,major_purchase,0
784,43606.68,35907.74,2.1,0.076,0,60,8.82,OWN,home_improvement,0
563,64470.01,39245.29,0.3,0.17,0,36,13.34,OWN,debt_consolidation,0
842,45044.32,35026.62,7.5,0.388,0,60,4.0,RENT,major_purchase,0
719,44102.22,5660.7,0.3,0.137,1,36,9.96,RENT,home_improvement,0
658,49254.64,3861.28,9.0,0.225,0,60,12.56,OWN,major_purchase,0
797,70116.26,41263.47,6.7,0.096,0,36,8.3,RENT,home_improvement,0
583,102839.2,7080.68,5.4,0.413,0,36,12.58,RENT,other,0
697,63797.47,18213.95,3.2,0.228,1,36,9.73,RENT,major_purchase,0
456,70367.82,27836.08,13.7,0.289,0,36,17.96,RENT,other,1
830,44804.58,10323.53,2.6,0.198,3,36,7.67,RENT,other,0
643,35649.52,10912.54,1.0,0.178,0,36,12.55,RENT,home_improvement,0
730,65794.65,21514.62,1.5,0.461,0,60,10.54,MORTGAGE,major_purchase,0
553,52947.62,16879.38,0.1,0.366,0,36,14.44,RENT,credit_card,0
777,25843.57,30769.33,10.6,0.082,0,60,8.6,RENT,debt_consolidation,0
340,42292.65,4303.35,3.8,0.462,1,60,21.1,MORTGAGE,credit_card,0
362,47225.83,22505.38,18.7,0.044,0,36,18.88,RENT,debt_consolidation,0
579,38960.12,8667.44,5.2,0.39,0,36,11.77,RENT,debt_consolidation,0
703,95490.4,27695.9,7.8,0.184,1,60,9.25,MORTGAGE,credit_card,0
745,60835.43,6113.38,4.9,0.106,0,36,8.17,MORTGAGE,debt_consolidation,0
542,90937.59,9695.8,10.0,0.19,0,60,16.56,MORTGAGE,debt_consolidation,0
657,55190.24,36371.12,1.4,0.206,0,60,11.47,RENT,debt_consolidation,0
604,50849.45,11347.35,0.8,0.229,1,36,12.15,OWN,credit_card,0
829,32161.68,33430.87,0.4,0.338,1,60,6.38,RENT,credit_card,0
660,49284.67,13014.76,7.0,0.164,0,36,11.77,RENT,debt_consolidation,0
529,49309.61,11341.21,0.3,0.261,0,36,14.81,RENT,home_improvement,0
834,26497.32,14162.81,6.1,0.319,1,36,5.77,MORTGAGE,debt_consolidation,0
359,38453.79,39761.01,13.5,0.092,1,36,19.8,MORTGAGE,home_improvement,1
842,42383.86,18475.29,32.6,0.546,0,60,6.48,OWN,debt_consolidation,0
384,59045.63,11725.46,6.3,0.417,0,36,19.34,MORTGAGE,debt_consolidation,0
458,60331.37,24612.14,0.1,0.367,0,36,16.84,RENT,credit_card,1
752,37737.39,17968.22,0.2,0.056,0,36,7.93,MORTGAGE,major_purchase,0
704,60535.87,35768.69,8.3,0.05,0,36,10.64,RENT,home_improvement,1
834,45164.4,44579.61,27.0,0.638,0,36,5.99,OWN,home_improvement,0
713,13476.07,24169.28,3.1,0.113,0,36,10.66,RENT,debt_consolidation,0
650,39414.3,20876.95,5.2,0.3,1,36,13.7,RENT,debt_consolidation,0
490,79661.76,16093.56,1.8,0.199,0,36,15.13,OWN,home_improvement,1
302,22998.57,43826.9,5.5,0.519,0,36,21.64,MORTGAGE,home_improvement,1
368,51570.81,22264.46,0.2,0.509,0,60,18.1,RENT,credit_card,1
464,100044.22,8831.86,3.6,0.311,0,36,16.94,MORTGAGE,other,0
322,34812.23,43645.5,14.9,0.513,0,36,23.62,RENT,other,1
580,49068.23,43278.81,2.5,0.506,0,36,14.57,RENT,debt_consolidation,1
728,27260.46,20171.9,1.3,0.081,0,36,8.75,RENT,debt_consolidation,0
830,101951.66,16320.18,11.4,0.307,0,36,7.13,OWN,other,0
569,47216.58,30939.25,3.3,0.147,0,60,12.82,MORTGAGE,major_purchase,0
782,50060.23,37472.66,10.1,0.102,0,36,6.62,RENT,debt_consolidation,0
843,90168.48,22935.41,5.5,0.4,2,36,6.99,MORTGAGE,major_purchase,0
773,66016.85,15555.77,1.7,0.278,0,36,7.86,OWN,home_improvement,0
556,33056.29,14261.34,21.9,0.42,0,60,14.28,MORTGAGE,credit_card,0
479,36633.74,15370.34,1.0,0.053,0,36,16.73,RENT,home_improvement,0
838,61250.0,6193.45,7.8,0.236,1,60,6.04,OWN,debt_consolidation,0
433,37017.48,35259.3,7.2,0.554,1,36,19.7,OWN,credit_card,1
526,18906.11,5618.23,10.8,0.245,0,36,13.67,MORTGAGE,credit_card,0
340,47860.3,18525.84,1.7,0.297,0,36,19.87,MORTGAGE,credit_card,1
737,25182.49,37737.51,1.3,0.066,1,36,9.56,RENT,debt_consolidation,0
658,101450.55,18780.66,7.7,0.289,0,60,10.18,RENT,credit_card,0
346,53079.94,13969.52,0.9,0.065,0,36,19.75,MORTGAGE,debt_consolidation,0
422,32619.69,42723.16,4.0,0.474,0,36,19.48,OWN,home_improvement,1
606,35796.86,6567.93,0.7,0.266,2,36,12.09,MORTGAGE,other,0
597,20947.43,39933.57,6.6,0.156,0,36,14.34,OWN,home_improvement,0
741,29888.89,3731.38,2.2,0.643,0,36,7.56,MORTGAGE,credit_card,0
446,77446.72,19195.29,14.1,0.421,0,60,20.22,MORTGAGE,credit_card,1
809,133827.08,28795.73,5.2,0.32,1,36,8.01,MORTGAGE,home_improvement,0
544,67973.86,17281.69,4.4,0.302,0,60,15.75,RENT,other,0
753,47031.88,24522.68,1.3,0.139,0,60,8.36,MORTGAGE,other,0
431,40360.96,9976.07,6.2,0.638,3,36,18.2,RENT,home_improvement,0
320,31874.99,26037.52,3.5,0.151,0,60,24.66,MORTGAGE,credit_card,1
330,123858.45,6920.58,2.1,0.154,0,60,19.82,MORTGAGE,debt_consolidation,1
505,45029.05,36028.24,5.9,0.269,0,36,15.36,MORTGAGE,debt_consolidation,0
825,127011.56,26686.76,19.4,0.259,0,60,6.33,OWN,debt_consolidation,0
326,91773.95,22205.01,1.9,0.255,0,36,21.45,RENT,credit_card,0
503,22396.09,3405.34,8.9,0.47,0,36,16.92,OWN,debt_consolidation,0
360,36327.18,22990.07,2.1,0.192,0,36,20.85,MORTGAGE,home_improvement,0
813,36276.65,25797.05,4.1,0.046,0,60,5.78,MORTGAGE,debt_consolidation,0
672,47290.71,12689.37,1.0,0.505,1,36,12.1,MORTGAGE,major_purchase,0
720,47708.2,30813.97,4.1,0.364,2,60,10.7,RENT,debt_consolidation,0
693,188774.34,4377.67,4.7,0.365,0,60,10.65,RENT,major_purchase,0
662,30189.44,10182.32,2.9,0.677,0,36,10.72,RENT,debt_consolidation,0
726,54341.12,33452.13,3.8,0.201,0,60,9.95,RENT,debt_consolidation,0
304,64694.31,7477.78,6.3,0.336,0,60,21.55,RENT,major_purchase,0
776,48986.14,11804.15,2.7,0.095,0,36,8.1,RENT,home_improvement,0
707,51512.58,29637.64,1.7,0.495,0,60,10.18,MORTGAGE,debt_consolidation,0
707,30633.09,33069.03,12.5,0.247,0,36,9.11,MORTGAGE,other,0
516,51427.01,3265.53,1.9,0.102,1,60,15.76,MORTGAGE,home_improvement,0
741,61705.57,6569.93,3.0,0.248,0,36,10.46,RENT,credit_card,0
510,56807.31,20629.19,5.6,0.396,0,60,16.71,MORTGAGE,home_improvement,0
326,63360.15,27082.98,1.1,0.351,1,60,21.01,OWN,home_improvement,1
800,92565.66,20966.37,15.8,0.186,0,60,7.16,OWN,debt_consolidation,0
429,74729.85,29471.08,14.5,0.475,0,36,20.36,MORTGAGE,major_purchase,1
356,50619.02,34263.69,16.4,0.349,0,36,19.33,MORTGAGE,major_purchase,0
642,28932.15,42779.93,4.2,0.224,1,60,12.83,OWN,credit_card,0
428,37421.39,16394.75,2.7,0.303,0,36,19.74,RENT,credit_card,1
772,44407.6,8176.61,19.9,0.53,0,60,6.95,RENT,major_purchase,0
544,54915.76,12619.7,6.5,0.293,0,36,14.7,MORTGAGE,debt_consolidation,0
302,39527.43,7519.24,1.8,0.39,0,36,23.28,RENT,other,0
824,32174.2,18346.81,7.6,0.157,0,36,5.89,RENT,other,0
583,28718.9,39392.96,1.0,0.092,0,36,13.95,OWN,credit_card,0
444,23317.75,16270.64,0.5,0.498,0,60,16.14,RENT,credit_card,0
673,44102.52,7548.2,18.8,0.539,0,60,10.67,MORTGAGE,home_improvement,0
592,25302.3,23995.85,0.1,0.409,0,60,15.18,RENT,major_purchase,0
316,31249.65,44645.53,0.7,0.06,0,60,20.05,RENT,major_purchase,1
718,41058.13,9279.97,0.8,0.136,0,36,7.88,RENT,home_improvement,0
521,26871.92,35226.5,0.6,0.537,0,36,15.53,RENT,major_purchase,1
685,58156.24,37227.79,16.7,0.154,0,36,11.44,RENT,debt_consolidation,0
793,68398.1,18658.89,5.1,0.388,0,36,7.07,MORTGAGE,credit_card,0
636,38282.87,28260.26,11.6,0.561,0,36,11.86,MORTGAGE,major_purchase,0
670,40269.02,20024.43,8.5,0.031,3,36,12.13,RENT,home_improvement,0
440,62432.63,12542.39,3.2,0.173,0,36,19.4,MORTGAGE,major_purchase,0
430,35550.24,19749.23,13.4,0.181,2,36,18.84,MORTGAGE,credit_card,1
528,34467.42,5192.77,1.2,0.221,0,60,16.51,RENT,credit_card,0
769,83987.59,32106.07,13.0,0.143,2,36,8.32,RENT,debt_consolidation,0
588,72975.9,37484.49,2.3,0.234,0,36,12.87,MORTGAGE,home_improvement,0
491,64260.31,14525.6,0.9,0.433,3,60,14.66,MORTGAGE,credit_card,0
729,74350.08,25924.98,6.8,0.448,0,36,7.87,RENT,other,0
770,20135.2,11214.54,26.9,0.383,2,60,8.18,RENT,credit_card,1
797,90149.62,6608.26,3.4,0.295,0,60,9.1,MORTGAGE,credit_card,0
464,58479.29,30199.22,0.7,0.398,0,36,16.1,MORTGAGE,credit_card,0
691,77253.82,6900.73,0.6,0.651,0,36,14.32,MORTGAGE,major_purchase,0
625,58350.48,35407.08,3.0,0.525,0,36,12.34,RENT,credit_card,0
547,50112.02,12957.2,12.0,0.537,0,60,13.61,MORTGAGE,credit_card,1
518,43308.79,37014.59,6.6,0.68,1,36,15.0,RENT,debt_consolidation,0
363,57827.23,17214.2,7.5,0.529,0,36,20.08,MORTGAGE,other,0
451,42604.43,17229.07,12.4,0.433,0,36,19.25,RENT,home_improvement,0
602,72442.2,34025.2,4.6,0.141,3,36,13.35,RENT,debt_consolidation,0
788,24006.85,23451.69,8.1,0.105,1,36,6.31,MORTGAGE,debt_consolidation,0
777,38418.36,9843.01,2.5,0.223,2,36,10.24,MORTGAGE,credit_card,0
403,123028.4,38417.98,1.2,0.422,0,36,18.27,RENT,home_improvement,0
674,36984.86,15966.74,13.7,0.408,1,36,10.15,RENT,debt_consolidation,0
346,44028.5,5522.18,2.4,0.198,0,60,21.22,MORTGAGE,debt_consolidation,0
671,32953.03,19304.05,21.5,0.129,1,60,12.4,MORTGAGE,home_improvement,0
488,57018.47,26254.32,2.6,0.148,0,36,17.69,RENT,debt_consolidation,1
547,35195.76,27834.95,2.6,0.482,0,36,12.72,MORTGAGE,credit_card,1
695,45092.67,37766.75,7.0,0.18,0,60,12.46,OWN,other,0
534,71825.15,24821.9,5.9,0.305,0,36,13.93,MORTGAGE,credit_card,0
744,35794.75,10843.26,0.3,0.156,0,36,9.84,MORTGAGE,debt_consolidation,0
594,69903.78,12513.32,2.8,0.252,0,36,14.0,MORTGAGE,credit_card,0
850,70969.34,5436.99,10.3,0.173,0,60,6.72,OWN,debt_consolidation,0
651,78804.88,33380.67,0.9,0.405,0,60,11.53,RENT,major_purchase,0
463,52221.18,5661.43,5.0,0.325,0,60,18.64,RENT,credit_card,1
727,210779.23,27655.76,3.9,0.148,0,36,9.62,MORTGAGE,credit_card,0
524,78789.91,27265.69,0.6,0.445,0,36,17.17,RENT,credit_card,0
594,56737.74,35562.16,7.2,0.063,0,36,12.1,RENT,debt_consolidation,0
375,33051.89,4283.71,7.7,0.441,1,36,21.96,OWN,debt_consolidation,1
365,46925.82,9928.1,1.8,0.293,0,36,18.03,MORTGAGE,debt_consolidation,1
616,93138.89,41020.74,4.9,0.329,0,60,14.87,RENT,home_improvement,0
402,105798.39,26178.42,0.1,0.347,0,36,18.43,RENT,credit_card,0
849,95344.13,21138.37,5.8,0.151,1,36,6.55,MORTGAGE,debt_consolidation,0
771,69796.32,33897.76,5.6,0.233,0,36,7.77,MORTGAGE,major_purchase,0
686,27860.16,40711.34,0.5,0.182,1,60,9.69,RENT,debt_consolidation,0
704,61036.22,12572.42,3.9,0.092,0,36,9.75,MORTGAGE,major_purchase,0
627,28039.48,40664.93,1.3,0.08,0,36,13.47,OWN,debt_consolidation,0
333,25100.37,5782.56,8.3,0.102,2,36,21.54,RENT,credit_card,1
516,54590.84,44018.05,4.6,0.224,0,36,17.25,MORTGAGE,credit_card,0
573,62034.11,8253.48,5.5,0.324,1,36,14.75,RENT,home_improvement,0
804,73608.79,12714.4,0.3,0.246,0,36,7.81,OWN,debt_consolidation,0
420,61310.8,5250.13,1.5,0.479,0,36,20.56,RENT,home_improvement,0
573,62268.67,36361.77,9.8,0.402,0,36,14.67,RENT,credit_card,0
489,31473.66,44306.21,2.2,0.419,0,36,15.36,RENT,home_improvement,0
374,46758.93,14066.97,15.5,0.123,1,36,18.4,RENT,credit_card,0
356,24879.45,15326.93,6.7,0.552,1,60,22.63,MORTGAGE,major_purchase,1
501,19900.18,13275.12,9.6,0.39,0,60,16.08,RENT,major_purchase,0
345,68411.02,7812.44,4.2,0.107,1,36,20.79,MORTGAGE,credit_card,1
337,34929.74,35647.55,3.9,0.191,0,60,20.25,MORTGAGE,debt_consolidation,0
493,72593.04,3671.67,0.1,0.471,0,36,14.54,RENT,debt_consolidation,0
411,80721.19,43582.06,0.2,0.065,0,36,21.17,RENT,debt_consolidation,0
605,37097.59,41801.88,15.3,0.379,2,36,11.67,RENT,credit_card,0
309,63936.14,6211.32,2.3,0.293,0,36,20.59,MORTGAGE,home_improvement,0
466,36405.66,24299.05,3.7,0.38,1,36,16.82,RENT,home_improvement,0
549,21361.69,44685.46,5.9,0.365,0,36,14.22,MORTGAGE,debt_consolidation,0
830,51817.81,38515.25,0.2,0.06,0,60,5.91,MORTGAGE,credit_card,0
649,39660.33,32465.88,6.7,0.513,1,36,12.71,OWN,major_purchase,0
785,40213.58,1988.28,1.2,0.312,0,60,9.27,OWN,major_purchase,0
489,119241.29,4008.61,4.0,0.424,0,36,16.48,RENT,credit_card,0
547,24670.52,35936.75,4.0,0.077,0,36,15.2,MORTGAGE,debt_consolidation,0
531,58237.92,17563.57,0.6,0.214,0,36,14.21,MORTGAGE,credit_card,0
788,31330.17,30411.0,1.9,0.122,0,36,8.54,MORTGAGE,debt_consolidation,0
828,73770.75,33523.99,4.4,0.583,1,60,6.36,RENT,home_improvement,0
830,56066.52,19576.1,5.3,0.492,0,36,6.17,RENT,credit_card,0
714,58145.57,7308.8,3.9,0.152,0,60,11.16,RENT,debt_consolidation,0
577,32041.9,18014.56,2.4,0.355,0,60,12.26,RENT,debt_consolidation,0
598,34734.39,39326.13,16.3,0.073,0,36,14.62,MORTGAGE,debt_consolidation,0
840,74403.83,15567.77,0.3,0.154,0,60,6.27,MORTGAGE,major_purchase,0
456,108755.66,3756.58,2.5,0.463,1,36,16.93,MORTGAGE,debt_consolidation,0
491,60848.26,43201.78,2.3,0.046,0,60,18.6,MORTGAGE,credit_card,0
794,32733.71,30949.78,1.1,0.256,1,36,8.64,MORTGAGE,home_improvement,0
512,57097.88,24797.7,6.9,0.262,0,36,13.84,RENT,major_purchase,0
429,146146.15,37480.72,7.5,0.526,2,60,19.46,RENT,other,0
608,51333.06,19091.07,9.7,0.181,0,60,13.8,RENT,debt_consolidation,0
479,94639.33,44345.09,3.3,0.704,1,60,15.31,RENT,debt_consolidation,0
790,35131.44,38733.22,0.6,0.235,1,36,7.71,MORTGAGE,home_improvement,0
800,48101.15,13343.97,14.0,0.116,0,36,8.47,MORTGAGE,credit_card,0
468,64783.38,17326.11,5.0,0.011,3,60,14.96,RENT,credit_card,0
591,58618.04,13132.69,2.7,0.367,0,36,14.52,MORTGAGE,home_improvement,0
842,34721.87,30011.0,9.0,0.24,0,60,5.82,MORTGAGE,other,0
709,34054.49,29130.6,0.3,0.062,3,60,9.94,RENT,debt_consolidation,0
418,76475.67,23990.26,15.2,0.334,0,60,19.98,MORTGAGE,home_improvement,0
625,83800.8,43496.98,3.1,0.199,0,60,11.68,RENT,credit_card,0
641,96806.03,21780.11,0.9,0.352,0,36,10.81,RENT,home_improvement,0
660,110389.33,35483.79,7.6,0.15,3,36,12.43,OWN,credit_card,0
313,52082.21,29956.19,12.1,0.251,1,60,21.79,MORTGAGE,other,1
464,42614.95,23800.14,0.9,0.269,0,60,16.74,MORTGAGE,debt_consolidation,1
770,90034.29,2852.18,6.1,0.253,0,36,6.74,RENT,major_purchase,0
432,67567.42,29929.78,16.7,0.348,0,60,17.72,RENT,home_improvement,0
465,31504.8,29274.18,15.3,0.27,1,36,16.52,MORTGAGE,other,0
477,30787.5,6494.46,1.4,0.306,0,36,16.59,RENT,major_purchase,0
397,61167.34,36020.26,1.9,0.179,0,36,17.29,RENT,home_improvement,0
385,45262.15,21547.74,0.8,0.116,0,36,18.72,MORTGAGE,debt_consolidation,1
491,48441.23,15262.42,1.5,0.089,0,36,16.95,OWN,home_improvement,0
781,79430.68,37254.21,2.6,0.455,0,36,7.92,RENT,debt_consolidation,0
300,68979.64,16108.32,0.8,0.128,0,60,21.78,OWN,debt_consolidation,0
456,89182.75,28361.43,0.2,0.103,0,36,16.33,RENT,credit_card,0
333,20553.96,28188.25,1.9,0.878,0,36,19.94,RENT,major_purchase,1
609,54941.76,3323.46,10.3,0.316,1,36,12.68,OWN,other,0
438,67010.85,19604.68,1.4,0.596,0,36,17.95,RENT,major_purchase,1
736,24662.43,10802.26,5.5,0.241,1,36,8.31,MORTGAGE,debt_consolidation,0
622,36508.37,9781.11,4.0,0.054,0,60,12.85,MORTGAGE,credit_card,0
731,33583.22,29818.32,7.8,0.023,0,36,9.68,RENT,debt_consolidation,0
649,49501.79,1502.04,0.9,0.5,0,60,10.61,MORTGAGE,major_purchase,0
541,101980.23,43639.48,0.1,0.094,0,36,16.46,RENT,debt_consolidation,1
774,121803.61,18397.2,8.4,0.177,0,36,7.22,MORTGAGE,home_improvement,0
562,33981.47,14147.36,6.7,0.205,0,36,13.3,MORTGAGE,credit_card,0
823,62127.92,41478.87,2.4,0.438,2,36,6.03,MORTGAGE,debt_consolidation,0
848,63035.86,22413.57,9.4,0.294,0,36,4.44,RENT,credit_card,0
624,58362.66,28030.31,1.1,0.153,0,60,10.48,MORTGAGE,debt_consolidation,0
671,58661.61,31617.43,0.9,0.136,0,36,12.49,MORTGAGE,debt_consolidation,0
440,56200.68,39342.1,1.8,0.048,0,36,19.02,OWN,debt_consolidation,0
748,104757.83,6708.65,2.0,0.577,0,36,7.92,OWN,credit_card,0
670,80507.85,4592.74,1.8,0.241,0,60,12.01,MORTGAGE,major_purchase,0
797,30422.29,44723.27,4.4,0.024,0,60,6.78,RENT,debt_consolidation,0
447,70127.79,1390.89,4.6,0.369,1,36,16.51,RENT,credit_card,0
733,73245.2,32160.57,0.5,0.23,0,36,9.11,MORTGAGE,credit_card,0
559,56485.28,27886.88,1.6,0.671,0,60,14.16,RENT,debt_consolidation,0
402,81563.81,25312.24,7.8,0.413,0,60,20.22,OWN,credit_card,1
394,53350.22,35576.43,1.5,0.14,0,60,16.42,MORTGAGE,debt_consolidation,0
609,53648.59,44668.81,13.9,0.347,0,60,12.67,RENT,home_improvement,0
476,51769.59,3062.98,1.8,0.153,2,60,19.59,MORTGAGE,other,1
356,19767.42,28039.34,3.7,0.412,0,36,17.69,OWN,credit_card,1
535,47278.96,32538.22,0.3,0.341,0,36,14.49,RENT,home_improvement,1
659,36289.63,14461.33,19.8,0.123,0,60,11.18,RENT,debt_consolidation,0
475,28741.53,40285.9,9.8,0.506,0,36,17.09,MORTGAGE,credit_card,1
826,93461.81,21107.69,0.8,0.246,0,60,7.58,RENT,credit_card,0
729,61506.21,8237.05,0.8,0.108,1,60,9.69,RENT,major_purchase,0
582,48367.14,38593.94,9.7,0.18,0,60,15.69,RENT,home_improvement,0
814,38018.89,42488.73,12.1,0.04,0,60,6.6,MORTGAGE,debt_consolidation,0
538,56009.48,5378.66,4.3,0.313,0,60,16.34,OWN,major_purchase,0
376,76584.21,34073.96,12.7,0.145,0,36,19.61,MORTGAGE,major_purchase,0
319,33788.15,10460.63,1.5,0.204,0,36,22.38,RENT,credit_card,0
816,48914.41,1295.78,2.0,0.143,0,36,6.22,RENT,credit_card,0
828,72448.4,12467.01,1.2,0.347,0,36,5.57,OWN,home_improvement,0
707,20512.7,38616.03,4.0,0.116,3,36,8.58,MORTGAGE,credit_card,0
356,47767.16,7212.09,2.5,0.257,0,36,20.06,RENT,credit_card,0
461,40409.45,6749.43,2.6,0.675,0,36,16.47,MORTGAGE,home_improvement,0
322,46155.74,33518.1,13.7,0.345,0,60,21.76,MORTGAGE,debt_consolidation,0
328,39115.23,18879.82,3.1,0.156,0,36,22.0,MORTGAGE,debt_consolidation,0
435,52152.69,7533.39,3.4,0.125,0,36,19.31,RENT,debt_consolidation,1
615,116498.33,11120.02,2.8,0.211,0,60,13.82,MORTGAGE,credit_card,0
336,42371.65,35962.48,1.5,0.474,0,60,22.27,RENT,major_purchase,1
842,55897.22,28423.83,9.0,0.451,0,36,7.05,OWN,other,0
550,120287.01,34480.87,2.5,0.731,0,36,13.38,MORTGAGE,home_improvement,0
445,38272.73,5302.02,0.6,0.162,1,36,18.12,OWN,debt_consolidation,0
584,110924.37,21156.59,5.5,0.117,0,60,12.87,RENT,debt_consolidation,0
735,49138.36,36072.68,16.1,0.319,0,36,9.17,RENT,debt_consolidation,0
472,109300.18,12694.88,6.2,0.089,0,60,16.94,MORTGAGE,credit_card,0
326,68705.91,8444.31,3.1,0.45,3,60,18.26,RENT,home_improvement,1
328,56285.87,17798.49,2.6,0.514,0,60,19.94,RENT,other,1
769,47594.2,15668.72,4.9,0.204,1,60,7.76,MORTGAGE,debt_consolidation,0
361,37018.81,9160.8,6.6,0.225,0,36,16.87,RENT,debt_consolidation,1
650,50721.55,42973.58,9.6,0.266,0,36,13.39,RENT,debt_consolidation,1
511,73409.8,22256.33,2.5,0.279,0,60,16.01,MORTGAGE,credit_card,0
728,48732.42,27755.36,0.8,0.377,0,36,9.69,RENT,debt_consolidation,0
333,42511.07,6328.7,4.5,0.129,0,60,22.27,OWN,major_purchase,1
794,43789.44,27841.54,3.8,0.435,0,60,8.48,MORTGAGE,home_improvement,0
684,76620.08,25434.2,2.3,0.525,0,36,11.69,MORTGAGE,major_purchase,0
547,85077.91,42004.89,0.7,0.209,0,36,16.05,RENT,other,0
414,36307.6,19141.94,5.1,0.309,0,36,19.05,RENT,home_improvement,1
838,36284.12,35410.73,1.0,0.299,1,36,6.74,OWN,major_purchase,0
466,58145.95,14383.96,0.1,0.588,0,36,17.71,MORTGAGE,home_improvement,0
570,97478.73,26473.38,3.1,0.328,2,60,12.56,RENT,debt_consolidation,0
517,82100.19,41786.7,4.5,0.059,3,36,13.15,RENT,debt_consolidation,0
427,27907.94,28503.14,14.5,0.713,0,60,15.83,RENT,other,1
529,43528.27,32290.98,0.8,0.187,0,60,16.18,MORTGAGE,credit_card,0
383,32248.55,39543.32,6.6,0.128,0,60,18.95,MORTGAGE,credit_card,1
300,43461.0,41718.67,1.6,0.303,1,60,21.67,MORTGAGE,debt_consolidation,0
459,100910.02,10164.09,14.0,0.293,0,36,17.57,OWN,debt_consolidation,0
361,25843.9,9616.87,8.8,0.113,0,60,21.93,MORTGAGE,credit_card,0
528,23659.28,25220.95,0.3,0.14,0,36,16.16,RENT,home_improvement,1
775,33764.01,44802.72,1.1,0.435,0,36,8.42,RENT,major_purchase,0
389,55786.64,22566.7,0.2,0.429,0,60,19.91,MORTGAGE,debt_consolidation,1
300,64818.07,15559.82,3.0,0.071,0,36,24.69,RENT,credit_card,0
361,59685.94,24639.5,3.2,0.068,0,60,19.04,OWN,major_purchase,0
580,83204.64,3833.41,4.9,0.402,3,36,15.52,RENT,home_improvement,0
451,22172.58,8797.1,0.0,0.159,3,36,17.63,RENT,debt_consolidation,0
569,83679.68,7552.5,11.8,0.114,1,36,14.08,RENT,other,0
316,42597.77,2228.28,5.8,0.347,0,36,22.29,MORTGAGE,debt_consolidation,0
483,68129.97,32777.34,6.4,0.203,0,60,14.47,MORTGAGE,home_improvement,0
525,27023.4,15320.88,2.8,0.174,0,36,14.17,RENT,other,0
537,49130.26,8415.6,7.9,0.218,0,36,15.58,RENT,debt_consolidation,0
603,54519.94,23538.73,4.1,0.262,0,36,13.74,RENT,credit_card,0
730,82461.6,15231.55,7.9,0.175,0,36,10.18,RENT,credit_card,0
557,24019.84,18292.78,12.1,0.263,0,60,15.38,RENT,credit_card,0
763,49703.9,14883.4,9.5,0.455,0,36,10.94,RENT,debt_consolidation,0
591,30080.85,1175.27,2.7,0.641,0,36,12.76,MORTGAGE,other,0
443,61541.88,31286.47,0.1,0.358,0,36,18.31,MORTGAGE,debt_consolidation,0
426,69546.26,5870.38,0.5,0.33,0,36,19.23,MORTGAGE,debt_consolidation,0
477,87485.35,10642.27,4.2,0.309,2,36,17.3,MORTGAGE,debt_consolidation,0
629,38531.71,9373.95,18.4,0.419,0,60,12.3,RENT,debt_consolidation,0
433,74403.03,15580.16,2.8,0.356,0,36,17.2,OWN,credit_card,0
803,90436.73,8048.7,0.2,0.121,1,36,7.12,RENT,debt_consolidation,0
564,23401.11,16265.89,5.3,0.491,0,60,15.88,OWN,other,1
775,64573.23,11703.63,2.5,0.139,0,36,10.81,OWN,major_purchase,0
676,75457.89,3693.46,6.8,0.203,1,60,8.97,RENT,home_improvement,0
483,43633.18,39304.77,0.3,0.462,0,60,16.7,RENT,debt_consolidation,0
425,28428.63,14445.57,0.6,0.516,1,60,16.23,RENT,other,0
709,74931.53,5192.41,13.8,0.283,0,36,9.23,MORTGAGE,debt_consolidation,0
482,28573.1,23947.16,0.8,0.272,0,36,16.99,RENT,other,0
436,45240.22,6424.12,1.1,0.274,0,36,16.62,OWN,debt_consolidation,1
812,48143.63,35016.1,2.2,0.165,1,36,6.57,OWN,home_improvement,0
565,67642.52,3709.43,6.1,0.142,0,36,13.57,RENT,home_improvement,0
326,36975.68,21443.98,1.9,0.322,2,36,21.48,RENT,credit_card,1
572,36023.88,42528.36,7.2,0.085,0,60,13.58,OWN,debt_consolidation,0
553,51252.1,7994.64,4.4,0.161,2,60,16.05,RENT,debt_consolidation,0
776,77101.32,9860.22,4.6,0.166,0,36,8.07,MORTGAGE,credit_card,0
692,137221.61,27420.46,1.1,0.17,0,36,9.54,MORTGAGE,other,0
405,24875.37,44113.58,8.9,0.484,0,36,17.06,MORTGAGE,debt_consolidation,0
382,56494.8,17976.77,0.6,0.307,0,60,18.58,MORTGAGE,home_improvement,0
632,30063.26,29540.38,0.0,0.115,0,36,12.09,RENT,debt_consolidation,0
326,77533.48,7701.95,2.6,0.222,0,36,21.84,MORTGAGE,debt_consolidation,0
475,32133.52,29221.47,2.4,0.169,0,60,17.76,RENT,debt_consolidation,0
376,36185.3,12117.13,5.2,0.049,2,36,20.87,MORTGAGE,other,1
311,37602.59,27984.65,0.3,0.337,3,60,22.34,RENT,home_improvement,1
806,47368.39,4901.09,0.4,0.421,2,36,8.43,RENT,home_improvement,0
349,56694.86,24098.64,5.7,0.41,0,36,20.15,RENT,home_improvement,0
305,60941.25,11445.82,1.4,0.509,0,60,21.62,MORTGAGE,debt_consolidation,0
814,48893.74,30995.18,11.9,0.264,2,36,6.31,MORTGAGE,credit_card,0
403,26944.89,33897.47,3.6,0.082,0,60,18.03,RENT,major_purchase,0
749,68016.38,38318.27,0.6,0.212,0,60,10.57,RENT,home_improvement,0
317,47866.38,44665.4,4.9,0.194,0,60,21.27,MORTGAGE,home_improvement,1
384,82683.94,21211.61,2.6,0.177,0,36,18.18,RENT,home_improvement,1
360,35650.47,30506.15,13.0,0.132,0,36,19.21,MORTGAGE,debt_consolidation,1
689,23836.57,1810.64,2.1,0.242,0,60,13.19,OWN,credit_card,0
641,48275.93,40823.83,2.2,0.37,0,36,12.37,RENT,debt_consolidation,1
562,87831.78,28092.7,3.3,0.458,0,60,14.93,MORTGAGE,home_improvement,0
433,52702.81,19539.18,3.4,0.206,0,60,17.48,RENT,debt_consolidation,1
348,44808.3,20109.76,0.5,0.105,2,60,17.92,MORTGAGE,credit_card,1
613,33134.95,34351.81,6.9,0.603,1,60,11.36,OWN,debt_consolidation,0
427,108119.77,37672.68,8.0,0.083,0,60,17.51,OWN,major_purchase,0
625,30843.42,36547.76,0.9,0.246,0,60,11.78,RENT,debt_consolidation,0
678,35368.35,23465.72,9.9,0.226,3,36,10.98,MORTGAGE,credit_card,0
768,63355.4,17330.45,1.3,0.108,0,36,9.37,MORTGAGE,credit_card,0
572,21264.42,42603.73,10.7,0.641,0,36,14.1,MORTGAGE,debt_consolidation,1
302,86991.51,28904.78,2.4,0.095,3,36,22.43,MORTGAGE,major_purchase,1
454,64918.43,24920.75,6.0,0.283,2,36,18.6,MORTGAGE,debt_consolidation,0
770,73471.58,27326.03,8.3,0.194,0,36,10.04,RENT,debt_consolidation,0
593,63016.55,28714.13,0.6,0.258,0,36,12.34,MORTGAGE,major_purchase,0
641,45592.31,32375.21,0.3,0.377,0,36,12.55,RENT,credit_card,0
552,30381.32,25340.13,1.1,0.436,1,60,15.2,RENT,credit_card,0
389,46026.2,39515.64,5.8,0.224,0,36,19.7,RENT,major_purchase,0
794,31607.31,38827.43,4.0,0.052,0,60,7.12,RENT,credit_card,0
725,61008.59,20459.34,2.1,0.501,0,60,8.44,RENT,credit_card,0
848,70477.65,8415.59,0.6,0.553,0,36,5.83,RENT,debt_consolidation,0
771,95278.92,26372.85,13.0,0.255,0,36,8.56,MORTGAGE,debt_consolidation,0
460,57947.66,28312.54,10.3,0.346,0,60,18.59,OWN,home_improvement,0
440,74314.32,24028.7,1.0,0.247,1,60,17.72,RENT,credit_card,0
436,42885.32,40185.42,7.7,0.307,0,36,16.6,MORTGAGE,debt_consolidation,1
806,39528.42,5092.89,0.4,0.26,1,36,6.04,MORTGAGE,other,0
606,60666.83,13646.41,5.7,0.587,1,60,11.63,MORTGAGE,credit_card,0
550,41195.62,39094.75,4.6,0.291,0,36,14.58,RENT,debt_consolidation,0
833,55333.49,42334.19,34.4,0.409,0,60,4.8,OWN,credit_card,0
632,30408.08,19740.7,4.5,0.424,1,36,11.36,MORTGAGE,home_improvement,1
801,32967.17,9476.34,0.2,0.159,0,36,9.32,RENT,debt_consolidation,0
842,65246.92,19494.5,8.4,0.05,0,60,5.98,RENT,debt_consolidation,0
343,73058.12,21071.32,3.0,0.141,2,60,20.8,MORTGAGE,other,0
499,31459.45,23861.05,2.9,0.09,0,36,14.61,MORTGAGE,home_improvement,0
704,66288.81,13071.54,0.8,0.579,0,36,10.15,MORTGAGE,credit_card,0
748,38571.5,14755.61,0.1,0.18,0,36,6.94,RENT,major_purchase,0
381,49386.25,29845.86,12.2,0.372,0,60,19.77,RENT,debt_consolidation,0
475,92746.48,28358.94,0.6,0.183,1,60,15.37,RENT,home_improvement,0
602,70500.09,30132.51,0.9,0.234,0,60,14.76,MORTGAGE,debt_consolidation,0
740,70132.56,17600.54,17.3,0.521,0,60,11.48,MORTGAGE,debt_consolidation,0
362,115723.11,15804.1,11.5,0.669,0,36,19.38,MORTGAGE,debt_consolidation,0
631,35712.44,16467.7,0.6,0.089,1,36,10.45,MORTGAGE,debt_consolidation,0
463,31456.35,42851.77,12.4,0.369,0,60,16.68,MORTGAGE,major_purchase,0
419,35420.46,18390.78,6.9,0.059,0,36,16.52,RENT,credit_card,0
583,43716.22,27669.83,1.5,0.264,0,36,13.31,RENT,debt_consolidation,0
528,16991.22,24005.1,1.5,0.345,0,36,14.26,MORTGAGE,other,0
650,44652.13,39553.76,9.9,0.109,2,60,13.15,RENT,credit_card,1
475,38366.62,17241.14,2.7,0.292,1,60,14.38,RENT,debt_consolidation,1
753,69751.34,20102.36,8.3,0.12,0,36,7.21,RENT,credit_card,0
343,57445.31,38082.95,9.1,0.118,1,36,21.76,MORTGAGE,debt_consolidation,1
774,37409.75,8082.14,2.1,0.533,0,60,7.45,RENT,credit_card,0
316,63926.06,27148.96,9.3,0.575,2,36,23.33,RENT,credit_card,1
705,67878.08,18595.96,32.8,0.621,3,36,10.24,RENT,other,0
490,34688.18,44374.83,0.4,0.328,0,60,16.72,MORTGAGE,home_improvement,1
511,39266.97,32740.9,0.8,0.262,0,36,16.22,MORTGAGE,home_improvement,0
310,18008.27,1464.48,6.7,0.167,0,60,22.17,MORTGAGE,other,0
686,30007.51,37936.85,2.0,0.081,0,36,10.5,OWN,debt_consolidation,0
391,35097.62,31939.9,15.8,0.625,0,60,19.14,RENT,credit_card,1
663,50684.47,25682.28,8.3,0.155,3,36,12.89,RENT,home_improvement,0
699,32034.79,11389.65,2.1,0.386,0,36,9.49,MORTGAGE,credit_card,0
765,38907.67,7569.93,3.8,0.291,0,36,8.66,MORTGAGE,debt_consolidation,0
690,28243.01,28649.58,3.5,0.477,0,60,10.16,RENT,debt_consolidation,0
466,52944.59,20357.37,14.5,0.372,1,36,17.93,MORTGAGE,debt_consolidation,1
706,59371.62,38911.29,18.2,0.171,2,36,11.72,RENT,debt_consolidation,0
755,58751.06,12544.44,0.8,0.125,2,60,8.12,OWN,credit_card,0
474,49294.24,29050.88,5.7,0.059,0,60,15.75,MORTGAGE,major_purchase,0
368,24502.17,11949.09,1.6,0.074,0,60,19.11,OWN,home_improvement,0
790,37086.97,28997.95,2.9,0.097,3,60,8.84,MORTGAGE,other,0
381,40811.21,3127.16,1.8,0.126,2,36,19.94,RENT,other,1
627,40884.94,18235.13,6.0,0.451,0,36,12.39,RENT,debt_consolidation,0
430,50703.06,8598.17,0.6,0.243,0,36,17.98,MORTGAGE,home_improvement,1
369,93105.97,27661.1,3.9,0.496,0,36,19.14,RENT,home_improvement,0
727,70646.46,14936.03,9.0,0.314,0,60,10.6,RENT,debt_consolidation,0
379,31433.11,34947.44,2.3,0.206,0,60,19.91,RENT,credit_card,0
669,66521.55,6042.15,7.8,0.267,0,36,13.4,OWN,major_purchase,0
681,65390.75,25473.37,4.0,0.185,1,36,10.88,MORTGAGE,credit_card,0
333,34107.4,27121.83,11.3,0.347,0,36,21.35,MORTGAGE,credit_card,1
395,71825.13,1972.58,1.6,0.156,0,36,18.68,MORTGAGE,credit_card,0
737,45607.64,2583.37,4.6,0.173,0,36,8.51,MORTGAGE,debt_consolidation,0
579,25991.4,14562.57,1.0,0.206,0,60,13.8,RENT,debt_consolidation,0
366,60164.71,27799.32,17.3,0.064,0,60,21.51,MORTGAGE,debt_consolidation,0
846,54048.27,43355.72,1.0,0.556,0,36,5.55,RENT,credit_card,0
446,44247.1,4994.47,0.6,0.309,0,60,17.17,RENT,credit_card,1
302,48201.53,31939.16,1.0,0.495,1,60,20.23,MORTGAGE,other,1
809,35468.9,31479.51,3.8,0.339,0,60,10.16,RENT,other,0
309,64508.92,30456.87,9.0,0.31,0,36,21.02,MORTGAGE,credit_card,0
604,48071.62,23710.48,8.5,0.337,0,36,11.44,MORTGAGE,other,0
847,52833.57,43540.34,7.5,0.108,3,36,6.3,RENT,debt_consolidation,0
618,57567.52,23078.11,7.7,0.266,3,60,13.04,RENT,debt_consolidation,0
622,29156.6,37885.07,4.2,0.122,0,36,13.58,OWN,credit_card,0
513,32779.96,12550.91,0.9,0.527,1,36,16.03,MORTGAGE,credit_card,1
369,18133.66,36477.57,14.6,0.177,1,60,17.88,MORTGAGE,credit_card,1
615,63204.7,44848.01,12.5,0.145,2,36,11.92,RENT,debt_consolidation,0
794,28410.26,41043.78,1.4,0.207,1,36,8.91,MORTGAGE,home_improvement,0
350,52034.19,14379.16,6.2,0.092,0,36,21.66,RENT,debt_consolidation,0
785,57927.34,38230.93,2.6,0.092,0,36,8.4,RENT,debt_consolidation,0
528,64283.53,5191.31,5.0,0.508,2,36,17.13,RENT,other,0
595,28515.2,30819.13,8.1,0.208,0,36,13.13,RENT,major_purchase,0
391,47604.25,16054.43,0.5,0.107,0,36,20.74,OWN,credit_card,0
642,103945.94,29981.48,21.1,0.225,0,36,11.52,MORTGAGE,credit_card,0
400,106026.21,19138.96,4.5,0.541,0,60,21.17,RENT,major_purchase,1
450,76442.6,1397.46,0.6,0.115,0,60,17.02,MORTGAGE,home_improvement,0
697,57060.76,11176.17,6.3,0.506,0,36,9.05,RENT,debt_consolidation,0
327,31185.3,2864.99,9.1,0.144,0,60,19.76,RENT,credit_card,1
546,67736.45,19799.88,21.3,0.174,0,36,16.51,RENT,credit_card,0
627,45656.01,37963.14,1.1,0.33,1,36,14.29,RENT,credit_card,0
372,63084.96,33471.86,0.8,0.551,0,36,18.78,RENT,debt_consolidation,0
462,36872.47,35712.14,6.3,0.13,1,60,16.47,OWN,home_improvement,0
489,45350.66,36516.78,2.7,0.206,0,60,13.62,MORTGAGE,home_improvement,1
665,52778.88,17365.35,1.9,0.224,1,36,9.89,OWN,major_purchase,0
838,54766.02,23265.13,4.8,0.23,0,36,6.01,RENT,home_improvement,0
760,61216.69,23371.85,1.9,0.715,0,36,8.27,RENT,debt_consolidation,0
404,37773.47,5981.17,3.9,0.283,0,60,16.45,MORTGAGE,debt_consolidation,0
310,26782.98,27318.25,2.4,0.081,2,36,19.94,MORTGAGE,credit_card,1
328,101839.49,32687.91,0.3,0.311,0,60,23.41,MORTGAGE,credit_card,1
628,150266.31,27882.58,3.5,0.459,0,36,13.83,MORTGAGE,home_improvement,0
386,59954.39,33822.5,13.4,0.317,0,36,19.66,RENT,debt_consolidation,0
427,27016.51,6231.22,1.2,0.325,0,60,18.5,MORTGAGE,debt_consolidation,1
766,34615.69,34501.99,4.4,0.223,0,36,8.45,MORTGAGE,debt_consolidation,0
781,61642.26,10158.16,1.6,0.4,0,36,7.86,MORTGAGE,credit_card,0
762,89635.08,39580.38,1.3,0.239,0,36,8.58,MORTGAGE,debt_consolidation,0
439,28401.56,11776.98,3.8,0.13,0,36,16.07,RENT,debt_consolidation,0
641,46353.41,22647.66,0.8,0.313,0,36,11.77,RENT,major_purchase,0
636,53539.2,22439.72,1.6,0.031,1,36,9.8,OWN,home_improvement,0
402,72334.78,12829.41,11.3,0.456,3,36,18.78,MORTGAGE,credit_card,1
605,41998.09,16915.22,1.0,0.224,0,60,13.63,MORTGAGE,credit_card,0
589,24252.7,9166.26,0.9,0.224,0,60,12.91,RENT,debt_consolidation,0
518,64830.98,26084.43,16.8,0.412,3,36,15.96,RENT,major_purchase,1
714,81320.89,41173.23,24.6,0.307,0,36,9.83,RENT,debt_consolidation,0
673,47232.33,14930.73,4.9,0.112,0,60,11.68,RENT,debt_consolidation,0
593,58827.11,23354.75,0.4,0.244,0,60,13.9,MORTGAGE,debt_consolidation,0
699,39595.82,38922.75,2.3,0.196,1,60,9.37,RENT,debt_consolidation,0
720,33503.4,20909.96,4.4,0.186,1,60,8.07,RENT,major_purchase,0
612,77799.6,37575.45,6.0,0.13,0,36,11.3,RENT,debt_consolidation,1
447,58359.25,20641.19,4.1,0.393,0,36,16.62,RENT,credit_card,0
717,61124.37,20370.67,2.2,0.611,0,60,10.84,MORTGAGE,home_improvement,0
695,96370.15,7918.56,3.6,0.455,0,36,11.38,RENT,debt_consolidation,0
841,30495.09,6499.07,6.3,0.462,1,36,5.69,OWN,credit_card,0
382,38238.12,27905.86,0.4,0.077,0,36,19.26,RENT,credit_card,0
531,52631.5,37402.68,2.7,0.035,0,60,13.68,OWN,home_improvement,0
809,38027.28,6957.89,3.9,0.207,1,36,5.67,RENT,major_purchase,0
583,69731.78,41044.13,0.1,0.293,2,36,14.26,OWN,debt_consolidation,0
819,45056.4,16790.71,0.5,0.588,0,36,6.38,MORTGAGE,debt_consolidation,0
306,31362.25,19711.32,0.1,0.112,0,60,21.42,OWN,home_improvement,0
319,50493.37,40355.95,11.0,0.215,0,60,22.25,OWN,other,1
738,52926.13,40437.04,2.5,0.387,1,36,9.79,MORTGAGE,other,0
497,74653.07,24093.79,0.9,0.106,0,36,15.99,RENT,other,0
586,58507.69,13177.66,3.7,0.174,0,60,15.11,RENT,major_purchase,0
535,60325.84,8565.34,3.7,0.205,1,60,14.52,RENT,debt_consolidation,0
524,56620.78,12949.52,1.1,0.192,2,36,14.33,RENT,major_purchase,0
817,45039.71,35347.61,2.9,0.457,0,36,5.44,RENT,debt_consolidation,0
351,35514.68,15282.0,7.7,0.163,2,60,21.96,RENT,credit_card,0
725,55825.01,31560.7,4.3,0.411,0,60,8.88,RENT,credit_card,0
790,42196.55,9588.84,8.4,0.333,0,36,7.76,MORTGAGE,home_improvement,0
662,104864.07,22054.16,4.0,0.119,3,36,13.72,MORTGAGE,debt_consolidation,0
517,89678.11,16492.67,1.4,0.149,0,60,14.73,OWN,major_purchase,0
388,65171.5,23158.94,5.1,0.114,1,36,19.58,RENT,debt_consolidation,0
676,58122.62,26077.59,9.2,0.051,0,36,11.19,OWN,other,0
558,47118.38,44601.14,0.8,0.295,0,60,14.55,RENT,credit_card,0
382,27791.75,40595.38,2.1,0.275,1,36,20.72,RENT,debt_consolidation,1
498,44476.78,31618.13,5.1,0.551,2,60,16.7,RENT,debt_consolidation,0
829,51309.44,7764.71,5.4,0.072,1,36,6.84,RENT,other,0
446,54353.02,41437.26,4.9,0.216,0,36,19.77,RENT,home_improvement,0
398,60554.03,40273.79,1.4,0.247,0,36,17.37,OWN,credit_card,0
675,74205.87,40014.95,25.0,0.309,1,36,9.67,MORTGAGE,home_improvement,0
409,35901.37,22076.74,4.4,0.429,0,36,18.75,MORTGAGE,major_purchase,0
806,36048.34,8511.1,15.3,0.423,0,36,7.91,RENT,credit_card,0
773,94172.69,34193.74,4.1,0.447,1,60,8.19,MORTGAGE,other,0
841,69351.41,18094.66,0.2,0.13,0,60,5.47,MORTGAGE,debt_consolidation,0
802,41116.02,16161.0,7.3,0.562,0,36,8.91,OWN,major_purchase,0
434,46711.93,18194.41,2.2,0.627,1,60,19.07,RENT,home_improvement,0
416,46806.56,25599.1,10.8,0.23,0,36,17.9,RENT,other,1
488,49722.28,15674.83,2.5,0.257,1,36,18.5,RENT,major_purchase,0
558,60639.84,31356.51,1.9,0.513,0,36,14.0,MORTGAGE,other,1
784,153391.19,29499.85,0.6,0.34,1,60,7.59,MORTGAGE,home_improvement,0
704,53390.63,23389.96,2.2,0.336,0,36,8.41,MORTGAGE,credit_card,0
655,66050.12,3374.82,3.4,0.167,0,60,11.99,MORTGAGE,credit_card,0
783,22950.28,42207.88,1.2,0.824,0,60,10.26,RENT,credit_card,0
655,39410.79,19114.64,1.4,0.268,0,60,13.94,RENT,home_improvement,0
508,85217.9,20775.94,8.8,0.464,0,36,15.52,MORTGAGE,debt_consolidation,0
527,58749.74,21065.43,8.2,0.161,0,36,14.75,RENT,debt_consolidation,0
584,6801.5,17061.23,0.7,0.483,0,36,13.76,RENT,credit_card,0
348,66390.58,30681.87,0.4,0.534,0,36,22.32,RENT,major_purchase,0
708,116212.3,1612.38,0.1,0.551,0,60,10.38,RENT,debt_consolidation,0
659,19967.11,39434.37,6.2,0.412,0,36,12.51,MORTGAGE,debt_consolidation,0
702,97122.12,5507.32,2.5,0.268,0,60,11.14,MORTGAGE,major_purchase,0
594,14081.54,44987.4,2.4,0.689,0,36,14.81,MORTGAGE,credit_card,0
731,74764.58,28635.64,4.0,0.32,0,36,10.5,RENT,credit_card,0
823,48830.39,3914.84,8.8,0.089,0,36,6.02,RENT,debt_consolidation,0
614,17026.27,25747.23,0.9,0.535,0,36,13.05,RENT,credit_card,0
544,59919.78,15577.54,2.7,0.217,0,60,14.36,RENT,home_improvement,0
357,82279.55,42933.9,0.3,0.301,1,36,21.46,MORTGAGE,debt_consolidation,0
729,57742.52,34240.72,1.5,0.03,0,36,10.14,RENT,home_improvement,0
798,63778.56,23308.65,3.5,0.337,0,60,8.18,RENT,other,0
685,40731.04,19910.21,2.4,0.254,0,36,11.24,RENT,credit_card,0
776,21213.11,44818.23,1.1,0.262,0,36,6.33,MORTGAGE,debt_consolidation,0
774,66925.73,30364.9,1.0,0.119,2,36,8.88,RENT,major_purchase,0
739,107730.63,23612.91,18.4,0.379,0,36,7.71,RENT,debt_consolidation,0
577,81496.18,18509.54,0.2,0.121,1,36,12.73,RENT,debt_consolidation,0
355,20039.41,15281.65,5.2,0.277,0,60,21.75,MORTGAGE,home_improvement,1
301,24792.53,32038.45,5.5,0.263,0,36,21.51,RENT,major_purchase,1
412,33500.46,26866.96,2.1,0.365,0,60,17.1,RENT,debt_consolidation,0
537,23936.53,38320.13,5.0,0.239,0,60,14.36,MORTGAGE,credit_card,0
709,50005.36,25356.67,9.8,0.263,0,36,11.0,OWN,credit_card,0
551,58514.92,26622.58,3.1,0.279,0,36,14.13,MORTGAGE,home_improvement,1
312,25755.05,22003.69,5.4,0.343,0,36,22.99,RENT,debt_consolidation,1
415,69543.5,34555.32,4.5,0.421,0,36,19.75,MORTGAGE,debt_consolidation,0
839,64247.42,19259.66,0.8,0.295,0,36,7.52,RENT,home_improvement,0
844,38304.72,38485.34,0.2,0.536,1,36,6.96,MORTGAGE,other,0
507,45359.06,15389.97,11.5,0.242,1,36,14.45,MORTGAGE,other,0
743,20385.71,31475.5,0.8,0.148,0,36,8.8,MORTGAGE,major_purchase,0
696,42212.94,40290.72,5.5,0.624,1,36,11.01,RENT,other,0
813,49183.98,34839.25,11.5,0.401,0,60,6.12,RENT,debt_consolidation,0
789,52888.25,16074.76,2.9,0.309,0,36,8.39,RENT,debt_consolidation,0
646,58133.34,32078.92,6.3,0.3,1,60,13.21,RENT,debt_consolidation,0
517,54715.85,10107.33,3.1,0.2,0,36,14.34,MORTGAGE,home_improvement,0
645,43523.02,3559.26,5.5,0.073,0,60,9.79,RENT,credit_card,0
475,55758.64,35820.8,5.1,0.572,0,36,17.03,MORTGAGE,other,1
491,76950.25,36552.4,3.6,0.578,0,60,19.37,MORTGAGE,debt_consolidation,0
635,46958.8,2008.96,0.2,0.104,0,36,12.19,MORTGAGE,debt_consolidation,0
614,56552.1,42702.98,8.7,0.522,0,60,11.34,MORTGAGE,debt_consolidation,0
620,45081.31,20619.59,0.4,0.395,0,60,13.36,RENT,debt_consolidation,0
511,36642.3,40831.97,0.5,0.118,0,60,16.26,MORTGAGE,credit_card,1
525,62025.19,35679.68,0.8,0.253,0,36,16.15,MORTGAGE,credit_card,0
305,38183.1,40628.76,2.2,0.21,1,60,24.48,MORTGAGE,debt_consolidation,1
631,58323.83,37668.53,0.1,0.258,1,60,10.92,MORTGAGE,credit_card,0
617,49648.08,43855.8,0.2,0.195,0,60,13.69,RENT,debt_consolidation,0
815,42754.49,28680.44,3.2,0.141,0,60,7.0,MORTGAGE,debt_consolidation,0
577,42291.26,10999.39,14.3,0.258,0,60,14.45,RENT,credit_card,0
557,39001.12,18140.78,16.2,0.355,1,60,13.72,RENT,other,1
337,23374.23,34082.69,2.6,0.198,3,60,19.25,RENT,other,1
408,58238.55,7906.65,6.4,0.65,0,36,20.85,MORTGAGE,debt_consolidation,0
486,54404.17,41913.06,5.1,0.321,0,60,18.75,RENT,debt_consolidation,1
507,71851.13,10032.27,4.5,0.556,0,60,18.32,MORTGAGE,home_improvement,0
499,38593.7,39542.89,17.4,0.117,0,36,15.33,MORTGAGE,major_purchase,0
517,115027.05,22283.85,3.8,0.135,0,60,15.51,MORTGAGE,credit_card,0
723,41320.7,37987.29,7.2,0.231,0,36,11.16,OWN,credit_card,0
372,33064.01,43165.01,4.4,0.482,0,36,19.72,RENT,home_improvement,1
483,31345.99,19574.49,4.2,0.317,0,36,15.86,OWN,home_improvement,0
389,22465.47,31650.6,7.6,0.522,0,60,19.92,RENT,other,1
469,97702.51,10975.57,4.8,0.039,0,36,15.61,RENT,home_improvement,1
677,90851.39,36234.57,1.5,0.303,0,36,8.85,MORTGAGE,debt_consolidation,0
325,64237.04,37076.73,4.5,0.851,0,60,24.09,RENT,other,1
487,32753.33,13990.81,6.4,0.091,0,60,16.2,RENT,credit_card,0
313,110754.4,2062.19,19.5,0.269,0,60,22.61,MORTGAGE,debt_consolidation,0
826,41844.95,19973.03,9.7,0.226,2,36,6.37,MORTGAGE,home_improvement,0
700,43431.42,8480.02,4.0,0.234,0,60,10.65,RENT,major_purchase,0
434,93598.21,37016.25,2.1,0.056,0,60,18.17,RENT,home_improvement,0
409,65940.61,12488.28,0.2,0.606,0,36,17.03,MORTGAGE,debt_consolidation,1
354,131991.98,42522.48,3.7,0.182,0,36,19.71,MORTGAGE,credit_card,0
560,54826.29,43759.59,1.1,0.093,0,36,15.3,MORTGAGE,major_purchase,0
715,41000.36,40988.78,3.1,0.132,0,36,10.32,OWN,credit_card,0
621,37223.21,27383.04,6.9,0.113,0,60,12.64,OWN,debt_consolidation,0
785,21350.95,12766.83,9.9,0.101,0,60,5.44,RENT,other,0
489,43244.78,36519.37,6.1,0.252,0,36,17.12,RENT,debt_consolidation,0
453,82048.6,31870.2,26.5,0.456,0,60,17.0,MORTGAGE,debt_consolidation,0
563,64181.83,43995.41,6.3,0.425,0,60,13.61,RENT,home_improvement,0
411,49470.84,17599.09,4.6,0.177,2,60,17.77,RENT,debt_consolidation,0
837,31328.37,3585.79,1.1,0.269,1,36,6.48,RENT,other,0
402,54289.87,44929.0,7.3,0.206,0,36,18.9,MORTGAGE,major_purchase,0
563,77324.5,37883.6,0.1,0.205,0,60,13.87,RENT,credit_card,0
587,59505.48,10745.55,10.7,0.08,0,60,15.27,RENT,credit_card,0
331,52840.37,32927.63,17.9,0.156,0,36,21.14,RENT,major_purchase,0
558,34247.51,1030.37,4.5,0.26,0,60,12.74,MORTGAGE,major_purchase,0
550,72419.57,25543.6,12.7,0.266,0,36,13.97,RENT,home_improvement,0
442,11975.8,16964.88,3.1,0.512,0,60,18.13,MORTGAGE,home_improvement,1
370,58237.26,17778.65,0.5,0.458,0,60,20.77,MORTGAGE,major_purchase,1
324,155849.32,11758.87,1.1,0.43,0,60,20.11,RENT,debt_consolidation,0
304,24865.39,13093.19,1.2,0.389,0,60,20.69,RENT,debt_consolidation,1
565,43975.32,21005.42,7.4,0.296,1,36,14.88,MORTGAGE,debt_consolidation,0
349,48846.6,11918.38,3.8,0.68,2,36,20.67,MORTGAGE,credit_card,1
828,39808.58,21523.36,5.7,0.448,1,36,7.08,RENT,debt_consolidation,0
434,78148.68,26403.3,10.5,0.12,0,36,17.28,MORTGAGE,home_improvement,0
659,60633.51,32288.9,0.6,0.184,2,36,12.55,RENT,credit_card,0
671,52498.25,30794.41,0.3,0.454,0,36,12.13,RENT,debt_consolidation,0
573,70176.77,11647.53,5.7,0.08,0,36,14.81,OWN,major_purchase,0
786,49391.71,2724.34,1.2,0.277,1,60,7.31,MORTGAGE,credit_card,0
360,205035.62,37638.0,6.9,0.323,0,36,19.68,MORTGAGE,debt_consolidation,0
428,52475.73,39381.77,6.9,0.68,0,60,18.05,RENT,major_purchase,1
439,53523.55,44071.14,8.6,0.64,1,60,15.84,OWN,credit_card,0
374,22703.84,43227.31,9.2,0.232,0,60,19.35,RENT,credit_card,0
462,38385.97,28887.82,9.3,0.026,0,60,18.32,RENT,home_improvement,0
472,82151.47,40347.95,9.3,0.324,0,60,15.98,RENT,other,1
721,26877.49,20712.37,11.0,0.016,3,60,11.91,MORTGAGE,home_improvement,0
466,18566.22,35642.77,15.7,0.036,0,36,15.63,OWN,other,1
783,49738.87,43034.72,2.2,0.172,0,36,6.78,OWN,other,0
725,90838.19,36036.26,15.0,0.022,0,60,8.78,RENT,major_purchase,0
796,49964.68,19293.68,5.5,0.136,0,60,8.23,MORTGAGE,home_improvement,0
357,42139.63,17621.41,0.8,0.417,0,36,19.89,MORTGAGE,credit_card,0
842,21240.83,13827.88,1.8,0.206,1,60,4.73,RENT,credit_card,0
638,60084.93,17150.8,1.8,0.266,0,60,12.77,MORTGAGE,home_improvement,0
841,66010.81,37105.37,0.5,0.116,1,60,6.54,OWN,credit_card,0
495,21987.3,31866.01,4.6,0.501,0,60,15.37,RENT,credit_card,0
825,81677.97,11994.68,9.8,0.355,1,60,8.77,RENT,major_purchase,0
624,69186.63,32307.55,0.7,0.106,2,60,13.42,RENT,major_purchase,0
339,81596.54,17693.4,20.4,0.233,0,36,21.52,MORTGAGE,debt_consolidation,0
525,63741.19,25541.99,5.2,0.342,0,36,14.7,OWN,home_improvement,0
375,65785.66,17296.25,4.1,0.098,0,60,18.55,MORTGAGE,other,0
818,61964.96,23951.69,3.5,0.073,0,36,8.63,RENT,major_purchase,0
467,72461.64,33111.37,3.3,0.105,0,36,16.04,MORTGAGE,debt_consolidation,0
422,21624.0,33169.75,1.0,0.673,1,60,19.05,RENT,major_purchase,1
604,24947.36,34140.03,6.5,0.163,0,36,14.24,MORTGAGE,major_purchase,0
534,35199.83,18205.71,2.3,0.129,2,36,13.48,MORTGAGE,debt_consolidation,1
353,46239.09,31381.8,0.5,0.106,1,60,20.18,RENT,other,1
749,58376.09,11503.31,11.9,0.129,0,60,7.74,RENT,credit_card,0
766,56732.74,22006.85,0.9,0.183,0,36,8.86,RENT,home_improvement,0
709,81039.96,26656.7,21.6,0.071,0,36,9.09,MORTGAGE,debt_consolidation,0
639,82192.79,31205.22,3.7,0.632,0,36,11.05,RENT,debt_consolidation,0
521,33104.57,41127.82,1.2,0.097,0,36,13.96,MORTGAGE,credit_card,0
598,54576.53,14409.82,13.1,0.214,0,36,13.21,MORTGAGE,debt_consolidation,0
587,33472.38,38192.58,5.2,0.066,3,36,11.59,MORTGAGE,credit_card,0
391,45039.21,14689.47,0.3,0.097,0,36,21.11,MORTGAGE,debt_consolidation,0
345,56659.0,25284.01,2.5,0.126,0,60,20.41,MORTGAGE,debt_consolidation,1
439,10573.22,37436.39,5.4,0.805,2,36,18.91,MORTGAGE,home_improvement,0
550,145082.79,32818.58,7.7,0.19,0,36,14.6,OWN,credit_card,0
388,63252.12,38966.27,10.5,0.089,0,60,19.77,RENT,debt_consolidation,1
358,37493.9,36854.77,0.5,0.374,0,36,18.72,RENT,debt_consolidation,0
769,116694.7,13159.28,4.0,0.447,0,36,8.96,RENT,debt_consolidation,0
506,41925.77,44689.21,14.8,0.337,0,36,14.54,MORTGAGE,debt_consolidation,0
621,52033.02,42227.93,3.3,0.101,0,60,14.25,MORTGAGE,other,0
588,39371.52,19927.68,1.1,0.058,0,36,12.96,MORTGAGE,home_improvement,0
705,103093.98,3077.22,13.6,0.395,0,60,11.0,MORTGAGE,debt_consolidation,0
707,46758.76,14353.85,6.8,0.401,0,60,8.64,MORTGAGE,other,0
463,52431.76,37790.71,8.7,0.053,0,36,18.11,RENT,other,0
767,84263.32,42838.3,5.8,0.043,0,60,6.34,RENT,major_purchase,0
504,63787.51,37593.57,2.0,0.299,0,36,14.1,OWN,home_improvement,1
760,47836.46,18456.7,5.3,0.134,1,36,9.82,RENT,major_purchase,0
523,80795.45,3487.61,1.1,0.302,0,60,16.59,RENT,credit_card,0
361,153632.31,23773.65,4.0,0.311,0,36,19.63,MORTGAGE,debt_consolidation,0
718,56547.41,17560.83,4.8,0.419,0,60,9.35,MORTGAGE,credit_card,0
316,51665.32,6410.79,0.8,0.214,2,36,21.32,MORTGAGE,major_purchase,1
725,52933.0,5657.55,0.6,0.426,0,36,9.93,MORTGAGE,credit_card,0
323,88405.84,7733.62,1.5,0.273,0,36,22.47,OWN,debt_consolidation,1
413,37434.99,10056.24,1.4,0.297,0,36,18.26,MORTGAGE,debt_consolidation,0
632,43250.2,34166.6,6.5,0.208,0,60,10.42,OWN,major_purchase,0
818,24542.23,17794.95,4.8,0.088,2,36,6.78,OWN,home_improvement,0
525,28774.92,20225.28,1.3,0.297,0,36,14.52,RENT,credit_card,0
366,38831.61,27328.78,2.0,0.55,0,60,21.6,MORTGAGE,debt_consolidation,1
428,47802.27,43245.87,3.4,0.236,0,36,17.78,OWN,credit_card,1
793,108671.79,34284.64,0.2,0.428,0,60,9.05,RENT,debt_consolidation,0
700,62392.28,29411.36,7.5,0.349,0,36,10.27,RENT,debt_consolidation,0
355,32518.51,33728.61,1.2,0.287,0,36,19.58,RENT,debt_consolidation,1
512,35327.21,32648.87,1.0,0.52,0,36,17.2,MORTGAGE,debt_consolidation,1
445,91002.01,31370.97,3.7,0.166,0,60,16.8,MORTGAGE,debt_consolidation,0
397,81387.31,22841.91,3.0,0.29,1,36,19.13,RENT,debt_consolidation,0
766,49645.72,25941.27,4.8,0.478,0,36,7.98,MORTGAGE,major_purchase,0
640,40169.49,21305.62,15.1,0.164,0,36,11.09,MORTGAGE,debt_consolidation,0
398,81325.9,18378.17,2.2,0.413,0,36,19.47,RENT,major_purchase,1
658,31351.04,12913.8,11.9,0.323,0,36,10.82,RENT,credit_card,0
527,58478.46,16629.38,0.7,0.159,0,60,14.35,RENT,debt_consolidation,0
333,136311.3,19855.3,19.1,0.144,1,60,20.78,RENT,credit_card,0
547,53766.72,26492.69,0.3,0.226,0,60,14.03,MORTGAGE,home_improvement,0
402,34578.1,22994.5,0.7,0.135,0,36,18.49,OWN,debt_consolidation,0
435,58963.03,5749.75,3.8,0.306,1,60,17.85,MORTGAGE,debt_consolidation,0
784,39675.77,15958.84,4.9,0.075,0,36,8.58,RENT,debt_consolidation,0
691,26177.3,17552.51,4.2,0.232,0,36,10.01,MORTGAGE,major_purchase,0
373,67202.53,32104.74,8.5,0.067,0,36,18.26,RENT,debt_consolidation,0
769,81066.53,15647.25,19.5,0.043,0,60,8.91,RENT,home_improvement,0
616,42620.56,1350.06,0.3,0.338,0,36,12.02,RENT,debt_consolidation,0
781,41367.22,4710.81,0.5,0.048,0,36,8.36,MORTGAGE,credit_card,0
711,31802.35,22867.93,0.0,0.719,0,36,11.31,RENT,debt_consolidation,0
486,45822.43,9293.8,1.0,0.279,0,60,16.46,RENT,credit_card,0
594,38060.57,22763.39,1.2,0.401,0,36,12.33,RENT,major_purchase,0
592,31102.25,26265.04,9.9,0.379,1,36,13.17,MORTGAGE,major_purchase,1
696,114860.77,42071.27,0.2,0.281,0,36,9.48,RENT,credit_card,0
436,60471.16,29845.52,2.4,0.06,0,36,16.99,RENT,debt_consolidation,0
483,63422.74,2365.79,1.9,0.148,0,36,16.15,MORTGAGE,major_purchase,0
434,72950.02,17752.14,3.6,0.394,0,36,16.56,RENT,credit_card,0
463,69353.11,35912.11,0.6,0.325,0,36,15.89,MORTGAGE,debt_consolidation,0
388,40704.77,12464.75,3.6,0.569,0,60,20.17,OWN,other,0
320,55417.39,41698.82,1.9,0.257,1,36,21.51,MORTGAGE,credit_card,1
817,43431.33,24276.47,6.6,0.425,0,36,7.25,MORTGAGE,other,0
340,59713.21,5067.7,5.8,0.21,0,36,21.61,OWN,credit_card,1
789,57168.65,11633.5,18.1,0.22,1,36,5.49,RENT,credit_card,0
301,41266.36,40877.16,2.2,0.482,0,36,21.51,OWN,credit_card,1
728,26952.08,44624.23,8.0,0.064,0,60,11.27,RENT,credit_card,0
480,52355.21,38972.7,0.1,0.328,0,60,18.72,RENT,debt_consolidation,1
585,44715.65,15109.77,0.7,0.315,1,36,12.8,MORTGAGE,major_purchase,1
455,20938.24,34828.04,0.6,0.218,1,60,16.34,OWN,debt_consolidation,1
570,61601.89,10778.02,23.7,0.207,0,36,11.59,RENT,debt_consolidation,0
548,75690.2,17918.98,0.3,0.164,0,36,14.19,RENT,major_purchase,0
591,152933.8,31675.4,1.2,0.669,0,60,14.12,RENT,other,0
516,41108.13,43631.66,3.8,0.166,0,60,16.69,RENT,credit_card,0
595,38467.91,20324.72,3.0,0.423,0,36,11.74,OWN,debt_consolidation,0
754,29755.24,22816.8,0.9,0.361,1,60,8.45,MORTGAGE,debt_consolidation,0
539,53846.29,10687.42,18.9,0.226,0,60,14.3,MORTGAGE,home_improvement,0
499,53693.28,18741.8,0.4,0.112,0,60,14.81,RENT,major_purchase,0
372,34027.24,3772.82,2.5,0.221,0,36,19.06,OWN,home_improvement,0
498,45309.93,38777.78,6.1,0.181,2,36,17.14,RENT,major_purchase,1
369,20122.63,2026.72,1.6,0.382,0,60,20.45,RENT,credit_card,1
400,74374.58,31075.08,5.3,0.223,0,36,19.4,RENT,other,0
824,34654.9,13021.75,0.7,0.411,1,60,8.24,MORTGAGE,home_improvement,0
349,48262.23,21948.82,1.6,0.391,0,36,20.32,OWN,home_improvement,1
565,25796.34,13388.57,0.1,0.459,0,60,14.0,MORTGAGE,home_improvement,0
759,37719.82,18603.11,2.1,0.556,0,36,9.05,RENT,debt_consolidation,0
825,43225.42,25058.23,0.0,0.309,0,60,5.41,MORTGAGE,major_purchase,0
380,48772.36,29199.31,8.4,0.65,0,36,20.55,MORTGAGE,debt_consolidation,0
390,60832.51,42372.59,1.2,0.41,1,36,20.0,RENT,debt_consolidation,1
505,93674.73,15616.84,0.4,0.239,0,36,16.37,RENT,other,0
605,68167.28,26733.73,1.0,0.227,0,60,12.17,RENT,debt_consolidation,0
828,75582.05,40675.77,5.2,0.674,0,36,7.34,MORTGAGE,other,0
414,93971.5,13770.2,2.4,0.41,0,36,20.63,OWN,major_purchase,0
390,63346.1,39062.2,14.9,0.339,2,60,19.9,OWN,home_improvement,0
439,48217.71,43132.42,0.7,0.293,1,36,17.17,MORTGAGE,major_purchase,1
781,77195.8,38289.72,4.4,0.365,0,36,10.02,RENT,major_purchase,0
316,79447.7,26073.86,1.3,0.398,0,60,21.95,MORTGAGE,home_improvement,1
509,65634.36,32773.08,11.0,0.279,0,36,17.89,OWN,credit_card,1
365,25474.1,22166.9,4.3,0.434,0,60,18.84,MORTGAGE,home_improvement,0
386,33568.48,27279.26,13.1,0.329,0,36,18.58,MORTGAGE,debt_consolidation,0
805,43317.66,43876.86,0.1,0.513,0,60,8.16,RENT,home_improvement,0
300,69621.55,12049.3,1.6,0.375,0,36,18.74,MORTGAGE,debt_consolidation,1
477,48552.17,35872.07,4.4,0.451,1,36,19.03,MORTGAGE,major_purchase,0
804,81763.88,23274.26,22.4,0.237,0,60,8.78,MORTGAGE,home_improvement,0
635,88597.28,8782.42,1.6,0.296,1,60,11.34,RENT,debt_consolidation,0
339,84088.64,29315.56,14.3,0.192,0,36,22.25,RENT,other,0
556,84330.03,35866.78,3.2,0.024,1,36,14.54,RENT,other,0
834,30741.01,26025.26,3.8,0.454,0,36,6.11,OWN,credit_card,0
520,60912.03,37847.04,8.1,0.19,0,36,14.36,MORTGAGE,debt_consolidation,0
591,37294.9,17098.22,2.9,0.278,0,36,14.69,OWN,major_purchase,1
593,23339.91,41205.81,2.8,0.4,1,60,14.23,RENT,other,0
663,43072.41,29526.08,2.3,0.295,0,36,11.71,RENT,debt_consolidation,0
403,88976.86,36339.01,2.8,0.106,0,60,17.56,MORTGAGE,credit_card,0
762,60314.87,13011.35,6.4,0.196,1,60,9.11,RENT,other,0
844,121541.89,20629.65,0.5,0.142,0,60,7.29,MORTGAGE,major_purchase,0
378,53090.51,41023.17,0.5,0.093,1,60,21.77,RENT,other,1
750,147489.35,3239.4,1.7,0.466,3,36,8.68,RENT,home_improvement,1
750,53097.47,18775.2,5.4,0.324,0,36,8.23,RENT,debt_consolidation,0
708,49519.22,35334.02,1.0,0.567,1,60,8.82,OWN,home_improvement,0
504,27564.24,33727.85,10.4,0.374,0,60,16.14,MORTGAGE,credit_card,0
558,80801.7,38471.4,0.6,0.347,2,36,15.46,MORTGAGE,home_improvement,1
762,39106.49,33533.17,9.5,0.231,0,60,10.87,MORTGAGE,credit_card,0
384,36637.54,42672.05,4.7,0.507,2,36,20.12,MORTGAGE,major_purchase,1
756,87251.82,22923.42,5.8,0.324,0,60,10.3,MORTGAGE,home_improvement,0
807,82553.36,28468.75,7.0,0.114,0,60,7.39,MORTGAGE,credit_card,0
675,81586.83,38299.05,2.1,0.136,2,36,11.92,RENT,debt_consolidation,0
488,41648.22,31874.4,2.2,0.142,0,36,15.85,MORTGAGE,home_improvement,0
608,47909.11,5490.5,5.8,0.209,0,36,13.34,RENT,major_purchase,0
327,47718.07,17147.84,8.9,0.656,1,60,19.98,RENT,other,1
813,69712.38,25314.0,0.8,0.369,2,36,8.36,OWN,other,0
488,98627.37,34207.57,0.9,0.214,0,60,19.06,MORTGAGE,debt_consolidation,0
331,57853.31,24916.97,1.3,0.151,0,60,21.28,MORTGAGE,home_improvement,1
737,119217.04,35212.17,2.4,0.153,0,36,8.76,MORTGAGE,home_improvement,0
662,73404.28,37854.82,6.1,0.281,0,60,16.11,RENT,debt_consolidation,0
643,44105.52,12665.64,1.1,0.489,1,36,13.4,OWN,debt_consolidation,0
329,71176.65,28108.32,4.2,0.536,0,60,22.96,MORTGAGE,home_improvement,1
713,105627.4,25512.86,5.8,0.38,0,60,10.46,MORTGAGE,other,0
651,120478.92,11001.96,4.1,0.347,0,60,10.56,RENT,debt_consolidation,0
737,83625.28,22554.64,1.8,0.051,0,60,9.04,OWN,home_improvement,0
755,49590.45,25137.0,1.5,0.144,0,36,8.87,MORTGAGE,credit_card,0
416,44466.35,36962.95,4.4,0.35,0,60,18.59,RENT,debt_consolidation,0
416,63527.7,21283.53,6.8,0.585,0,36,17.31,OWN,debt_consolidation,0
809,104118.87,4560.3,1.5,0.749,0,36,7.16,RENT,major_purchase,0
592,59587.2,22441.02,14.2,0.505,1,36,12.12,MORTGAGE,debt_consolidation,0
541,60146.55,37869.84,3.2,0.069,0,36,13.38,RENT,home_improvement,0
458,50167.82,26135.24,3.5,0.062,0,60,16.46,RENT,debt_consolidation,0
652,42296.05,15030.07,15.6,0.227,1,60,11.41,RENT,debt_consolidation,0
715,45571.58,41522.72,6.4,0.516,0,36,9.65,RENT,home_improvement,0
301,52101.12,7848.66,14.0,0.194,2,36,21.8,MORTGAGE,credit_card,0
604,106206.97,15382.62,4.4,0.345,0,60,15.31,OWN,debt_consolidation,0
847,44008.09,20233.93,0.6,0.665,0,60,5.92,RENT,major_purchase,0
454,50195.24,33471.03,0.3,0.508,0,36,15.29,MORTGAGE,credit_card,0
454,33209.13,37772.86,5.6,0.422,2,36,17.08,OWN,credit_card,1
783,67675.8,3576.66,3.9,0.28,0,60,7.6,RENT,credit_card,0
334,90672.16,35849.58,17.3,0.224,0,36,18.24,OWN,home_improvement,1
519,101826.33,32703.25,16.5,0.329,0,60,15.56,MORTGAGE,other,0
552,53718.57,40364.7,14.9,0.145,2,36,13.94,RENT,debt_consolidation,1
739,63478.68,40619.49,5.0,0.36,0,60,9.04,MORTGAGE,home_improvement,0
371,45747.95,35211.12,5.3,0.592,0,36,20.11,RENT,debt_consolidation,1
539,62168.79,9368.92,2.6,0.05,0,36,14.78,MORTGAGE,debt_consolidation,0
383,56459.81,14810.35,6.7,0.051,0,36,19.34,RENT,major_purchase,0
733,50323.07,42198.07,4.1,0.349,1,36,8.67,MORTGAGE,other,0
648,52155.72,27319.63,1.6,0.115,0,60,12.44,MORTGAGE,debt_consolidation,0
573,60075.96,24705.47,3.6,0.211,0,36,13.46,MORTGAGE,credit_card,0
516,42943.11,41291.22,2.5,0.636,1,60,16.36,RENT,credit_card,1
384,43953.01,39464.74,3.0,0.224,1,36,18.12,MORTGAGE,home_improvement,1
807,105695.0,33009.83,0.7,0.468,3,60,6.63,OWN,major_purchase,0
656,166000.49,39819.1,3.0,0.233,0,36,12.1,OWN,debt_consolidation,0
475,28510.7,6008.74,0.8,0.344,0,36,15.44,MORTGAGE,home_improvement,0
528,27812.42,34331.93,3.7,0.298,1,36,14.58,MORTGAGE,debt_consolidation,0
700,31865.56,43488.17,0.7,0.428,0,36,10.91,OWN,major_purchase,0
696,46794.47,3154.98,5.3,0.115,0,60,9.45,RENT,home_improvement,0
554,73357.59,10814.01,3.1,0.409,2,36,15.94,MORTGAGE,credit_card,0
466,63963.24,35934.61,6.3,0.042,0,60,17.08,MORTGAGE,debt_consolidation,0
663,52966.45,23882.08,3.7,0.281,0,60,10.97,MORTGAGE,debt_consolidation,0
662,62194.45,4811.21,6.0,0.172,2,60,12.07,RENT,debt_consolidation,0
630,35902.46,12790.15,1.9,0.749,0,36,12.38,RENT,debt_consolidation,1
340,43920.86,15258.62,2.6,0.373,1,60,20.77,OWN,credit_card,1
560,48579.53,15126.76,1.8,0.096,1,36,14.11,RENT,credit_card,0
638,24031.07,39617.6,0.9,0.359,1,36,11.89,OWN,debt_consolidation,0
823,29068.5,30129.6,0.3,0.404,0,36,5.43,MORTGAGE,credit_card,0
589,29593.06,33336.36,5.6,0.222,0,36,14.27,RENT,credit_card,0
488,69137.23,1597.08,1.2,0.449,0,36,15.71,MORTGAGE,debt_consolidation,0
606,54743.27,19810.53,6.4,0.177,1,36,14.18,OWN,debt_consolidation,0
397,64535.94,14984.11,0.8,0.394,0,60,17.95,RENT,home_improvement,0
349,21421.6,38484.72,2.2,0.246,0,60,21.88,MORTGAGE,other,1
673,25144.51,42970.26,4.0,0.745,0,36,10.13,OWN,debt_consolidation,0
843,66068.47,19627.0,2.3,0.245,0,36,6.99,RENT,credit_card,0
766,14039.06,43814.67,8.6,0.634,1,36,7.85,OWN,debt_consolidation,0
621,85057.54,1631.8,4.6,0.094,3,60,12.78,RENT,debt_consolidation,0
322,21579.68,15331.65,1.5,0.276,0,60,20.55,MORTGAGE,debt_consolidation,0
844,71646.9,35096.97,2.3,0.056,0,36,5.13,RENT,credit_card,0
547,32864.13,16844.38,11.4,0.456,1,36,14.28,MORTGAGE,credit_card,0
459,78590.54,41522.34,1.8,0.458,0,36,18.04,RENT,credit_card,0
791,207663.12,10612.46,2.1,0.373,0,36,8.38,OWN,credit_card,0
711,17624.94,36009.34,5.1,0.201,0,36,10.58,MORTGAGE,credit_card,0
713,67031.62,9874.9,15.1,0.067,0,60,10.16,OWN,credit_card,0
453,21727.34,9672.62,3.6,0.628,0,60,19.92,OWN,debt_consolidation,1
846,59399.79,20612.97,1.1,0.085,0,36,5.04,MORTGAGE,debt_consolidation,0
549,44665.31,42577.39,40.0,0.242,0,36,14.51,RENT,debt_consolidation,0
592,51968.97,26760.02,0.9,0.51,0,36,10.46,OWN,credit_card,0
713,32524.25,28941.45,5.9,0.225,0,36,10.38,RENT,credit_card,0
663,69650.38,1428.24,1.4,0.124,0,36,10.28,OWN,debt_consolidation,0
394,25546.08,3491.07,11.7,0.315,0,60,19.12,MORTGAGE,debt_consolidation,0
466,85711.03,3945.1,6.5,0.282,1,60,16.2,MORTGAGE,home_improvement,0
499,40775.53,37064.26,1.3,0.138,0,60,15.92,MORTGAGE,other,0
822,26076.48,11421.49,0.3,0.568,1,36,6.89,RENT,debt_consolidation,0
693,100480.76,15468.88,14.4,0.272,1,36,9.62,MORTGAGE,home_improvement,0
501,47557.55,27837.92,4.2,0.331,0,36,16.43,RENT,debt_consolidation,0
704,115663.01,26693.99,3.4,0.17,2,36,9.64,OWN,debt_consolidation,0
706,84932.34,19063.3,18.3,0.287,0,36,9.31,RENT,debt_consolidation,0
517,34229.2,1189.21,10.6,0.212,0,36,16.36,MORTGAGE,credit_card,0
522,47181.38,20782.51,1.3,0.222,0,36,15.7,MORTGAGE,debt_consolidation,0
792,51764.87,33510.84,2.4,0.429,0,60,5.51,MORTGAGE,credit_card,0
609,97424.84,11350.53,1.3,0.596,0,60,12.52,MORTGAGE,other,0
382,59687.8,32167.75,11.0,0.146,3,60,18.34,RENT,debt_consolidation,1
696,53068.12,1666.72,11.4,0.344,1,60,11.96,MORTGAGE,credit_card,0
624,44804.07,40952.34,20.9,0.367,0,60,11.6,RENT,debt_consolidation,0
580,47918.14,42801.73,3.2,0.353,0,36,13.01,MORTGAGE,credit_card,0
699,88173.91,1108.31,1.7,0.118,0,60,10.35,RENT,major_purchase,0
799,49102.61,21144.01,1.3,0.058,0,36,7.98,MORTGAGE,debt_consolidation,0
482,41037.9,19208.17,15.7,0.186,0,36,15.8,MORTGAGE,credit_card,0
531,38023.96,38042.87,7.3,0.401,0,36,15.37,MORTGAGE,credit_card,0
404,38208.21,24791.75,9.4,0.563,0,60,19.2,RENT,major_purchase,1
656,26083.46,27900.08,8.7,0.063,1,36,9.6,MORTGAGE,debt_consolidation,0
521,34972.98,9910.26,2.1,0.413,2,60,16.02,MORTGAGE,debt_consolidation,1
488,96210.05,4390.85,8.6,0.11,0,36,15.84,RENT,debt_consolidation,0
683,44668.79,31462.57,0.9,0.666,0,60,9.4,MORTGAGE,home_improvement,0
524,67304.69,28309.74,5.8,0.213,0,36,17.52,RENT,credit_card,0
555,16067.59,37622.46,2.8,0.459,0,36,13.46,RENT,credit_card,0
542,63306.3,38166.07,8.5,0.206,1,36,15.76,RENT,debt_consolidation,0
442,45587.61,28765.55,0.8,0.605,0,36,18.33,MORTGAGE,credit_card,1
369,39472.2,24687.9,6.5,0.307,0,60,17.94,MORTGAGE,major_purchase,1
755,53179.7,41216.36,2.0,0.208,0,36,7.78,RENT,home_improvement,0
350,39217.51,36255.62,7.0,0.019,0,60,19.15,OWN,major_purchase,0
479,18849.78,39826.7,10.3,0.268,1,60,17.76,RENT,home_improvement,0
667,74236.53,44817.0,2.6,0.557,2,36,12.16,MORTGAGE,credit_card,0
372,54685.72,18754.25,4.4,0.158,0,60,21.69,MORTGAGE,major_purchase,1
661,42562.37,32545.13,2.7,0.4,0,36,10.25,MORTGAGE,credit_card,0
703,31736.31,31274.98,2.2,0.19,0,36,12.97,RENT,home_improvement,0
665,25300.11,8662.28,0.8,0.144,0,36,12.39,OWN,debt_consolidation,0
468,54217.1,29008.14,3.6,0.078,0,36,18.98,MORTGAGE,debt_consolidation,0
310,101320.95,19835.93,14.4,0.252,0,36,21.8,RENT,credit_card,1
788,53713.78,20827.97,3.1,0.279,1,60,7.39,MORTGAGE,debt_consolidation,0
479,26311.39,8926.07,6.4,0.517,3,36,15.7,RENT,debt_consolidation,1
743,54246.98,33768.53,9.5,0.145,2,60,10.53,RENT,debt_consolidation,0
408,47858.1,31709.4,3.4,0.527,3,60,18.63,RENT,home_improvement,1
389,72317.37,24420.77,12.0,0.037,0,60,19.19,RENT,home_improvement,0
728,64410.37,7895.64,0.3,0.07,0,60,10.81,RENT,debt_consolidation,0
817,12789.5,25502.05,30.5,0.227,1,36,7.86,RENT,other,0
774,62652.51,5405.87,2.9,0.035,0,60,7.9,MORTGAGE,home_improvement,0
713,31208.14,15932.37,22.6,0.14,2,36,10.09,RENT,debt_consolidation,0
435,25854.04,17383.75,8.2,0.378,0,36,18.35,MORTGAGE,debt_consolidation,0
803,45034.63,39870.72,1.7,0.146,0,60,7.39,MORTGAGE,major_purchase,0
667,58979.02,19284.73,4.4,0.446,0,60,12.67,OWN,credit_card,0
394,23427.58,27332.67,0.1,0.258,0,36,19.83,RENT,debt_consolidation,0
371,67309.68,39490.28,5.6,0.27,0,60,19.51,MORTGAGE,debt_consolidation,0
780,69113.3,19733.42,7.5,0.051,0,60,9.52,MORTGAGE,debt_consolidation,0
451,50068.1,39882.95,0.8,0.204,1,36,16.82,MORTGAGE,major_purchase,1
722,33175.58,7004.3,2.5,0.206,0,60,9.55,MORTGAGE,home_improvement,0
376,31548.46,17053.1,5.2,0.293,0,36,19.46,MORTGAGE,debt_consolidation,1
454,77782.32,5168.0,2.9,0.714,1,60,17.0,MORTGAGE,debt_consolidation,1
456,24833.52,25680.9,2.1,0.405,0,36,17.04,MORTGAGE,other,0
454,79143.01,43120.41,2.1,0.167,0,60,18.62,RENT,home_improvement,0
671,45508.77,29905.88,1.1,0.386,0,60,11.24,MORTGAGE,home_improvement,0
803,46951.69,28547.33,5.8,0.218,0,36,9.37,MORTGAGE,debt_consolidation,0
801,22728.17,13238.98,4.3,0.357,0,60,6.78,MORTGAGE,other,0
708,45888.85,41968.7,13.3,0.172,1,36,9.38,RENT,home_improvement,0
411,64609.29,21747.53,6.2,0.241,0,36,17.18,RENT,debt_consolidation,0
829,26865.96,12748.09,1.1,0.418,3,60,5.02,MORTGAGE,other,0
598,61352.19,44458.8,4.1,0.118,3,36,12.38,OWN,credit_card,1
600,51024.21,19617.45,8.8,0.019,0,60,12.27,OWN,debt_consolidation,0
686,36691.85,17345.96,29.3,0.236,0,36,10.05,MORTGAGE,credit_card,0
723,72013.07,2538.3,0.1,0.373,1,60,9.85,MORTGAGE,major_purchase,0
825,18196.5,8844.98,3.9,0.261,1,60,5.72,RENT,credit_card,0
620,57297.16,36604.42,2.2,0.214,0,60,14.64,RENT,credit_card,0
636,101594.62,22238.58,1.6,0.587,0,36,12.07,MORTGAGE,credit_card,0
710,93711.33,43014.49,4.6,0.283,0,36,11.01,OWN,other,0
440,58419.97,4690.98,4.2,0.036,0,36,16.85,RENT,debt_consolidation,0
469,42797.87,28101.51,8.0,0.306,0,36,16.59,MORTGAGE,debt_consolidation,0
644,36823.4,32679.3,2.1,0.345,0,60,12.33,OWN,major_purchase,0
335,42773.9,28332.06,1.3,0.434,0,60,21.45,RENT,debt_consolidation,1
476,62612.06,24314.61,5.2,0.198,0,36,17.91,RENT,debt_consolidation,0
695,34089.35,26445.13,0.9,0.276,0,36,8.92,MORTGAGE,major_purchase,0
837,68929.58,31340.18,8.2,0.128,0,36,9.5,RENT,debt_consolidation,0
586,128017.5,38983.6,9.4,0.549,0,36,15.57,MORTGAGE,debt_consolidation,0
520,47674.53,15799.16,16.3,0.159,1,36,15.84,RENT,debt_consolidation,0
542,26769.6,21224.78,0.9,0.312,0,60,15.35,MORTGAGE,home_improvement,0
677,26765.39,28980.02,4.4,0.318,0,36,11.27,OWN,credit_card,0
600,69525.89,14825.5,7.5,0.036,0,36,12.1,MORTGAGE,major_purchase,0
312,47720.4,8866.45,14.0,0.252,1,60,19.99,MORTGAGE,debt_consolidation,0
597,72734.7,43511.43,5.9,0.37,0,36,11.96,OWN,debt_consolidation,0
520,38555.91,9568.07,3.4,0.319,0,60,14.05,RENT,major_purchase,0
686,71237.92,11240.26,3.8,0.441,0,60,12.77,RENT,credit_card,0
782,45650.3,28222.19,0.9,0.233,0,60,7.37,MORTGAGE,credit_card,0
830,35255.37,4404.21,17.2,0.536,0,60,7.88,MORTGAGE,other,0
636,40927.22,2498.1,3.7,0.361,3,36,11.91,RENT,debt_consolidation,0
499,28604.68,3816.6,3.8,0.396,0,60,16.04,MORTGAGE,home_improvement,0
544,119995.77,6423.6,0.6,0.265,0,60,14.6,MORTGAGE,home_improvement,0
397,46940.13,19884.66,10.3,0.434,1,60,18.46,RENT,credit_card,0
815,65514.8,37487.47,5.1,0.049,0,36,9.1,RENT,debt_consolidation,0
766,38499.82,16046.76,28.1,0.379,0,36,8.58,MORTGAGE,debt_consolidation,0
770,30535.11,19811.38,3.8,0.362,0,36,9.99,RENT,credit_card,0
480,44123.76,27411.05,9.0,0.024,0,60,17.02,RENT,debt_consolidation,0
477,80461.71,14294.35,17.8,0.36,0,36,18.53,RENT,debt_consolidation,0
771,38780.42,20031.67,0.2,0.297,2,60,8.39,RENT,debt_consolidation,0
600,33132.19,17997.71,0.1,0.211,0,60,12.93,RENT,credit_card,0
688,52573.05,16042.88,0.7,0.217,0,60,8.93,MORTGAGE,major_purchase,0
569,61362.87,18089.3,8.6,0.06,0,36,15.05,OWN,home_improvement,0
543,102670.66,1489.18,3.3,0.136,0,36,16.76,MORTGAGE,credit_card,0
648,57479.73,39995.47,3.6,0.174,1,60,13.06,MORTGAGE,debt_consolidation,0
747,65499.43,44003.26,1.9,0.277,0,36,8.47,MORTGAGE,debt_consolidation,0
484,67756.38,38949.83,19.9,0.179,0,60,17.59,MORTGAGE,debt_consolidation,0
745,29177.21,1252.66,25.2,0.326,0,60,7.77,RENT,credit_card,0
434,31777.08,34038.96,18.2,0.462,1,36,16.88,RENT,home_improvement,0
521,30098.98,26216.41,6.3,0.31,0,36,14.73,MORTGAGE,debt_consolidation,0
802,26917.57,5143.7,0.9,0.131,0,36,6.57,RENT,credit_card,0
825,70119.55,42045.8,10.3,0.207,0,60,7.43,OWN,home_improvement,0
809,55855.46,35153.55,5.2,0.189,0,60,8.18,RENT,credit_card,0
474,50806.18,7393.04,4.7,0.447,0,36,16.44,MORTGAGE,other,0
764,15264.38,43417.82,5.2,0.374,0,60,10.41,RENT,debt_consolidation,0
815,123619.62,6552.75,0.9,0.705,0,60,6.4,MORTGAGE,home_improvement,0
838,32780.12,21005.91,2.2,0.648,0,36,7.75,MORTGAGE,debt_consolidation,0
311,123415.96,7994.93,1.6,0.204,0,36,21.24,MORTGAGE,debt_consolidation,0
710,25535.92,7608.39,2.1,0.173,0,60,10.09,RENT,debt_consolidation,0
849,34010.33,43583.45,1.2,0.412,0,36,6.11,MORTGAGE,debt_consolidation,0
721,18191.65,26173.4,0.4,0.109,2,60,10.76,MORTGAGE,debt_consolidation,0
428,57696.76,12403.7,1.0,0.395,0,36,18.03,RENT,major_purchase,0
720,29864.76,35161.57,1.0,0.242,0,60,7.77,MORTGAGE,credit_card,0
357,30246.93,39510.75,7.1,0.207,1,60,21.26,MORTGAGE,home_improvement,1
564,26433.0,41374.57,6.3,0.045,0,60,14.31,MORTGAGE,home_improvement,1
645,69550.6,42051.34,16.8,0.466,1,60,14.05,RENT,major_purchase,0
551,67518.62,40845.6,4.9,0.055,0,36,13.14,MORTGAGE,debt_consolidation,0
685,110792.6,29113.03,1.9,0.277,1,36,10.55,MORTGAGE,debt_consolidation,0
432,36005.68,16068.53,6.9,0.22,0,60,16.23,RENT,home_improvement,0
634,54093.47,41724.98,12.4,0.143,0,60,12.4,MORTGAGE,major_purchase,0
655,27441.15,6389.85,0.8,0.215,0,36,11.8,RENT,debt_consolidation,0
649,42160.22,8427.19,8.4,0.252,0,60,13.53,MORTGAGE,credit_card,0
459,38813.35,20088.41,2.3,0.389,0,60,17.96,RENT,credit_card,0
468,60415.59,13481.26,8.7,0.278,0,36,16.5,RENT,other,0
442,77471.07,28092.24,0.0,0.55,0,60,17.97,OWN,home_improvement,1
554,76571.48,40833.28,4.8,0.398,0,60,15.79,RENT,other,0
622,33548.07,22605.38,0.9,0.163,0,36,10.52,OWN,credit_card,0
499,76826.93,25370.31,1.7,0.304,0,36,16.86,MORTGAGE,debt_consolidation,0
525,48057.89,19617.88,0.8,0.093,0,36,14.6,OWN,home_improvement,0
457,42358.8,32133.04,7.7,0.213,0,60,16.99,OWN,major_purchase,1
420,35638.07,5430.31,0.2,0.255,0,36,18.53,OWN,credit_card,0
662,38102.26,3137.95,9.9,0.068,0,36,9.65,RENT,debt_consolidation,0
749,107370.55,29218.89,1.0,0.166,0,36,7.13,MORTGAGE,debt_consolidation,0
460,56293.53,24534.66,2.4,0.455,0,36,18.13,RENT,home_improvement,0
774,53028.0,18923.75,0.8,0.424,0,36,7.7,MORTGAGE,debt_consolidation,0
614,43564.11,15695.68,7.7,0.195,0,36,12.82,MORTGAGE,debt_consolidation,0
392,147368.33,3279.53,8.3,0.652,0,60,19.59,RENT,home_improvement,0
501,88190.52,30944.47,0.6,0.444,0,36,14.66,OWN,home_improvement,0
304,35437.36,19544.57,0.5,0.388,0,36,20.99,MORTGAGE,credit_card,1
321,43341.82,20591.79,1.6,0.102,0,60,20.31,MORTGAGE,major_purchase,1
485,44515.38,40311.57,1.3,0.153,2,36,13.83,OWN,credit_card,1
550,52346.61,33452.11,1.0,0.161,0,60,14.49,OWN,credit_card,0
739,35755.1,10655.5,0.9,0.049,0,60,9.03,MORTGAGE,other,0
374,59722.7,29915.33,1.0,0.305,0,36,20.42,MORTGAGE,debt_consolidation,1
762,94224.89,6819.23,3.6,0.12,1,36,8.98,RENT,debt_consolidation,0
429,27142.81,9538.81,3.4,0.451,0,36,16.17,MORTGAGE,credit_card,0
376,29505.56,32422.57,5.8,0.344,0,60,17.73,MORTGAGE,credit_card,1
685,39441.69,6539.18,4.7,0.437,0,36,10.05,MORTGAGE,major_purchase,0
726,40273.22,13328.53,7.7,0.164,0,36,9.86,MORTGAGE,credit_card,0
633,120488.51,40514.65,1.2,0.373,0,60,11.69,MORTGAGE,home_improvement,0
363,76939.07,33485.88,12.5,0.532,1,60,19.23,RENT,credit_card,1
363,74977.63,41896.22,1.2,0.252,0,60,21.75,RENT,credit_card,1
514,43522.59,39800.67,5.5,0.33,0,36,16.46,RENT,major_purchase,1
548,43094.86,14753.49,8.8,0.328,0,60,15.63,MORTGAGE,debt_consolidation,0
850,25507.62,28824.61,4.9,0.44,0,36,6.42,MORTGAGE,major_purchase,0
457,69687.98,17662.61,1.2,0.257,0,60,16.1,MORTGAGE,home_improvement,0
406,61143.24,31672.59,2.1,0.201,1,60,19.79,MORTGAGE,other,1
821,87439.19,16332.11,8.1,0.081,1,60,9.87,MORTGAGE,debt_consolidation,0
384,44583.84,1057.96,11.6,0.166,0,60,20.29,MORTGAGE,debt_consolidation,1
314,45990.93,5133.28,0.0,0.033,1,36,21.47,OWN,debt_consolidation,1
532,52919.15,34924.54,7.1,0.448,0,36,13.41,MORTGAGE,debt_consolidation,0
520,73229.52,4696.23,14.9,0.047,1,60,14.69,MORTGAGE,major_purchase,1
641,25296.04,27374.6,1.1,0.383,0,60,12.91,RENT,home_improvement,0
783,68269.97,38742.25,1.8,0.569,1,36,8.72,RENT,credit_card,0
814,48570.76,33608.45,7.5,0.539,1,36,5.81,RENT,home_improvement,0
459,30443.06,19191.31,1.5,0.201,0,36,17.95,MORTGAGE,debt_consolidation,0
840,19185.83,10178.59,1.4,0.103,0,60,5.13,RENT,credit_card,0
648,46100.86,41591.65,2.3,0.407,0,36,12.91,RENT,debt_consolidation,0
338,94039.56,25921.59,0.5,0.109,0,60,21.62,OWN,other,0
817,104152.15,18838.48,5.7,0.122,0,36,8.13,RENT,debt_consolidation,0
376,57521.8,42450.54,8.1,0.391,0,60,19.2,OWN,debt_consolidation,1
624,118527.77,10460.78,8.2,0.377,0,36,13.45,MORTGAGE,other,0
735,48082.64,20460.4,6.6,0.63,0,36,9.48,RENT,major_purchase,0
437,75281.27,5780.41,3.5,0.177,0,60,18.49,RENT,home_improvement,0
449,40012.46,6494.73,20.3,0.236,0,60,17.74,MORTGAGE,debt_consolidation,0
562,38887.59,18538.24,11.7,0.199,0,36,13.34,RENT,debt_consolidation,0
787,36138.75,31785.06,3.9,0.101,1,60,8.22,RENT,debt_consolidation,0
423,19394.83,15911.33,1.7,0.223,0,60,18.97,MORTGAGE,major_purchase,0
665,87482.28,31342.31,4.9,0.202,1,60,10.06,MORTGAGE,other,0
549,36726.92,36428.38,0.2,0.135,1,36,15.44,RENT,home_improvement,1
361,34178.52,39613.43,7.7,0.337,1,36,20.85,RENT,major_purchase,0
691,28825.42,2967.66,3.8,0.086,0,36,9.81,RENT,credit_card,0
758,44713.84,35044.19,0.8,0.179,0,60,8.99,OWN,debt_consolidation,0
617,108398.72,7474.25,5.8,0.318,0,36,12.04,OWN,home_improvement,0
397,125768.79,31723.54,0.4,0.729,0,60,19.88,MORTGAGE,major_purchase,0
385,23216.3,17353.15,23.4,0.198,2,60,18.46,RENT,major_purchase,1
533,41793.6,32142.91,1.1,0.056,0,36,16.81,RENT,debt_consolidation,1
579,30777.49,10408.27,14.4,0.416,0,36,15.41,OWN,other,0
604,76477.51,29379.59,6.4,0.18,0,36,14.14,OWN,credit_card,0
434,55768.65,6522.62,2.0,0.419,0,36,20.44,RENT,credit_card,0
575,36810.7,8468.8,13.1,0.553,0,36,15.71,RENT,credit_card,0
462,50648.15,28036.32,0.4,0.096,0,36,18.41,MORTGAGE,debt_consolidation,0
678,39543.7,15817.95,3.2,0.215,0,60,12.88,MORTGAGE,credit_card,0
738,101357.66,31966.24,2.9,0.55,3,60,9.11,MORTGAGE,credit_card,0
659,62700.94,31147.02,8.3,0.189,1,36,10.89,OWN,other,0
300,66265.23,28351.9,5.3,0.315,0,36,23.18,RENT,other,1
846,14763.12,33143.78,0.1,0.308,0,60,5.99,OWN,debt_consolidation,0
313,47569.41,35933.15,5.8,0.001,0,60,22.73,RENT,debt_consolidation,0
850,125172.11,41102.62,4.8,0.357,3,36,5.08,MORTGAGE,debt_consolidation,0
317,89032.62,4542.7,2.1,0.301,2,36,20.72,MORTGAGE,debt_consolidation,0
584,21350.06,26148.16,2.1,0.378,0,36,11.99,MORTGAGE,credit_card,0
358,42572.27,33946.18,6.0,0.21,0,36,18.98,RENT,credit_card,0
352,28547.26,10545.42,4.5,0.276,0,60,20.9,RENT,debt_consolidation,1
676,105873.02,12599.33,4.5,0.626,0,36,9.37,MORTGAGE,debt_consolidation,0
701,54716.75,12746.43,6.1,0.028,0,36,9.15,RENT,home_improvement,0
365,34699.9,26182.65,7.8,0.506,0,36,19.15,RENT,major_purchase,0
838,49780.12,17111.51,2.1,0.161,1,60,5.86,RENT,major_purchase,0
476,15164.09,30308.17,3.3,0.177,0,36,16.99,MORTGAGE,debt_consolidation,1
475,30084.56,27850.55,4.1,0.251,0,36,19.26,MORTGAGE,credit_card,0
463,49831.35,29912.92,7.4,0.476,0,36,18.21,MORTGAGE,other,0
554,71722.08,12101.98,0.5,0.217,0,60,13.9,RENT,other,0
397,20463.72,34764.34,4.8,0.065,0,60,19.2,MORTGAGE,other,0
534,41294.31,30217.56,1.9,0.557,0,60,14.55,RENT,major_purchase,0
415,77215.74,6748.58,8.1,0.391,0,60,19.72,OWN,home_improvement,0
328,25510.52,9807.61,1.5,0.336,0,60,21.86,RENT,major_purchase,0
503,54346.33,14242.47,1.1,0.152,0,36,15.44,MORTGAGE,other,0
670,50497.98,42185.83,13.2,0.073,2,60,11.7,MORTGAGE,credit_card,0
720,106029.34,15359.39,0.2,0.453,0,60,10.33,MORTGAGE,debt_consolidation,0
494,44198.17,1874.68,4.7,0.086,0,36,16.42,MORTGAGE,debt_consolidation,0
478,45377.87,7231.53,2.7,0.35,1,36,17.29,MORTGAGE,home_improvement,0
733,72022.36,2415.56,4.4,0.277,0,36,10.1,MORTGAGE,home_improvement,0
675,26987.88,18724.93,5.1,0.27,0,60,13.65,RENT,credit_card,0
758,44382.59,36074.75,3.7,0.174,0,60,10.11,MORTGAGE,debt_consolidation,0
799,39931.62,20819.17,4.8,0.347,1,60,6.33,MORTGAGE,debt_consolidation,0
752,46050.31,37915.74,1.6,0.196,0,36,9.15,MORTGAGE,other,0
816,71810.28,3091.29,0.5,0.24,1,36,9.54,MORTGAGE,debt_consolidation,0
529,62904.48,21667.81,1.2,0.271,1,36,15.78,RENT,major_purchase,0
517,34999.64,35631.32,4.4,0.462,1,36,17.9,RENT,home_improvement,1
477,52130.98,30687.78,0.2,0.386,1,36,20.0,RENT,debt_consolidation,1
429,95865.24,38524.32,2.4,0.049,2,36,17.13,MORTGAGE,credit_card,0
712,33721.32,13048.73,3.5,0.528,2,60,9.93,MORTGAGE,major_purchase,0
693,52330.0,23037.44,6.9,0.382,0,60,10.65,MORTGAGE,home_improvement,0
741,44939.74,30782.66,7.4,0.648,0,36,7.61,MORTGAGE,other,0
392,47650.47,8413.56,8.2,0.134,0,36,20.99,MORTGAGE,other,1
570,23534.06,36895.5,1.7,0.07,0,36,14.56,MORTGAGE,major_purchase,0
422,92488.84,14704.68,1.2,0.18,0,36,16.47,OWN,home_improvement,1
792,34597.67,5105.52,2.4,0.33,1,36,8.07,MORTGAGE,debt_consolidation,0
447,77787.22,34690.86,6.8,0.068,1,36,16.78,RENT,major_purchase,0
379,37063.23,32020.79,9.9,0.143,0,60,19.67,RENT,home_improvement,1
613,36994.44,39881.91,3.7,0.341,1,36,9.9,RENT,credit_card,0
784,84618.27,40251.29,13.4,0.014,0,60,7.7,RENT,major_purchase,0
804,76668.64,13255.13,0.1,0.21,0,60,8.35,MORTGAGE,credit_card,0
352,53846.88,29219.96,10.0,0.341,1,36,19.98,RENT,home_improvement,1
479,69045.28,44961.41,0.7,0.252,1,36,14.66,RENT,home_improvement,1
384,43051.45,11727.49,3.0,0.153,1,60,19.49,MORTGAGE,major_purchase,1
469,48836.56,21806.57,40.0,0.36,0,60,16.84,RENT,debt_consolidation,0
594,36398.0,41047.32,0.1,0.032,0,60,15.33,OWN,debt_consolidation,0
454,73631.58,5535.5,11.4,0.636,0,36,18.05,MORTGAGE,home_improvement,0
337,35881.03,41843.0,5.8,0.148,0,60,20.65,MORTGAGE,credit_card,0
581,95637.51,22478.85,4.8,0.051,2,36,12.38,MORTGAGE,other,0
329,42526.16,40293.79,1.3,0.358,0,36,21.1,MORTGAGE,other,0
424,49475.3,28340.34,5.6,0.549,1,36,20.72,MORTGAGE,other,1
300,68970.05,30543.16,1.2,0.435,0,36,22.46,MORTGAGE,credit_card,0
347,49550.07,35011.37,9.0,0.183,0,60,21.42,RENT,other,1
540,42870.59,3953.99,0.7,0.602,0,36,12.05,RENT,debt_consolidation,0
768,48362.96,28621.81,2.7,0.229,1,60,9.49,MORTGAGE,home_improvement,0
726,73292.84,41653.24,2.8,0.594,0,36,9.72,RENT,other,0
354,36377.89,43069.44,2.8,0.174,0,36,20.46,RENT,debt_consolidation,1
319,46313.71,43606.14,0.1,0.661,1,36,21.65,RENT,major_purchase,1
486,49248.25,29416.65,23.9,0.368,0,36,16.83,RENT,credit_card,0
659,72335.0,28864.62,12.5,0.738,0,60,11.25,MORTGAGE,debt_consolidation,0
711,46867.02,25308.46,7.2,0.254,0,36,9.45,MORTGAGE,debt_consolidation,0
753,110606.55,27732.35,1.2,0.289,2,36,7.14,MORTGAGE,debt_consolidation,0
488,45686.48,27933.19,2.9,0.191,0,36,16.09,RENT,home_improvement,0
392,44048.31,2865.96,2.7,0.213,0,36,20.66,MORTGAGE,major_purchase,0
314,45389.48,4910.34,3.9,0.026,0,36,20.92,RENT,other,0
380,27106.03,28254.33,1.0,0.088,0,36,20.63,RENT,major_purchase,0
335,30744.7,14825.52,2.2,0.16,0,60,19.7,RENT,major_purchase,0
774,38607.43,14262.72,0.4,0.189,0,60,6.59,RENT,credit_card,0
447,81725.67,9511.39,19.6,0.326,1,36,17.21,OWN,debt_consolidation,0
753,48295.48,36247.08,1.1,0.242,0,36,9.93,RENT,credit_card,0
604,39415.33,43430.45,1.9,0.039,1,36,11.39,RENT,debt_consolidation,0
596,85130.5,28621.35,2.7,0.142,1,36,15.52,MORTGAGE,major_purchase,0
550,98521.46,42598.48,1.1,0.074,0,36,17.29,MORTGAGE,credit_card,0
751,86242.82,39890.9,11.6,0.24,0,60,9.73,OWN,major_purchase,0
323,33393.26,10588.79,15.1,0.08,0,36,20.69,MORTGAGE,other,0
351,39227.69,7755.14,12.1,0.057,0,36,19.95,OWN,credit_card,0
533,110877.5,10309.82,7.0,0.105,0,36,14.4,MORTGAGE,debt_consolidation,0
517,54639.53,5233.21,6.8,0.393,0,60,14.86,MORTGAGE,debt_consolidation,0
600,43458.76,26646.68,4.3,0.48,0,60,13.01,RENT,home_improvement,0
706,67728.11,13436.6,0.1,0.273,0,60,8.0,RENT,debt_consolidation,0
623,77132.85,41168.33,3.6,0.588,0,36,13.02,MORTGAGE,debt_consolidation,0
441,37905.36,27989.94,1.0,0.1,0,60,16.54,MORTGAGE,home_improvement,1
480,54108.58,16822.86,0.0,0.607,0,60,15.73,RENT,credit_card,0
714,74380.72,44324.19,2.4,0.12,0,60,9.04,RENT,debt_consolidation,0
411,29081.89,42940.56,0.0,0.137,0,36,19.21,RENT,credit_card,0
577,49293.89,35259.07,1.5,0.259,1,36,15.27,RENT,credit_card,0
596,29688.79,35834.08,0.0,0.259,1,60,12.17,MORTGAGE,home_improvement,1
713,31488.85,43999.89,6.0,0.087,0,36,11.43,RENT,credit_card,0
693,38048.04,27420.07,1.2,0.178,0,60,9.22,RENT,major_purchase,0
556,60761.02,39720.87,13.4,0.333,0,36,13.68,RENT,debt_consolidation,0
470,42407.89,3852.42,1.2,0.611,0,36,18.13,RENT,credit_card,0
502,36614.95,25378.75,13.6,0.443,0,36,14.13,MORTGAGE,major_purchase,1
526,50171.36,23110.72,5.1,0.199,0,60,14.76,RENT,debt_consolidation,0
420,29256.78,2659.85,3.2,0.263,0,36,17.4,MORTGAGE,debt_consolidation,0
644,59454.19,4825.89,2.7,0.483,0,36,11.44,RENT,credit_card,0
414,81562.43,1960.91,1.6,0.336,1,60,17.86,MORTGAGE,credit_card,0
657,47304.38,13936.66,6.1,0.175,0,60,9.53,RENT,other,0
714,44748.27,3354.49,2.1,0.249,0,60,10.69,MORTGAGE,major_purchase,0
829,57991.29,19619.03,1.7,0.574,1,36,7.03,RENT,debt_consolidation,0
365,19676.67,36760.84,0.4,0.134,0,36,21.18,MORTGAGE,debt_consolidation,1
718,62415.43,28008.51,3.4,0.533,0,36,9.35,OWN,debt_consolidation,0
347,197965.61,30646.76,3.4,0.37,0,60,20.52,MORTGAGE,credit_card,0
485,46387.98,2386.29,7.7,0.105,1,36,17.69,RENT,debt_consolidation,0
397,46462.17,37939.16,4.9,0.202,2,60,19.45,RENT,debt_consolidation,1
389,68502.34,7432.38,11.7,0.45,0,36,20.5,RENT,major_purchase,0
396,102785.51,14316.64,3.7,0.416,1,60,20.21,RENT,credit_card,0
324,76018.77,23738.93,11.8,0.308,0,36,21.36,MORTGAGE,debt_consolidation,1
753,18582.53,41919.71,1.8,0.22,0,36,8.94,MORTGAGE,debt_consolidation,0
333,63166.51,44918.56,1.1,0.363,0,60,20.96,MORTGAGE,credit_card,1
519,155962.14,35437.07,2.0,0.043,0,36,15.74,RENT,debt_consolidation,0
685,64867.27,33089.83,7.1,0.513,0,36,10.14,RENT,debt_consolidation,1
845,29156.38,24218.02,9.0,0.547,0,36,6.55,RENT,debt_consolidation,0
770,55649.22,30287.6,6.1,0.23,0,36,8.55,RENT,credit_card,0
375,27548.15,7354.66,4.9,0.349,0,60,19.09,RENT,credit_card,0
844,85370.99,12844.63,19.2,0.112,0,60,6.64,OWN,home_improvement,0
660,31883.78,44324.29,18.5,0.431,0,60,13.01,RENT,credit_card,0
398,50686.23,44103.06,0.4,0.121,0,60,19.16,MORTGAGE,credit_card,1
547,33322.86,15210.79,3.8,0.324,0,36,14.9,OWN,home_improvement,0
805,38334.22,11606.14,1.9,0.139,0,36,7.53,OWN,debt_consolidation,0
516,95680.31,11098.8,8.3,0.431,0,36,13.43,RENT,debt_consolidation,0
401,51356.96,22334.03,14.4,0.49,0,60,18.62,MORTGAGE,home_improvement,1
782,38114.84,10845.73,8.0,0.181,0,36,10.76,MORTGAGE,debt_consolidation,0
825,29279.63,29533.85,6.5,0.398,0,36,6.78,RENT,debt_consolidation,0
837,21114.9,4292.07,7.8,0.172,0,60,5.3,MORTGAGE,debt_consolidation,0
826,27915.12,5561.8,0.1,0.118,0,60,6.65,OWN,debt_consolidation,0
780,51553.82,13185.11,26.7,0.415,2,60,7.36,OWN,other,0
550,76199.12,35207.5,4.3,0.338,1,60,14.93,OWN,credit_card,0
405,38095.13,15224.74,4.1,0.194,1,36,19.17,MORTGAGE,debt_consolidation,1
640,99383.82,21715.94,2.2,0.186,0,60,12.03,MORTGAGE,home_improvement,0
421,35494.21,29891.37,6.4,0.124,0,60,19.55,RENT,debt_consolidation,0
560,44041.81,35695.76,4.0,0.413,0,36,12.98,MORTGAGE,major_purchase,0
661,30157.55,14512.8,4.1,0.426,0,36,11.89,MORTGAGE,other,0
821,76560.98,33162.65,1.1,0.293,0,36,8.1,RENT,home_improvement,0
459,125980.17,13586.97,3.4,0.184,0,36,17.04,OWN,debt_consolidation,0
438,22185.24,29356.51,0.5,0.18,2,36,18.96,RENT,other,1
704,41949.72,20838.73,3.1,0.178,0,60,9.97,MORTGAGE,debt_consolidation,0
303,86608.3,41771.62,1.4,0.232,0,36,20.6,MORTGAGE,debt_consolidation,0
612,25562.32,44212.11,12.1,0.366,0,60,10.64,RENT,home_improvement,0
710,63259.95,35061.42,7.0,0.205,0,60,9.41,RENT,home_improvement,0
603,84936.78,41280.43,1.3,0.243,0,36,12.81,MORTGAGE,debt_consolidation,0
511,50777.21,7006.19,1.4,0.156,0,36,18.49,MORTGAGE,home_improvement,0
756,62794.22,29796.41,0.7,0.036,0,60,8.79,RENT,other,0
504,108272.46,9728.19,7.8,0.18,0,60,15.39,RENT,major_purchase,0
691,117805.7,13186.61,10.1,0.551,0,60,11.26,RENT,debt_consolidation,0
555,47672.73,24004.22,1.8,0.105,2,36,14.11,OWN,debt_consolidation,0
314,38577.71,33647.44,5.9,0.297,0,36,22.83,RENT,other,1
592,32403.09,32745.74,0.7,0.14,1,60,15.36,RENT,credit_card,1
327,76087.09,39256.21,0.8,0.273,0,60,21.41,RENT,major_purchase,0
812,26441.79,25608.09,1.5,0.073,0,36,4.97,RENT,debt_consolidation,0
631,43754.15,41759.08,1.1,0.272,0,60,12.25,OWN,debt_consolidation,0
504,51339.23,40067.1,8.6,0.514,0,60,15.87,MORTGAGE,debt_consolidation,0
567,39091.05,38358.53,0.3,0.137,0,36,16.2,MORTGAGE,debt_consolidation,0
641,55598.92,11098.88,9.8,0.253,0,36,12.62,OWN,major_purchase,0
443,155442.47,24383.71,1.3,0.299,0,60,17.37,OWN,debt_consolidation,0
458,46410.48,33394.41,2.0,0.127,1,36,19.08,OWN,major_purchase,0
530,40298.42,43948.51,0.9,0.108,0,60,15.17,OWN,home_improvement,0
442,77412.17,1512.48,0.4,0.118,0,60,17.72,MORTGAGE,credit_card,0
717,54601.28,15393.04,9.9,0.255,0,36,9.27,OWN,credit_card,0
357,93685.72,16063.41,2.2,0.068,0,60,21.73,MORTGAGE,credit_card,1
755,52791.71,13695.52,3.1,0.594,2,60,8.12,OWN,debt_consolidation,0
492,43835.95,36966.67,1.9,0.371,0,36,17.19,OWN,major_purchase,0
609,21967.6,2983.14,2.1,0.519,0,36,13.49,MORTGAGE,debt_consolidation,0
386,23650.02,16815.13,1.8,0.422,0,60,19.58,RENT,debt_consolidation,1
512,21459.78,32314.12,3.6,0.129,0,60,16.93,OWN,home_improvement,0
715,58145.43,18896.55,2.7,0.347,0,36,11.78,MORTGAGE,debt_consolidation,0
449,26555.38,7338.8,2.2,0.269,0,36,16.19,OWN,debt_consolidation,0
372,86250.39,27877.51,0.5,0.329,0,60,19.71,RENT,home_improvement,1
587,49692.58,23994.85,1.4,0.299,0,60,13.36,MORTGAGE,major_purchase,0
389,43919.6,44200.91,10.5,0.395,0,36,19.54,OWN,home_improvement,1
473,33532.33,33935.15,6.4,0.615,0,36,16.27,RENT,credit_card,1
548,64861.95,44391.74,0.8,0.534,2,60,13.55,RENT,home_improvement,0
610,34131.5,9199.52,3.4,0.083,0,36,12.85,OWN,credit_card,0
652,31463.39,34510.18,11.5,0.237,0,36,12.98,MORTGAGE,home_improvement,0
672,83680.18,25272.08,4.5,0.415,1,36,10.94,MORTGAGE,credit_card,0
765,57502.26,32350.42,10.1,0.244,0,36,8.97,MORTGAGE,home_improvement,0
336,44102.94,21572.26,10.2,0.147,0,36,22.79,MORTGAGE,other,1
499,65424.03,10345.2,0.6,0.426,0,36,16.41,RENT,home_improvement,0
300,49218.23,3012.41,5.9,0.456,0,36,23.19,OWN,credit_card,1
305,58241.64,37884.68,2.9,0.505,0,36,23.15,MORTGAGE,debt_consolidation,1
416,33942.34,36851.57,1.4,0.227,1,36,20.12,OWN,debt_consolidation,0
629,124452.5,8151.75,1.6,0.471,1,36,14.93,OWN,debt_consolidation,0
792,37766.25,29387.96,5.7,0.237,0,36,7.53,RENT,credit_card,0
726,98736.24,33460.28,33.3,0.171,0,60,10.7,OWN,debt_consolidation,0
656,45026.61,25535.5,2.3,0.747,0,36,11.9,RENT,debt_consolidation,0
728,70487.71,14958.07,7.3,0.308,0,36,10.15,OWN,debt_consolidation,0
394,68213.69,39761.62,4.1,0.028,0,36,19.76,MORTGAGE,other,0
762,82132.02,29267.39,2.3,0.157,0,36,9.99,RENT,debt_consolidation,0
790,33581.12,32689.57,0.9,0.244,0,36,7.14,MORTGAGE,credit_card,0
352,79541.64,29693.04,21.5,0.319,0,36,20.96,OWN,other,0
558,112521.31,32736.7,2.9,0.183,0,60,12.97,OWN,debt_consolidation,0
757,43633.83,7382.95,0.3,0.411,0,36,7.75,RENT,debt_consolidation,0
562,49792.4,41594.15,2.4,0.463,0,60,13.69,MORTGAGE,credit_card,0
763,38733.07,13575.68,14.6,0.523,0,60,9.24,RENT,home_improvement,0
815,41944.55,37808.25,3.8,0.408,0,60,7.52,RENT,major_purchase,0
561,105888.32,40308.9,0.0,0.182,0,60,16.09,RENT,home_improvement,0
332,31197.54,29653.84,0.2,0.255,1,60,22.25,MORTGAGE,debt_consolidation,1
487,32081.88,27325.23,2.1,0.233,1,36,16.54,RENT,debt_consolidation,0
418,101205.2,5798.12,6.4,0.505,1,36,22.18,MORTGAGE,credit_card,0
561,64928.81,20193.73,2.3,0.321,0,36,14.63,OWN,debt_consolidation,1
622,127282.79,27912.35,10.8,0.134,2,60,10.95,MORTGAGE,debt_consolidation,0
555,40026.72,4602.25,1.5,0.203,0,60,13.06,RENT,major_purchase,0
407,51887.15,5904.33,7.9,0.331,0,36,19.72,OWN,major_purchase,0
465,36413.52,44713.18,5.3,0.17,0,36,15.32,MORTGAGE,debt_consolidation,0
674,52286.08,15618.3,2.7,0.128,1,36,11.34,MORTGAGE,credit_card,0
314,22062.98,16388.23,4.5,0.196,1,60,21.19,OWN,other,1
417,66717.97,12067.28,9.2,0.181,0,36,20.89,RENT,credit_card,0
791,56701.92,29424.87,2.0,0.204,0,60,6.32,RENT,home_improvement,0
354,47767.48,21815.34,6.0,0.411,0,60,21.62,RENT,home_improvement,1
528,41123.54,35778.96,2.2,0.118,2,60,14.95,RENT,credit_card,1
414,32773.01,23549.77,6.3,0.358,2,60,18.16,RENT,major_purchase,0
357,68014.13,1678.3,1.5,0.237,0,36,22.17,MORTGAGE,debt_consolidation,1
532,28940.85,22238.25,5.4,0.348,0,36,14.63,RENT,home_improvement,0
587,61719.37,3428.24,3.9,0.572,0,60,12.57,MORTGAGE,credit_card,0
397,124679.68,37378.6,1.8,0.372,0,36,18.61,RENT,major_purchase,0
342,95653.22,6000.96,16.5,0.172,0,60,19.57,RENT,home_improvement,0
374,24901.73,10545.98,5.3,0.355,0,36,18.01,MORTGAGE,debt_consolidation,0
659,38502.09,21238.47,9.6,0.276,0,36,10.62,RENT,major_purchase,0
774,59257.81,9588.1,24.3,0.351,1,60,6.28,OWN,credit_card,0
399,47494.69,24725.68,11.5,0.104,2,60,18.08,RENT,major_purchase,0
476,26115.06,21270.73,12.8,0.155,0,36,15.81,RENT,debt_consolidation,1
489,58302.03,42910.99,3.2,0.529,0,36,16.8,RENT,credit_card,0
498,48800.33,4888.44,1.6,0.227,0,36,14.69,MORTGAGE,credit_card,0
434,116011.71,26376.21,3.4,0.129,0,60,18.81,MORTGAGE,debt_consolidation,0
330,43741.26,32697.58,1.5,0.489,2,60,18.54,RENT,credit_card,1
589,82917.51,6615.59,6.4,0.179,0,60,12.48,MORTGAGE,major_purchase,0
496,27717.25,29004.33,7.4,0.189,3,36,16.04,OWN,debt_consolidation,1
488,30865.55,39026.52,3.0,0.209,0,36,16.05,RENT,credit_card,0
445,67829.19,35652.45,4.8,0.439,0,36,17.85,RENT,major_purchase,0
812,79831.93,42147.51,0.9,0.159,0,60,5.49,RENT,debt_consolidation,0
636,31862.12,32705.77,3.9,0.154,0,36,14.51,MORTGAGE,debt_consolidation,0
530,49554.82,18335.42,0.4,0.067,0,60,17.25,RENT,credit_card,0
413,26325.4,41499.86,5.9,0.355,1,60,15.6,MORTGAGE,other,1
741,45181.87,10915.7,0.8,0.186,0,36,9.89,MORTGAGE,home_improvement,0
789,71440.15,26682.9,9.5,0.259,0,36,7.35,RENT,major_purchase,0
317,40306.53,34688.95,6.3,0.123,0,36,21.36,RENT,other,0
812,43823.89,39380.37,0.8,0.178,1,36,6.98,OWN,credit_card,0
685,29483.68,41327.85,2.7,0.148,0,60,9.84,MORTGAGE,debt_consolidation,0
355,36615.93,4738.93,1.3,0.316,0,60,20.26,OWN,debt_consolidation,1
714,108136.53,32946.6,0.0,0.271,0,36,11.78,MORTGAGE,home_improvement,0
359,50656.16,9980.59,12.7,0.107,0,36,22.47,RENT,home_improvement,0
328,31224.6,35281.26,0.1,0.585,0,36,21.04,MORTGAGE,debt_consolidation,1
363,42546.49,31830.35,2.2,0.38,0,36,18.21,MORTGAGE,major_purchase,1
553,23888.62,8979.5,4.0,0.35,0,36,14.33,MORTGAGE,debt_consolidation,0
641,31058.51,37644.53,3.7,0.322,1,36,11.7,MORTGAGE,credit_card,0
524,90413.86,21318.71,2.0,0.097,0,36,17.2,MORTGAGE,credit_card,0
367,45976.37,24929.67,5.9,0.141,1,36,18.59,RENT,home_improvement,0
409,114786.43,43741.77,12.0,0.029,0,36,16.56,RENT,home_improvement,0
769,46961.97,29891.53,1.1,0.201,0,36,7.5,MORTGAGE,major_purchase,0
830,48233.52,26896.78,0.9,0.439,0,60,7.36,MORTGAGE,debt_consolidation,0
715,65408.16,1737.56,0.2,0.595,0,36,8.79,MORTGAGE,credit_card,0
356,14725.49,9765.45,0.7,0.101,0,36,20.05,RENT,debt_consolidation,0
751,53756.65,2168.88,1.2,0.141,0,60,9.76,OWN,credit_card,0
681,47952.01,15665.75,0.2,0.232,0,36,9.05,RENT,debt_consolidation,0
589,95675.5,16158.37,5.3,0.419,1,60,13.44,MORTGAGE,major_purchase,0
378,75667.63,24334.52,5.0,0.329,0,36,20.0,RENT,debt_consolidation,1
849,29432.03,31349.81,1.2,0.141,0,36,6.78,RENT,debt_consolidation,0
543,85730.37,8891.19,4.6,0.078,0,36,14.41,RENT,credit_card,0
324,43562.78,27472.79,2.8,0.081,0,36,23.12,MORTGAGE,debt_consolidation,1
415,32630.28,41346.96,6.2,0.116,0,36,18.04,MORTGAGE,home_improvement,0
521,53567.43,9140.35,0.8,0.049,0,36,16.52,RENT,other,0
334,44745.84,29999.87,10.3,0.249,1,36,22.33,RENT,credit_card,1
478,97959.5,3005.92,3.5,0.347,0,36,13.74,RENT,major_purchase,0
558,57141.16,24370.5,2.7,0.254,1,36,16.32,RENT,debt_consolidation,0
822,53774.06,33627.73,4.3,0.529,0,36,5.48,MORTGAGE,credit_card,0
347,73518.41,2497.84,11.0,0.374,0,60,20.08,RENT,other,1
617,80160.99,15681.28,3.3,0.587,0,36,14.06,RENT,debt_consolidation,0
804,69746.48,39630.11,1.5,0.086,0,36,6.79,MORTGAGE,credit_card,0
744,92851.67,10921.11,8.7,0.007,0,60,8.96,MORTGAGE,major_purchase,0
809,64466.89,32806.48,2.5,0.213,0,36,8.28,RENT,home_improvement,0
393,52862.17,27938.48,3.0,0.183,1,60,19.47,RENT,debt_consolidation,1
741,85616.0,8202.26,9.3,0.034,0,60,7.94,RENT,debt_consolidation,0
839,47056.14,33635.13,7.0,0.147,1,36,7.73,RENT,major_purchase,0
479,49759.71,24411.56,1.6,0.719,0,60,17.18,RENT,credit_card,0
574,106373.27,5929.14,2.1,0.479,0,60,12.13,RENT,credit_card,0
592,101708.47,42772.34,10.6,0.162,0,60,13.34,RENT,debt_consolidation,0
572,48840.78,22646.33,0.7,0.609,0,36,14.47,MORTGAGE,credit_card,0
459,39970.69,33783.56,2.9,0.224,0,36,16.87,MORTGAGE,credit_card,1
834,94696.1,10578.81,5.3,0.353,0,36,4.49,OWN,major_purchase,0
827,70276.19,7036.06,3.4,0.497,0,36,4.98,OWN,debt_consolidation,0
509,56500.88,33617.5,3.1,0.069,0,36,15.09,RENT,home_improvement,0
743,42410.76,30648.26,10.2,0.557,0,36,9.52,OWN,other,0
519,56912.11,13060.74,3.2,0.223,0,36,17.0,MORTGAGE,debt_consolidation,1
737,48544.26,33836.47,5.9,0.182,2,60,7.58,MORTGAGE,home_improvement,0
622,36353.57,23219.66,10.5,0.512,0,60,11.91,MORTGAGE,debt_consolidation,0
559,51951.67,16338.28,0.4,0.383,0,36,11.92,RENT,credit_card,0
370,55239.9,35623.24,10.3,0.264,0,36,19.89,RENT,credit_card,0
660,41401.49,28138.44,0.1,0.442,0,36,13.31,MORTGAGE,home_improvement,0
476,73623.65,23319.81,7.1,0.163,1,36,18.08,MORTGAGE,other,1
419,87550.81,35016.71,5.5,0.303,0,36,18.18,RENT,major_purchase,0
406,75845.52,24972.45,0.7,0.131,0,60,18.48,RENT,debt_consolidation,0
841,43290.49,42295.52,5.8,0.349,0,36,5.8,MORTGAGE,major_purchase,0
356,68879.9,36994.45,6.4,0.294,1,60,19.98,MORTGAGE,debt_consolidation,0
739,50771.1,16760.25,4.3,0.388,0,60,9.23,MORTGAGE,home_improvement,0
777,28110.95,21456.45,9.4,0.142,0,36,7.65,RENT,debt_consolidation,0
317,66351.94,43122.66,2.5,0.099,0,36,21.46,RENT,major_purchase,0
624,52352.72,40388.99,0.0,0.211,0,36,11.19,MORTGAGE,major_purchase,0
618,157486.75,9412.16,0.7,0.17,0,36,13.25,RENT,home_improvement,0
497,94444.9,13069.37,5.0,0.277,0,36,16.98,RENT,debt_consolidation,0
667,67509.09,17034.5,16.8,0.119,0,36,14.27,MORTGAGE,debt_consolidation,0
525,54837.35,39713.36,17.9,0.182,0,36,16.02,RENT,debt_consolidation,0
542,52768.78,41806.36,11.4,0.33,0,60,14.74,MORTGAGE,debt_consolidation,0
537,31205.19,36302.97,1.5,0.28,0,36,17.0,RENT,credit_card,0
741,22414.33,13131.17,3.8,0.07,0,36,10.83,RENT,debt_consolidation,0
648,33101.98,40030.85,1.6,0.218,0,36,10.99,MORTGAGE,major_purchase,0
508,47979.41,2446.77,2.2,0.262,2,36,18.01,RENT,credit_card,0
810,19005.95,19603.35,2.6,0.05,0,36,7.55,RENT,credit_card,0
741,38370.92,17615.66,10.4,0.361,0,60,7.47,RENT,home_improvement,0
813,43851.94,24550.54,9.1,0.039,0,36,6.19,RENT,debt_consolidation,0
702,44491.71,25668.18,12.4,0.171,0,60,9.55,MORTGAGE,home_improvement,0
515,36396.37,10917.8,0.6,0.195,0,60,17.52,MORTGAGE,credit_card,0
725,42037.56,10000.45,2.6,0.208,0,36,9.84,RENT,credit_card,0
481,106484.23,36356.93,2.0,0.727,0,60,16.85,RENT,home_improvement,0
449,66036.66,4352.66,1.4,0.238,0,60,17.59,MORTGAGE,debt_consolidation,0
548,38096.0,22704.59,0.7,0.311,0,36,17.16,MORTGAGE,debt_consolidation,0
834,47536.04,9432.44,4.5,0.165,0,36,6.21,MORTGAGE,credit_card,0
612,48400.19,15060.96,1.0,0.401,0,36,12.42,MORTGAGE,debt_consolidation,0
511,34697.4,13200.95,3.8,0.159,0,60,17.28,RENT,debt_consolidation,1
554,34679.06,32174.98,2.0,0.768,0,36,14.8,MORTGAGE,home_improvement,0
460,77244.87,21064.91,0.4,0.278,0,36,19.03,MORTGAGE,home_improvement,0
662,40582.7,14175.44,2.5,0.251,0,36,10.96,RENT,debt_consolidation,0
493,29953.06,37579.49,1.6,0.693,1,36,16.59,RENT,credit_card,1
605,48078.33,4774.99,12.4,0.074,0,60,15.28,RENT,other,0
503,51694.38,34719.87,6.0,0.295,0,60,15.49,MORTGAGE,other,0
476,20176.69,11925.76,2.1,0.071,0,60,18.04,RENT,credit_card,1
834,48130.15,41392.85,3.7,0.498,0,36,4.6,OWN,other,0
490,72445.58,1244.6,14.5,0.264,0,36,17.35,RENT,major_purchase,0
338,60057.23,25493.19,4.2,0.281,0,60,20.11,RENT,debt_consolidation,0
508,133707.23,28379.66,11.7,0.332,0,36,17.01,OWN,debt_consolidation,0
593,86077.15,26401.21,1.3,0.375,0,36,12.12,MORTGAGE,debt_consolidation,0
352,94091.25,36860.67,9.3,0.168,0,60,21.71,RENT,debt_consolidation,0
468,172825.67,5935.22,13.2,0.069,0,36,17.02,MORTGAGE,credit_card,0
391,68952.31,19284.46,2.8,0.081,0,36,19.83,MORTGAGE,home_improvement,0
575,52753.3,39004.42,3.0,0.313,0,36,14.13,MORTGAGE,debt_consolidation,0
698,75976.79,40104.35,4.5,0.209,0,36,10.28,MORTGAGE,credit_card,0
833,38114.25,22927.15,5.5,0.447,0,60,5.68,MORTGAGE,debt_consolidation,0
514,51454.79,25550.54,3.3,0.267,0,36,14.6,MORTGAGE,debt_consolidation,0
775,36626.33,34611.97,0.9,0.231,2,36,9.0,MORTGAGE,debt_consolidation,0
418,58635.35,35302.86,0.6,0.477,0,36,17.18,MORTGAGE,debt_consolidation,0
730,36557.47,40075.58,8.4,0.397,0,36,9.28,OWN,home_improvement,0
610,35985.89,38129.73,1.0,0.301,0,60,11.74,OWN,debt_consolidation,0
717,59045.46,19234.63,0.3,0.306,0,36,9.43,MORTGAGE,other,0
716,46075.19,29589.15,2.8,0.07,0,36,7.61,MORTGAGE,other,0
593,20591.13,22262.35,2.5,0.434,3,60,14.87,MORTGAGE,debt_consolidation,1
441,25463.45,6190.3,10.1,0.421,2,36,18.74,RENT,major_purchase,0
589,29252.79,37153.96,0.3,0.254,0,60,13.51,OWN,home_improvement,0
755,32947.24,27477.6,6.9,0.468,0,36,8.96,RENT,credit_card,0
834,59070.71,3552.23,3.5,0.484,0,36,7.85,RENT,debt_consolidation,0
811,54096.38,30782.2,2.6,0.433,0,36,6.47,RENT,credit_card,0
399,79171.82,13456.45,3.9,0.239,0,36,20.67,MORTGAGE,other,1
629,68786.36,4047.67,3.2,0.355,0,36,11.56,RENT,debt_consolidation,0
357,79408.15,27689.91,0.8,0.268,0,36,20.27,RENT,other,0
668,64458.59,33217.18,1.0,0.184,2,60,9.6,RENT,home_improvement,0
846,53871.44,23760.51,6.1,0.29,2,60,7.75,OWN,debt_consolidation,0
328,80395.08,1248.52,0.5,0.702,0,60,20.82,OWN,credit_card,1
661,74141.87,26382.84,2.2,0.053,0,60,11.88,RENT,debt_consolidation,0
820,58060.62,1290.8,1.7,0.385,1,36,5.93,MORTGAGE,home_improvement,0
766,86853.87,41761.97,0.9,0.534,2,36,8.18,RENT,debt_consolidation,0
516,17058.35,12761.43,5.5,0.179,0,60,14.49,MORTGAGE,credit_card,0
357,43014.46,39324.29,4.2,0.106,0,36,19.3,RENT,debt_consolidation,0
809,42718.8,1532.81,9.7,0.137,0,60,5.21,OWN,other,0
807,82347.82,5277.53,7.0,0.7,0,36,6.91,RENT,debt_consolidation,0
619,99421.91,20861.97,1.9,0.609,0,36,11.84,MORTGAGE,credit_card,0
839,25525.14,34378.72,3.4,0.365,1,60,8.94,MORTGAGE,debt_consolidation,0
302,92505.67,42472.71,1.8,0.423,0,36,20.55,MORTGAGE,credit_card,1
639,28936.23,23928.17,3.1,0.446,2,36,11.26,RENT,debt_consolidation,0
321,29332.55,16640.27,0.4,0.146,0,60,22.25,MORTGAGE,home_improvement,0
815,44115.72,2960.4,9.7,0.581,1,36,5.77,MORTGAGE,debt_consolidation,0
674,42480.78,26683.22,8.8,0.25,0,36,10.89,RENT,other,0
803,24311.68,17721.93,1.1,0.207,0,60,8.16,RENT,credit_card,0
610,65673.13,41001.87,2.0,0.213,1,36,13.69,MORTGAGE,other,0
345,66551.48,22122.61,2.1,0.257,1,36,20.67,RENT,debt_consolidation,0
314,78772.46,34679.67,0.5,0.554,0,36,21.4,MORTGAGE,debt_consolidation,0
484,40333.8,38321.26,2.4,0.269,3,60,17.72,OWN,credit_card,1
709,48155.36,5324.21,4.5,0.104,1,36,11.48,RENT,credit_card,0
383,48354.17,20397.24,0.3,0.139,0,60,19.58,OWN,major_purchase,0
769,104777.88,40323.57,8.0,0.436,0,36,8.88,MORTGAGE,debt_consolidation,0
431,13692.31,19676.03,10.7,0.376,0,36,17.47,MORTGAGE,home_improvement,1
573,31868.55,25866.79,10.7,0.54,0,36,15.34,RENT,credit_card,1
411,49143.18,39416.57,6.1,0.314,0,60,19.61,OWN,other,1
556,30076.32,11234.12,1.8,0.087,0,36,14.07,MORTGAGE,major_purchase,0
549,43641.15,40361.59,0.8,0.481,1,60,14.03,MORTGAGE,debt_consolidation,0
303,46317.08,18469.25,2.6,0.474,1,36,23.98,OWN,debt_consolidation,1
612,36462.56,27093.47,5.1,0.133,1,60,12.22,RENT,credit_card,0
733,50463.77,15433.74,0.2,0.588,1,60,9.06,RENT,credit_card,0
815,65034.11,24193.24,17.1,0.114,0,36,5.42,RENT,major_purchase,0
482,44076.41,3168.58,9.9,0.203,0,36,17.84,OWN,debt_consolidation,0
785,39977.11,3871.44,7.6,0.006,1,36,7.18,OWN,credit_card,0
784,45497.19,19247.8,9.2,0.191,0,60,7.85,RENT,other,0
844,48857.03,15737.88,2.0,0.463,0,60,6.0,MORTGAGE,debt_consolidation,0
505,22400.9,28094.84,3.0,0.17,0,60,18.79,MORTGAGE,debt_consolidation,0
768,60336.91,2668.05,0.2,0.369,0,36,10.45,RENT,debt_consolidation,0
611,40016.59,8377.42,4.2,0.29,0,60,13.26,RENT,debt_consolidation,0
332,86481.93,10222.04,0.6,0.188,0,60,20.22,OWN,debt_consolidation,1
448,63957.5,20381.64,0.0,0.194,0,36,17.78,RENT,home_improvement,0
670,82994.52,11860.73,0.7,0.264,0,36,11.09,MORTGAGE,credit_card,0
388,31102.65,7057.16,2.9,0.191,0,36,21.28,MORTGAGE,debt_consolidation,1
539,41476.24,27293.24,3.8,0.016,0,36,18.07,RENT,credit_card,0
726,28026.16,33730.37,3.9,0.287,2,60,9.94,MORTGAGE,credit_card,0
382,35691.36,31151.79,6.5,0.601,0,60,20.51,MORTGAGE,home_improvement,0
573,86115.74,13151.92,1.5,0.465,0,60,16.35,MORTGAGE,debt_consolidation,1
418,95738.02,38595.57,1.7,0.302,2,36,19.14,MORTGAGE,debt_consolidation,0
595,29241.38,27920.18,11.4,0.327,2,60,12.4,RENT,debt_consolidation,0
432,39885.78,28045.33,6.5,0.334,0,60,17.98,RENT,debt_consolidation,1
831,47368.46,10365.33,7.7,0.366,1,36,6.5,RENT,major_purchase,0
342,63800.9,11657.37,31.7,0.343,0,60,19.86,MORTGAGE,debt_consolidation,0
830,22205.28,21889.01,13.9,0.139,1,36,6.59,RENT,debt_consolidation,0
736,23828.79,11464.13,15.4,0.521,3,36,7.45,OWN,debt_consolidation,0
771,61103.95,31275.42,21.4,0.334,0,60,5.88,MORTGAGE,major_purchase,0
769,20392.71,14576.4,4.2,0.218,0,36,8.25,OWN,major_purchase,0
403,40092.36,7684.31,3.1,0.287,0,60,18.7,RENT,home_improvement,0
813,52730.08,7671.01,0.1,0.145,0,36,9.19,MORTGAGE,home_improvement,0
627,59103.75,6598.02,7.9,0.24,0,36,11.89,OWN,credit_card,0
830,45992.19,20349.0,14.3,0.181,0,60,6.92,RENT,other,0
783,41581.45,1133.76,3.9,0.269,0,36,7.42,MORTGAGE,debt_consolidation,0
619,71686.44,24864.38,0.4,0.458,1,36,10.5,RENT,credit_card,0
506,55733.83,14125.33,1.0,0.358,1,36,15.93,OWN,home_improvement,0
364,36638.05,25309.07,0.4,0.345,0,36,20.39,MORTGAGE,home_improvement,0
355,49860.05,42158.72,3.3,0.016,1,36,19.73,OWN,other,0
514,58245.73,39238.09,6.7,0.329,0,60,15.52,RENT,major_purchase,1
746,106213.53,26362.91,9.3,0.154,0,36,10.15,MORTGAGE,credit_card,0
578,69831.86,19395.09,9.1,0.061,0,60,13.58,RENT,debt_consolidation,0
565,84672.88,31727.96,0.3,0.392,1,60,15.81,RENT,major_purchase,0
434,37243.28,41618.13,1.7,0.277,0,36,18.36,OWN,debt_consolidation,1
610,38720.24,22540.07,0.7,0.135,1,36,14.25,RENT,home_improvement,0
651,44094.0,5369.54,3.1,0.133,0,36,13.69,MORTGAGE,debt_consolidation,0
841,45953.82,34707.88,10.1,0.237,0,60,5.18,RENT,credit_card,0
701,31144.37,1461.08,0.6,0.013,2,36,11.62,OWN,credit_card,0
634,86653.28,34644.09,14.0,0.25,0,36,13.87,MORTGAGE,credit_card,0
801,72948.44,4736.33,5.1,0.411,1,60,8.71,MORTGAGE,credit_card,0
534,42720.96,5691.13,0.7,0.136,1,36,14.87,MORTGAGE,major_purchase,0
815,65432.2,35395.1,0.6,0.355,0,36,4.0,RENT,credit_card,0
503,54192.87,31338.96,0.3,0.56,0,60,19.04,OWN,credit_card,0
370,67773.23,25723.74,0.1,0.262,0,36,18.08,RENT,credit_card,0
530,26770.66,37105.75,17.3,0.492,2,60,17.7,RENT,credit_card,1
370,45910.66,38460.21,5.7,0.211,0,60,18.57,MORTGAGE,major_purchase,0
365,47757.08,21130.54,6.8,0.124,0,36,18.6,RENT,credit_card,1
785,64902.34,44837.14,5.9,0.21,0,60,7.99,RENT,credit_card,0
737,36945.65,16733.52,13.8,0.202,0,60,9.21,MORTGAGE,debt_consolidation,0
421,15915.22,8546.34,38.8,0.277,0,36,21.1,MORTGAGE,debt_consolidation,0
761,30128.75,38222.96,0.4,0.218,0,60,7.81,OWN,major_purchase,0
337,47692.45,19285.09,4.7,0.451,0,36,22.03,RENT,major_purchase,1
456,50450.5,39477.98,9.1,0.444,1,36,18.08,MORTGAGE,credit_card,0
689,104577.81,3691.32,5.8,0.247,0,60,9.62,MORTGAGE,debt_consolidation,0
467,63718.86,5886.29,4.0,0.218,0,36,17.82,OWN,major_purchase,0
702,50852.71,2772.0,10.1,0.102,0,60,10.22,MORTGAGE,other,0
781,48311.45,27488.48,0.2,0.569,0,36,9.43,OWN,home_improvement,0
336,80570.07,37602.02,14.3,0.103,0,60,20.7,MORTGAGE,credit_card,1
313,37588.38,18717.07,8.4,0.547,0,60,23.41,OWN,credit_card,1
817,46021.88,4990.6,0.0,0.287,0,60,7.42,MORTGAGE,major_purchase,0
586,30026.45,17432.63,13.2,0.099,0,36,12.24,RENT,debt_consolidation,0
579,92828.38,16314.03,3.6,0.338,1,36,11.76,RENT,debt_consolidation,0
555,58490.79,29312.76,7.5,0.16,0,60,16.79,RENT,other,0
538,35653.92,29694.67,17.7,0.503,1,36,15.02,MORTGAGE,credit_card,0
680,46559.91,5533.04,0.2,0.064,0,60,10.88,RENT,home_improvement,0
619,61657.05,19487.78,0.4,0.471,0,36,13.03,RENT,debt_consolidation,0
390,43790.69,29270.64,0.9,0.343,0,60,19.34,RENT,home_improvement,0
645,38541.4,12389.89,0.4,0.109,2,36,12.11,MORTGAGE,credit_card,0
668,36518.59,18911.53,6.4,0.047,0,60,9.34,OWN,debt_consolidation,0
362,57098.48,28002.58,2.1,0.214,1,60,21.33,RENT,home_improvement,0
507,41725.83,18726.31,4.3,0.221,3,36,16.19,RENT,other,0
735,39966.99,2357.88,8.4,0.428,1,36,10.19,MORTGAGE,other,0
640,26870.17,10795.1,39.7,0.052,0,36,11.45,MORTGAGE,debt_consolidation,0
375,50763.77,35147.56,0.6,0.028,0,36,19.82,MORTGAGE,debt_consolidation,0
322,45181.79,11934.18,3.3,0.717,0,36,19.65,OWN,credit_card,0
620,42415.04,36979.3,3.1,0.37,0,36,14.04,MORTGAGE,home_improvement,0
554,53607.64,21543.94,2.6,0.555,0,36,14.48,RENT,other,0
829,68637.96,21808.53,4.6,0.408,0,60,4.0,OWN,home_improvement,0
587,67218.55,34902.71,3.3,0.111,0,60,13.23,RENT,major_purchase,0
813,62863.93,17864.91,2.2,0.315,1,36,7.54,RENT,home_improvement,0
418,43989.15,11493.15,5.2,0.528,0,60,20.35,RENT,credit_card,1
546,37981.36,5621.42,1.6,0.531,0,36,13.1,RENT,debt_consolidation,0
376,30645.4,30564.03,2.6,0.075,0,36,21.37,MORTGAGE,home_improvement,0
616,37536.89,21677.47,1.0,0.339,1,36,13.67,RENT,home_improvement,0
403,49456.19,36613.9,1.2,0.189,1,60,18.47,OWN,credit_card,0
571,34412.37,21137.69,1.2,0.027,2,36,15.2,OWN,debt_consolidation,0
489,51186.22,19251.67,3.7,0.343,1,36,16.89,OWN,debt_consolidation,0
402,31746.71,14149.49,1.3,0.147,3,36,18.37,MORTGAGE,debt_consolidation,1
353,23214.99,9774.83,1.4,0.668,2,60,21.79,MORTGAGE,debt_consolidation,1
582,70879.23,37539.23,8.1,0.243,0,60,15.48,RENT,home_improvement,0
821,39597.19,5189.3,9.6,0.36,0,36,5.16,MORTGAGE,credit_card,0
409,33635.42,40693.62,1.4,0.334,0,60,19.27,MORTGAGE,major_purchase,1
523,29964.5,2184.0,4.3,0.083,1,36,15.33,OWN,debt_consolidation,0
423,59300.1,23979.1,4.6,0.358,0,60,18.99,RENT,other,1
745,91008.53,3566.46,0.2,0.507,1,60,8.66,MORTGAGE,credit_card,0
528,40889.02,35302.71,0.2,0.394,0,36,17.19,RENT,major_purchase,0
836,44488.97,10305.85,5.5,0.094,0,36,4.16,RENT,debt_consolidation,0
435,79398.47,25900.59,0.7,0.407,0,36,18.29,OWN,debt_consolidation,0
344,21705.03,41323.63,5.6,0.365,2,60,20.09,OWN,debt_consolidation,1
620,118787.43,29567.39,2.3,0.242,1,36,12.41,RENT,credit_card,0
659,147243.82,8846.08,0.7,0.166,1,36,9.24,RENT,credit_card,0
845,14503.54,36053.82,10.1,0.496,0,60,7.68,MORTGAGE,debt_consolidation,0
780,46916.45,20425.1,2.2,0.139,0,36,6.35,RENT,other,0
787,35471.11,1579.78,1.6,0.641,2,60,8.38,MORTGAGE,major_purchase,0
649,43514.64,22417.66,4.3,0.379,0,60,11.18,MORTGAGE,debt_consolidation,0
498,40608.26,36749.33,6.0,0.049,0,60,15.91,RENT,credit_card,0
536,70635.74,19918.14,1.2,0.367,1,36,15.84,OWN,debt_consolidation,0
373,46599.43,34370.83,6.6,0.289,0,36,21.36,RENT,other,1
537,32535.65,32043.14,0.3,0.259,0,60,13.51,RENT,home_improvement,0
500,45365.93,21104.14,4.1,0.23,0,36,15.69,MORTGAGE,major_purchase,0
319,61799.65,15224.43,3.7,0.514,0,60,21.78,MORTGAGE,credit_card,1
412,28776.82,32967.76,4.9,0.185,1,36,18.69,MORTGAGE,home_improvement,1
594,23369.68,17232.41,9.0,0.236,3,60,14.47,MORTGAGE,debt_consolidation,1
503,120178.6,8483.83,10.3,0.492,0,36,17.9,OWN,debt_consolidation,0
847,36713.8,15117.97,33.5,0.334,0,60,5.29,RENT,home_improvement,0
563,46082.62,39580.92,7.1,0.255,0,36,13.34,RENT,credit_card,1
828,40986.26,13469.12,2.1,0.325,0,36,7.3,MORTGAGE,major_purchase,0
664,62732.78,11338.26,8.3,0.117,1,36,9.98,MORTGAGE,home_improvement,0
322,108853.2,6870.48,9.1,0.155,0,36,21.93,MORTGAGE,debt_consolidation,0
412,63638.27,3427.83,9.1,0.326,0,36,18.68,RENT,credit_card,0
688,24753.83,43974.46,0.4,0.078,0,36,10.51,MORTGAGE,debt_consolidation,0
600,26295.27,24618.18,13.1,0.553,0,60,14.12,RENT,home_improvement,0
466,40964.69,33104.36,3.3,0.065,0,60,16.59,RENT,debt_consolidation,0
587,43446.91,35010.83,5.9,0.16,0,60,17.59,RENT,credit_card,0
797,22586.82,16501.95,12.7,0.242,1,36,7.19,MORTGAGE,debt_consolidation,0
514,70877.15,36151.86,5.4,0.245,1,36,14.88,MORTGAGE,home_improvement,0
324,30066.17,43305.31,2.6,0.179,0,36,24.03,MORTGAGE,home_improvement,1
471,95988.69,33637.52,5.2,0.537,0,36,16.99,RENT,debt_consolidation,0
815,111222.13,32316.26,10.6,0.418,0,60,5.74,RENT,debt_consolidation,0
719,43839.3,20018.29,2.1,0.035,0,36,9.61,RENT,debt_consolidation,0
761,59726.89,38018.09,0.6,0.494,0,36,10.78,RENT,other,0
802,28159.04,4908.84,1.2,0.287,0,60,7.7,MORTGAGE,major_purchase,0
364,64903.34,33986.08,13.6,0.305,1,60,19.03,MORTGAGE,credit_card,1
455,39175.76,16927.72,1.9,0.592,0,36,18.64,OWN,major_purchase,0
332,30053.79,25902.85,1.7,0.192,0,36,21.83,MORTGAGE,debt_consolidation,1
302,43036.3,40290.41,4.6,0.65,0,36,22.67,RENT,debt_consolidation,1
759,39751.92,27620.86,1.6,0.429,0,36,6.68,RENT,home_improvement,0
816,42348.08,2125.59,6.2,0.38,0,60,5.72,OWN,major_purchase,0
385,75158.61,32794.61,6.5,0.426,0,36,17.67,MORTGAGE,debt_consolidation,0
697,34427.52,41877.08,8.2,0.053,0,60,10.04,RENT,major_purchase,0
594,107018.86,29248.53,1.2,0.349,0,36,15.2,OWN,debt_consolidation,0
338,27003.54,38902.48,1.6,0.251,3,60,18.66,RENT,debt_consolidation,1
804,101411.69,37313.01,5.5,0.469,1,36,5.9,RENT,major_purchase,0
780,31025.67,38896.86,3.3,0.404,0,60,5.97,MORTGAGE,credit_card,0
612,48998.45,16140.42,2.7,0.288,1,60,13.86,RENT,home_improvement,0
690,39316.98,21863.2,0.1,0.453,0,36,12.9,RENT,debt_consolidation,0
518,41995.68,38313.47,0.8,0.052,1,36,15.96,RENT,home_improvement,0
736,70305.88,41057.54,3.0,0.332,0,60,9.88,MORTGAGE,major_purchase,0
545,96270.97,7461.03,10.0,0.375,0,36,14.82,OWN,debt_consolidation,0
845,83762.12,8987.42,11.3,0.212,0,60,5.92,OWN,debt_consolidation,0
334,40856.23,16260.5,2.8,0.009,0,60,21.85,MORTGAGE,debt_consolidation,1
394,53258.61,34893.1,4.3,0.602,0,36,18.17,MORTGAGE,credit_card,1
833,34477.59,39499.17,4.8,0.016,2,36,7.26,RENT,debt_consolidation,0
459,31376.12,26530.57,1.5,0.23,0,36,16.99,MORTGAGE,credit_card,1
471,29265.5,5983.8,0.5,0.185,2,36,16.97,MORTGAGE,debt_consolidation,1
735,40259.13,14364.92,1.9,0.422,1,60,8.67,MORTGAGE,other,0
404,54848.08,38709.01,1.3,0.072,0,36,16.43,RENT,major_purchase,1
582,20737.17,16292.42,4.1,0.517,1,36,14.68,MORTGAGE,credit_card,0
457,48008.86,5523.52,4.8,0.226,0,36,17.28,MORTGAGE,major_purchase,0
409,96975.27,14291.01,2.5,0.168,0,36,18.74,MORTGAGE,other,0
831,81215.39,36495.08,4.0,0.459,0,60,8.82,RENT,home_improvement,0
410,37671.8,22713.1,2.5,0.388,0,60,18.96,RENT,credit_card,0
351,26144.84,8549.2,2.3,0.196,0,60,19.61,RENT,major_purchase,0
671,60290.13,14755.82,2.0,0.108,0,36,9.34,RENT,debt_consolidation,0
777,17277.45,42957.58,14.9,0.305,1,36,7.73,RENT,debt_consolidation,0
370,80786.84,20006.13,1.3,0.287,1,60,20.45,MORTGAGE,home_improvement,0
690,44528.54,20430.37,2.6,0.228,0,36,8.9,RENT,debt_consolidation,0
597,111757.33,7735.06,5.3,0.343,0,60,14.65,RENT,debt_consolidation,0
757,22535.91,14400.39,0.3,0.581,2,36,8.21,MORTGAGE,credit_card,0
369,74099.63,36846.19,1.8,0.265,0,36,19.77,MORTGAGE,debt_consolidation,0
837,46853.03,35592.75,0.3,0.077,2,36,6.34,MORTGAGE,major_purchase,0
641,42235.96,20161.95,0.1,0.202,0,36,10.35,RENT,major_purchase,0
764,26464.79,40320.7,1.0,0.316,0,60,7.85,MORTGAGE,credit_card,0
499,64092.75,17731.39,2.6,0.075,0,36,16.68,MORTGAGE,debt_consolidation,0
819,66453.77,39030.5,6.9,0.107,0,36,6.78,MORTGAGE,debt_consolidation,0
645,109459.24,2388.88,2.4,0.395,1,36,11.34,OWN,credit_card,0
369,77158.93,16278.13,1.9,0.384,0,60,19.57,RENT,debt_consolidation,0
808,37524.42,38623.01,4.7,0.62,2,36,7.86,MORTGAGE,credit_card,0
738,31202.76,40657.62,12.2,0.143,0,60,10.92,RENT,debt_consolidation,0
465,26480.9,34282.66,1.0,0.341,1,36,16.96,RENT,credit_card,1
600,95125.37,30474.1,3.3,0.215,1,36,12.19,RENT,major_purchase,0
513,34538.21,36882.22,0.2,0.535,0,60,18.73,MORTGAGE,major_purchase,1
599,95425.72,32132.56,9.5,0.557,1,36,14.5,MORTGAGE,debt_consolidation,0
831,62086.41,12185.72,3.1,0.206,1,36,6.39,OWN,debt_consolidation,0
795,56866.19,21514.42,0.8,0.028,2,60,6.86,RENT,home_improvement,0
418,42698.08,30071.02,2.0,0.162,0,36,20.61,MORTGAGE,debt_consolidation,0
835,65992.92,26863.32,3.0,0.468,1,60,5.4,MORTGAGE,credit_card,0
541,48680.71,39944.29,1.7,0.252,0,36,14.99,MORTGAGE,home_improvement,0
688,41516.82,21849.16,4.8,0.278,0,60,11.53,RENT,credit_card,0
721,67050.55,8831.44,6.2,0.344,2,36,9.98,MORTGAGE,credit_card,0
566,45945.56,10441.61,0.1,0.335,0,36,13.11,MORTGAGE,credit_card,0
551,34226.29,38226.49,2.3,0.526,1,36,14.21,OWN,debt_consolidation,0
551,64210.5,1383.72,6.1,0.322,0,36,14.67,MORTGAGE,credit_card,0
775,47629.45,39241.74,5.7,0.268,0,36,6.77,MORTGAGE,major_purchase,0
512,61084.26,3445.88,4.3,0.269,0,60,15.61,RENT,major_purchase,0
454,39965.15,18232.97,7.6,0.049,0,36,19.27,RENT,credit_card,0
499,28449.77,36207.75,1.9,0.185,0,36,18.37,OWN,debt_consolidation,0
407,107021.31,18935.08,9.9,0.269,0,36,18.61,MORTGAGE,credit_card,0
515,98319.25,37183.32,0.3,0.212,0,36,15.66,MORTGAGE,home_improvement,0
362,72962.67,5413.15,1.1,0.021,0,36,19.94,OWN,credit_card,1
349,41170.83,23507.86,0.3,0.514,0,36,18.04,RENT,debt_consolidation,0
698,42824.13,26628.86,3.5,0.226,0,36,10.95,MORTGAGE,home_improvement,0
342,91312.9,40198.22,6.0,0.159,0,60,21.07,RENT,debt_consolidation,0
613,41805.22,5119.34,2.4,0.157,0,36,14.12,RENT,other,0
729,36877.24,15898.43,1.4,0.137,0,36,10.77,RENT,debt_consolidation,0
699,113835.03,30011.32,1.3,0.414,0,60,11.11,MORTGAGE,debt_consolidation,0
545,47980.26,44116.92,4.7,0.129,0,36,15.61,MORTGAGE,credit_card,0
406,108639.61,38324.07,2.7,0.334,0,36,17.65,RENT,major_purchase,0
812,26126.98,38245.78,15.7,0.578,0,36,7.3,RENT,home_improvement,0
760,61894.29,23756.03,4.3,0.153,0,36,6.91,MORTGAGE,debt_consolidation,0
637,124490.81,25829.16,5.4,0.349,1,36,11.72,RENT,credit_card,0
347,49681.5,38777.52,0.3,0.626,0,60,22.57,MORTGAGE,home_improvement,1
319,43529.67,39263.53,17.9,0.333,0,60,22.06,RENT,major_purchase,0
473,28984.36,36300.08,2.0,0.558,1,36,17.3,MORTGAGE,credit_card,0
386,79782.09,37017.14,20.0,0.234,2,36,19.44,MORTGAGE,debt_consolidation,1
774,34663.49,39703.71,2.0,0.345,0,36,8.17,OWN,credit_card,0
413,46973.37,6006.4,8.2,0.372,0,36,18.89,RENT,home_improvement,1
455,28126.68,13876.13,0.0,0.203,3,36,17.57,MORTGAGE,debt_consolidation,1
837,98775.27,43949.0,2.4,0.419,0,36,7.15,RENT,other,0
750,82429.48,24970.15,1.5,0.461,0,36,11.33,RENT,debt_consolidation,0
420,48328.99,8764.41,1.3,0.055,0,36,20.23,RENT,debt_consolidation,0
511,29162.33,23134.45,1.8,0.452,0,36,15.32,OWN,debt_consolidation,1
584,97846.79,29414.5,1.8,0.149,2,60,12.99,MORTGAGE,debt_consolidation,0
666,41578.18,37441.77,4.1,0.625,0,60,10.71,RENT,major_purchase,1
815,29811.75,36735.78,1.1,0.599,1,60,6.25,MORTGAGE,home_improvement,0
779,22182.23,3166.63,2.3,0.082,0,36,5.97,RENT,debt_consolidation,0
838,36655.39,20955.1,1.0,0.053,0,36,6.48,MORTGAGE,other,0
322,25473.98,1905.04,1.5,0.087,2,36,20.86,OWN,home_improvement,0
430,37039.15,40078.87,7.2,0.246,0,36,18.18,OWN,credit_card,0
610,68527.06,8651.87,0.0,0.112,1,36,12.38,MORTGAGE,debt_consolidation,0
327,41401.4,28494.49,12.0,0.177,0,36,21.28,RENT,major_purchase,1
495,57530.01,26107.21,2.0,0.349,0,36,15.53,RENT,home_improvement,0
384,35401.14,28523.3,2.3,0.176,0,36,18.79,RENT,debt_consolidation,0
814,50479.68,25790.33,12.9,0.12,0,36,9.44,RENT,credit_card,0
334,116355.49,32485.9,3.2,0.442,2,60,19.54,RENT,debt_consolidation,1
381,41905.87,28548.84,13.4,0.21,0,60,23.38,MORTGAGE,debt_consolidation,0
407,58278.78,4973.21,2.7,0.359,0,36,17.26,RENT,debt_consolidation,1
381,24234.02,17137.79,0.2,0.242,1,60,18.64,MORTGAGE,credit_card,0
613,97153.53,25050.11,2.2,0.351,0,36,11.38,MORTGAGE,major_purchase,0
500,39547.47,15308.69,3.1,0.046,0,60,15.71,MORTGAGE,home_improvement,0
802,78648.21,34454.56,11.3,0.582,0,60,4.0,OWN,home_improvement,0
443,46377.46,14987.5,8.2,0.155,0,36,19.02,MORTGAGE,debt_consolidation,0
596,64550.99,37462.1,0.2,0.248,0,36,12.4,RENT,debt_consolidation,0
663,66300.69,7456.28,3.2,0.255,0,36,11.82,MORTGAGE,credit_card,0
644,39990.69,34853.27,9.7,0.06,2,60,14.06,MORTGAGE,other,0
738,80126.18,9072.48,7.6,0.386,0,36,8.63,RENT,home_improvement,0
411,34837.75,24232.67,0.6,0.303,0,60,19.24,MORTGAGE,debt_consolidation,1
579,69568.73,15103.07,5.8,0.391,0,60,12.78,RENT,debt_consolidation,0
741,41126.49,29042.72,12.7,0.543,0,36,10.16,RENT,debt_consolidation,0
775,57371.39,10360.58,6.1,0.022,0,36,8.6,OWN,debt_consolidation,0
640,39819.15,35998.03,10.6,0.221,2,36,10.6,OWN,home_improvement,0
659,50135.73,26237.69,8.1,0.36,3,60,13.18,MORTGAGE,debt_consolidation,0
776,30223.89,43120.02,3.6,0.068,0,60,8.02,RENT,debt_consolidation,0
644,54797.54,32317.89,2.3,0.004,0,60,11.79,RENT,credit_card,0
822,50005.31,27725.4,1.4,0.552,0,36,7.64,MORTGAGE,debt_consolidation,0
370,38442.96,37482.98,0.8,0.677,0,36,21.2,RENT,debt_consolidation,1
491,47821.83,10666.03,1.1,0.098,0,60,15.2,MORTGAGE,other,0
361,52067.8,28840.67,8.3,0.31,1,36,21.34,RENT,major_purchase,0
349,37147.04,18177.77,2.0,0.445,0,60,20.62,OWN,major_purchase,1
560,46261.19,33726.8,7.3,0.31,0,36,14.14,RENT,debt_consolidation,0
424,31179.05,2076.65,7.2,0.152,1,36,17.61,RENT,other,0
524,140868.18,19819.33,3.6,0.539,0,36,15.75,RENT,credit_card,0
541,78952.64,29674.88,9.4,0.263,3,36,13.29,RENT,debt_consolidation,1
642,55430.89,21268.13,2.8,0.09,1,36,11.05,RENT,debt_consolidation,0
821,83070.99,11470.75,6.7,0.156,0,36,4.82,MORTGAGE,debt_consolidation,0
768,20117.32,21431.37,12.7,0.496,0,36,9.39,OWN,debt_consolidation,0
508,15506.96,38388.76,4.1,0.47,0,36,16.15,MORTGAGE,debt_consolidation,1
479,40958.68,10100.92,3.2,0.36,0,36,17.08,MORTGAGE,debt_consolidation,0
724,26361.14,17155.58,16.0,0.233,1,60,9.11,OWN,debt_consolidation,0
368,44069.69,44574.76,13.2,0.055,1,36,19.79,RENT,debt_consolidation,1
597,53774.01,41163.96,31.6,0.127,2,60,13.13,MORTGAGE,debt_consolidation,1
533,74175.3,2494.61,3.1,0.371,0,36,15.63,RENT,other,0
400,29371.53,24334.61,4.7,0.577,0,36,17.25,MORTGAGE,debt_consolidation,0
639,58678.8,3878.17,11.4,0.089,0,60,12.25,MORTGAGE,major_purchase,0
476,49339.26,41651.82,0.6,0.44,0,60,17.43,MORTGAGE,major_purchase,1
402,57318.53,20427.98,4.1,0.083,0,36,19.62,RENT,credit_card,0
659,38797.17,19411.23,5.7,0.411,0,36,13.96,RENT,credit_card,0
395,91346.09,13009.63,4.5,0.486,0,36,19.56,OWN,credit_card,0
670,46789.83,26028.04,3.5,0.367,0,36,12.28,OWN,other,0
389,108921.42,7379.94,9.2,0.388,0,36,20.55,MORTGAGE,other,0
539,34348.89,36154.02,0.9,0.251,0,60,14.16,RENT,home_improvement,0
745,68478.31,22613.26,1.6,0.166,0,60,10.0,RENT,major_purchase,0
425,47722.07,25924.37,8.7,0.031,0,36,16.06,RENT,major_purchase,0
722,42298.88,37995.41,1.9,0.402,0,60,8.75,MORTGAGE,home_improvement,0
697,65156.15,9146.55,9.2,0.257,0,60,11.28,RENT,debt_consolidation,0
797,42846.19,8708.06,0.0,0.446,1,36,6.2,RENT,credit_card,0
393,14796.05,19515.27,2.8,0.584,0,60,20.6,MORTGAGE,debt_consolidation,1
694,12353.68,35589.64,1.3,0.712,0,36,11.79,RENT,major_purchase,0
816,86906.66,3576.0,1.6,0.151,0,36,7.52,RENT,debt_consolidation,0
720,85273.27,35987.49,13.0,0.57,3,36,10.14,RENT,home_improvement,0
403,114611.5,23033.29,2.1,0.302,0,36,18.73,MORTGAGE,debt_consolidation,1
753,48635.66,25717.59,0.5,0.165,0,60,9.06,RENT,debt_consolidation,0
359,27400.44,25832.98,8.5,0.505,1,60,21.52,MORTGAGE,major_purchase,1
624,40586.36,3471.37,10.5,0.169,0,36,13.97,RENT,credit_card,0
574,49273.47,11989.92,2.7,0.33,2,60,14.16,RENT,debt_consolidation,0
592,31158.2,34233.09,1.6,0.096,0,36,11.91,MORTGAGE,credit_card,0
586,102935.58,19139.8,0.2,0.256,3,36,13.35,RENT,debt_consolidation,0
317,134292.6,25662.75,8.2,0.305,0,60,21.83,MORTGAGE,debt_consolidation,0
580,60792.78,42574.22,6.0,0.152,0,36,14.83,RENT,debt_consolidation,0
816,48781.74,3035.96,4.3,0.23,1,60,7.52,MORTGAGE,other,0
540,27371.7,20785.94,4.0,0.257,0,36,16.58,RENT,major_purchase,0
452,98311.4,16896.06,8.7,0.195,0,36,16.77,RENT,major_purchase,0
848,50733.31,5683.77,1.0,0.074,0,36,5.26,MORTGAGE,credit_card,0
354,43039.61,42834.95,3.2,0.06,0,60,21.64,OWN,credit_card,1
567,60871.99,43304.22,6.6,0.174,0,36,13.15,RENT,debt_consolidation,0
582,37662.86,14705.48,2.3,0.195,2,36,12.56,MORTGAGE,credit_card,0
563,52370.24,42655.53,9.0,0.243,0,36,14.43,RENT,credit_card,0
807,25613.89,2547.64,3.2,0.295,0,36,8.17,MORTGAGE,major_purchase,0
532,79952.6,44159.42,3.7,0.073,0,36,15.53,OWN,major_purchase,0
836,46770.83,37781.01,4.8,0.602,1,36,4.0,RENT,major_purchase,0
336,82574.85,10430.53,9.6,0.286,0,36,20.79,OWN,other,0
704,44778.74,27380.07,0.3,0.622,0,36,9.36,OWN,other,0
626,46106.54,36125.17,9.3,0.202,0,36,13.95,OWN,debt_consolidation,0
432,28408.88,15049.15,0.0,0.138,3,60,16.32,RENT,debt_consolidation,1
425,69001.99,16565.08,6.9,0.525,0,36,19.05,MORTGAGE,credit_card,1
696,33053.15,28674.8,0.4,0.574,0,60,10.5,RENT,debt_consolidation,0
651,39383.8,7472.14,11.5,0.156,0,36,12.11,RENT,major_purchase,0
636,49043.91,6201.27,7.9,0.249,0,36,13.19,MORTGAGE,credit_card,0
328,51769.21,11991.43,2.2,0.022,2,60,20.94,MORTGAGE,debt_consolidation,1
629,22748.54,33615.43,8.6,0.152,0,36,12.55,MORTGAGE,credit_card,0
840,44184.85,17130.37,2.3,0.269,0,60,8.38,RENT,credit_card,0
309,70112.31,23323.76,11.2,0.634,1,60,22.94,RENT,credit_card,1
558,41346.7,9599.82,12.7,0.143,0,60,15.61,RENT,debt_consolidation,0
572,44305.79,9540.65,2.1,0.064,0,60,15.17,MORTGAGE,credit_card,0
794,52737.54,29619.86,1.8,0.199,0,60,9.91,OWN,debt_consolidation,0
455,46319.48,5768.51,4.0,0.352,1,36,18.19,RENT,credit_card,1
562,30830.76,30384.99,0.5,0.112,3,60,14.53,RENT,home_improvement,0
695,48225.55,18630.88,13.8,0.037,0,60,11.27,RENT,other,0
333,76675.15,30535.92,7.0,0.413,1,36,20.38,MORTGAGE,debt_consolidation,0
741,30545.44,17796.1,7.5,0.32,2,36,10.19,RENT,other,0
753,41418.51,38226.3,6.5,0.302,1,36,10.06,MORTGAGE,credit_card,0
696,26324.78,3444.47,0.0,0.314,1,36,10.09,MORTGAGE,major_purchase,0
657,74878.48,40305.08,7.6,0.288,0,36,11.46,MORTGAGE,home_improvement,0
711,47025.2,12821.09,5.1,0.211,0,60,10.47,MORTGAGE,major_purchase,0
730,33436.73,2871.86,13.5,0.159,0,60,8.74,MORTGAGE,debt_consolidation,0
797,51098.96,25745.79,5.2,0.269,0,60,6.31,RENT,debt_consolidation,0
535,28520.54,10871.59,1.5,0.328,0,60,14.88,MORTGAGE,debt_consolidation,0
551,30789.44,21204.94,7.6,0.038,0,60,14.79,MORTGAGE,debt_consolidation,0
651,25411.06,36301.83,4.0,0.09,0,60,12.59,RENT,home_improvement,0
406,30331.72,35828.06,3.9,0.449,0,60,19.59,RENT,credit_card,0
771,90291.8,27416.97,1.4,0.278,0,36,8.25,MORTGAGE,home_improvement,0
724,35245.63,44026.36,12.6,0.119,0,36,10.36,OWN,other,0
647,60463.87,21405.05,2.4,0.582,0,60,11.28,RENT,debt_consolidation,0
466,33646.5,2733.09,0.3,0.05,0,36,15.37,RENT,debt_consolidation,0
491,68995.06,37054.71,1.1,0.73,3,60,16.21,RENT,debt_consolidation,1
539,30892.33,10736.93,0.8,0.019,0,60,15.35,RENT,home_improvement,0
665,49893.83,8754.51,0.2,0.161,2,60,10.69,MORTGAGE,debt_consolidation,0
728,50200.64,4080.44,0.5,0.168,3,60,7.8,RENT,debt_consolidation,0
670,139736.31,15427.6,1.7,0.29,0,60,10.2,RENT,credit_card,0
812,65100.75,15350.99,0.9,0.193,0,60,5.66,OWN,debt_consolidation,0
829,37541.16,14321.95,2.6,0.039,0,60,4.98,RENT,other,0
688,66720.8,27100.49,14.0,0.398,0,60,10.78,RENT,other,0
504,128306.67,34067.86,7.3,0.37,0,60,17.5,RENT,major_purchase,0
630,23544.88,42261.74,6.6,0.343,0,60,12.45,MORTGAGE,credit_card,0
534,33553.05,5138.2,0.5,0.163,0,60,16.61,OWN,credit_card,0
646,44063.9,7616.8,3.0,0.186,0,36,8.81,MORTGAGE,debt_consolidation,0
747,40631.96,26953.07,5.0,0.383,0,60,9.24,MORTGAGE,major_purchase,0
503,42203.54,5317.97,3.8,0.285,1,36,16.77,MORTGAGE,debt_consolidation,0
578,27257.81,17313.63,4.6,0.343,0,60,13.0,RENT,home_improvement,0
325,92205.98,28480.3,4.0,0.071,0,36,20.21,OWN,debt_consolidation,1
705,25843.8,35343.98,5.8,0.202,0,36,9.8,OWN,major_purchase,0
569,44797.35,10574.37,14.4,0.388,0,36,15.25,MORTGAGE,credit_card,0
553,78481.94,30391.36,1.7,0.323,0,36,13.23,OWN,debt_consolidation,0
593,48359.44,29418.27,1.6,0.562,0,60,12.49,MORTGAGE,debt_consolidation,0
418,31548.23,38823.11,1.1,0.094,0,60,17.0,MORTGAGE,debt_consolidation,0
629,26718.08,14804.89,1.4,0.462,3,36,13.16,MORTGAGE,other,0
710,44200.9,34004.04,2.2,0.538,0,36,9.23,RENT,debt_consolidation,0
492,34868.42,34087.99,5.4,0.399,0,36,16.3,MORTGAGE,credit_card,0
372,53763.71,11524.56,3.2,0.279,0,60,20.48,RENT,debt_consolidation,0
513,26091.03,28330.94,10.6,0.349,1,36,15.21,OWN,home_improvement,0
409,70676.34,30707.13,1.6,0.316,0,60,17.07,RENT,major_purchase,0
506,51637.18,13074.85,6.6,0.299,1,36,16.61,MORTGAGE,other,0
645,53392.54,20879.2,4.2,0.432,0,36,12.66,RENT,credit_card,0
362,93759.15,20174.22,0.8,0.413,1,60,22.12,MORTGAGE,credit_card,1
711,40255.1,35034.42,6.0,0.352,2,36,10.42,MORTGAGE,debt_consolidation,0
423,35361.63,1030.42,3.9,0.05,0,36,18.51,MORTGAGE,home_improvement,0
792,38311.54,23045.17,6.8,0.163,0,36,8.02,OWN,other,0
703,44952.56,9111.0,8.6,0.246,1,60,10.06,MORTGAGE,credit_card,0
450,47054.69,29461.05,1.4,0.134,0,60,17.6,MORTGAGE,home_improvement,1
610,33731.45,30936.23,6.2,0.48,0,36,12.26,RENT,major_purchase,0
361,19724.4,23049.57,2.9,0.314,0,60,20.54,OWN,major_purchase,1
354,38085.23,24849.3,0.1,0.214,3,36,20.77,MORTGAGE,home_improvement,1
826,57637.09,14862.56,0.2,0.576,2,60,6.5,RENT,credit_card,0
742,52120.64,14786.2,7.6,0.206,0,36,8.01,OWN,credit_card,0
385,84103.17,33785.15,7.3,0.264,0,36,17.75,MORTGAGE,debt_consolidation,0
455,118180.56,6796.18,0.4,0.348,0,60,16.85,MORTGAGE,other,0
408,68988.85,34946.15,3.7,0.172,0,36,18.09,RENT,debt_consolidation,0
517,91320.84,29820.58,3.5,0.122,0,36,15.21,RENT,debt_consolidation,0
460,69220.23,39916.89,12.2,0.024,0,60,16.79,MORTGAGE,credit_card,1
480,105815.75,12446.37,5.7,0.354,0,36,18.82,RENT,credit_card,0
591,112745.03,23271.88,11.0,0.311,0,36,13.07,MORTGAGE,debt_consolidation,0
404,75208.86,2715.54,8.0,0.354,0,60,17.37,MORTGAGE,credit_card,1
786,67364.34,41150.29,2.1,0.233,0,60,7.88,RENT,home_improvement,0
700,44696.28,30717.22,1.5,0.054,1,36,9.91,RENT,credit_card,0
719,48117.36,28406.51,0.6,0.399,0,60,12.04,MORTGAGE,credit_card,0
393,42107.17,33238.32,3.9,0.152,0,36,19.65,MORTGAGE,debt_consolidation,0
690,64832.56,13510.47,0.3,0.134,0,60,11.73,RENT,major_purchase,0
760,35448.75,27569.85,14.4,0.103,0,36,8.65,MORTGAGE,other,0
396,44981.3,36240.56,7.1,0.604,0,60,19.44,MORTGAGE,home_improvement,1
713,16986.49,4972.96,4.1,0.171,0,60,9.34,RENT,credit_card,0
497,106445.72,43187.94,1.3,0.493,0,60,16.21,RENT,home_improvement,0
733,44390.75,40243.02,10.5,0.041,0,60,8.32,RENT,major_purchase,0
563,60174.94,43372.83,8.7,0.486,0,36,13.82,RENT,debt_consolidation,0
742,94466.83,36567.33,0.2,0.668,3,60,9.52,RENT,credit_card,0
381,56113.52,13949.69,6.7,0.312,0,36,20.11,OWN,credit_card,0
514,93897.09,26588.44,1.8,0.199,0,60,16.04,MORTGAGE,debt_consolidation,0
450,28035.25,6287.15,11.2,0.537,0,36,16.9,RENT,credit_card,0
436,144180.24,34183.34,0.3,0.124,2,36,20.7,RENT,major_purchase,0
469,79953.43,7760.15,1.4,0.131,0,60,16.97,RENT,debt_consolidation,0
510,53859.88,39140.25,17.0,0.071,0,60,16.18,RENT,debt_consolidation,0
370,93086.62,11584.51,2.2,0.266,0,36,21.48,OWN,home_improvement,0
689,28972.85,8058.12,1.8,0.217,0,36,9.57,MORTGAGE,debt_consolidation,0
603,43050.25,4119.79,0.1,0.328,0,60,12.97,OWN,debt_consolidation,0
756,93893.15,32300.07,5.1,0.365,0,36,10.94,RENT,other,0
688,21159.05,9192.97,0.4,0.17,0,36,11.26,RENT,credit_card,0
382,63082.96,9697.38,4.9,0.486,1,36,20.57,OWN,debt_consolidation,1
338,62285.21,8466.65,2.2,0.333,0,36,20.45,MORTGAGE,credit_card,0
532,118913.5,14454.99,2.8,0.221,0,60,14.76,MORTGAGE,debt_consolidation,0
565,24044.7,42413.3,2.3,0.224,0,36,13.0,RENT,debt_consolidation,0
432,101147.38,22411.35,2.8,0.377,0,36,20.56,RENT,credit_card,0
730,38110.24,12478.63,6.5,0.126,0,36,8.95,RENT,debt_consolidation,0
620,40088.54,8497.19,3.6,0.575,0,60,11.07,RENT,other,0
712,28285.31,1831.66,13.5,0.38,0,60,11.43,MORTGAGE,debt_consolidation,0
360,30045.45,17059.68,11.4,0.728,0,36,19.46,MORTGAGE,debt_consolidation,1
749,58781.65,5842.7,11.7,0.504,0,60,9.78,OWN,home_improvement,0
413,29716.29,2188.53,16.8,0.1,0,60,19.52,RENT,major_purchase,0
546,68399.99,5531.11,0.4,0.355,0,36,16.09,RENT,debt_consolidation,0
542,36376.03,15014.95,9.0,0.084,2,36,13.29,OWN,credit_card,0
752,28399.73,34038.0,0.7,0.264,0,36,9.3,RENT,home_improvement,0
452,38657.11,3947.4,1.7,0.209,0,60,16.27,RENT,major_purchase,0
432,57040.58,30861.65,0.8,0.142,0,36,18.23,RENT,debt_consolidation,0
487,43268.97,28303.87,1.8,0.214,0,36,17.59,RENT,other,0
498,49781.29,39807.57,0.8,0.201,0,36,14.18,RENT,debt_consolidation,0
400,67056.67,9095.43,7.5,0.173,0,36,18.56,RENT,major_purchase,0
397,79784.91,35947.78,9.9,0.742,0,60,18.04,MORTGAGE,debt_consolidation,1
427,42636.12,39054.07,10.7,0.291,2,60,18.5,MORTGAGE,home_improvement,1
557,30641.18,43965.3,4.3,0.388,0,36,13.18,RENT,debt_consolidation,0
489,50728.47,36576.17,5.8,0.045,0,60,17.32,RENT,debt_consolidation,1
516,60584.38,6445.8,5.6,0.12,2,60,15.42,MORTGAGE,credit_card,0
696,25404.3,42673.68,5.0,0.377,1,36,10.42,MORTGAGE,home_improvement,0
432,32834.21,36859.65,1.1,0.277,0,60,18.44,MORTGAGE,credit_card,1
801,35467.28,10342.31,6.3,0.266,0,60,4.07,RENT,other,0
714,44644.22,8268.69,0.1,0.103,0,60,8.67,MORTGAGE,debt_consolidation,0
396,34805.64,42202.22,11.7,0.123,0,36,20.96,MORTGAGE,debt_consolidation,1
472,67384.37,7850.74,0.2,0.203,0,60,15.52,RENT,debt_consolidation,0
401,23805.93,35192.55,9.8,0.51,1,60,17.8,OWN,other,1
450,24079.75,18831.41,9.9,0.232,0,60,17.2,OWN,home_improvement,0
501,42182.05,32847.43,10.7,0.227,0,60,17.09,RENT,home_improvement,1
372,45295.2,5041.46,10.3,0.457,0,60,18.24,MORTGAGE,other,1
307,25473.91,32902.56,3.9,0.11,0,36,21.48,RENT,credit_card,1
541,37308.0,23524.1,0.2,0.144,0,60,16.45,MORTGAGE,debt_consolidation,0
686,40926.39,40616.65,16.1,0.122,0,36,11.15,RENT,debt_consolidation,0
466,41069.29,9289.53,0.4,0.355,0,60,15.98,RENT,debt_consolidation,1
774,52488.36,5811.67,4.3,0.439,1,36,9.45,MORTGAGE,credit_card,0
503,36398.74,9633.69,7.7,0.179,0,36,15.7,RENT,debt_consolidation,0
796,95322.99,4457.32,3.0,0.266,0,36,8.12,OWN,major_purchase,0
430,61064.87,44126.62,1.9,0.646,0,60,17.28,MORTGAGE,credit_card,0
597,34091.35,6405.69,1.3,0.316,0,60,14.55,MORTGAGE,major_purchase,0
720,51150.63,9837.44,2.9,0.41,0,36,9.39,RENT,home_improvement,0
332,51834.28,36626.17,1.0,0.211,0,36,21.34,RENT,home_improvement,1
812,84679.15,11857.19,16.0,0.075,0,36,4.91,MORTGAGE,home_improvement,0
501,37415.03,10780.91,0.0,0.277,0,60,17.95,RENT,home_improvement,0
574,69237.81,30581.63,0.9,0.236,0,36,15.6,MORTGAGE,credit_card,0
646,49952.83,18545.67,4.0,0.344,0,36,10.52,MORTGAGE,home_improvement,0
654,95913.78,37761.08,4.1,0.502,0,60,13.54,OWN,major_purchase,0
313,87631.97,29083.85,8.3,0.438,1,36,20.01,MORTGAGE,major_purchase,1
777,53564.44,13681.45,10.8,0.169,1,60,6.61,MORTGAGE,home_improvement,0
643,43563.41,27308.62,1.7,0.03,0,60,11.77,MORTGAGE,major_purchase,0
850,61572.63,39124.31,6.3,0.119,0,60,6.22,MORTGAGE,debt_consolidation,0
559,45197.52,17037.25,3.8,0.092,1,36,15.53,MORTGAGE,debt_consolidation,0
638,104416.0,33404.71,4.2,0.181,0,36,12.06,MORTGAGE,credit_card,0
543,50782.73,19296.65,1.9,0.181,0,36,13.66,OWN,debt_consolidation,0
790,40841.78,24895.23,5.0,0.531,0,36,9.03,MORTGAGE,home_improvement,0
758,39861.78,33282.8,1.7,0.396,0,36,8.47,OWN,major_purchase,0
800,28399.7,3663.2,0.9,0.279,0,60,8.22,MORTGAGE,debt_consolidation,0
577,62972.39,21017.78,1.7,0.487,3,60,15.09,RENT,home_improvement,0
736,33894.06,5189.39,1.5,0.351,0,60,8.65,OWN,debt_consolidation,0
497,80351.55,32900.24,12.1,0.055,0,60,15.97,RENT,debt_consolidation,0
553,27396.74,27743.48,1.2,0.296,3,36,15.42,RENT,debt_consolidation,0
718,51909.58,15384.91,0.1,0.419,0,36,11.0,RENT,debt_consolidation,0
344,82256.75,4356.39,0.9,0.193,1,36,19.99,MORTGAGE,major_purchase,0
691,18610.64,41735.31,2.2,0.391,1,60,10.59,MORTGAGE,credit_card,0
308,121566.84,14860.16,7.5,0.514,0,60,20.11,MORTGAGE,debt_consolidation,1
619,40482.36,13116.58,1.7,0.303,3,36,12.24,MORTGAGE,other,0
562,52234.21,5444.22,1.7,0.525,0,36,16.16,MORTGAGE,credit_card,0
558,63395.75,26403.54,0.2,0.578,0,36,12.3,RENT,credit_card,0
572,67965.67,12688.75,3.2,0.39,0,36,16.27,MORTGAGE,home_improvement,0
571,55450.6,38085.54,3.3,0.042,0,36,16.33,MORTGAGE,major_purchase,0
524,76789.49,31041.74,1.8,0.175,1,36,14.05,OWN,credit_card,0
548,61918.97,1172.26,1.6,0.446,0,60,13.53,RENT,home_improvement,0
613,108271.42,25889.68,8.8,0.185,0,36,12.92,RENT,debt_consolidation,0
720,62009.78,11200.73,3.5,0.064,0,36,9.3,RENT,debt_consolidation,0
604,118668.12,1676.15,2.1,0.076,0,36,14.43,RENT,debt_consolidation,0
654,73532.7,28252.16,0.2,0.359,0,36,12.64,MORTGAGE,credit_card,0
760,21750.94,10016.23,0.7,0.435,0,36,8.53,MORTGAGE,major_purchase,0
845,158735.76,40583.98,6.8,0.059,0,60,4.57,MORTGAGE,debt_consolidation,0
359,37856.01,26228.75,3.9,0.176,0,36,19.97,MORTGAGE,other,0
692,96085.61,10204.14,7.2,0.213,0,60,13.66,MORTGAGE,debt_consolidation,0
424,49615.42,44081.61,4.7,0.299,0,36,18.68,MORTGAGE,major_purchase,0
408,79022.71,25043.43,1.1,0.093,0,60,20.6,RENT,debt_consolidation,0
736,35960.79,8280.78,23.2,0.479,2,36,9.78,OWN,credit_card,0
337,64963.77,23758.66,1.2,0.192,0,60,23.03,MORTGAGE,home_improvement,0
767,43742.01,43211.36,6.6,0.309,0,60,8.36,OWN,major_purchase,0
724,99762.88,19665.25,1.5,0.416,0,60,11.14,RENT,debt_consolidation,0
848,59718.71,19715.2,6.5,0.297,0,60,7.25,MORTGAGE,major_purchase,0
668,74695.43,21289.58,6.4,0.28,0,36,11.42,MORTGAGE,other,0
780,18511.83,13324.56,5.5,0.39,2,60,8.17,MORTGAGE,credit_card,0
365,47169.01,8118.48,24.2,0.06,0,36,18.37,RENT,debt_consolidation,0
790,58967.88,26472.82,1.8,0.045,0,60,7.32,OWN,credit_card,0
388,54210.33,40344.81,0.1,0.334,0,60,22.46,RENT,debt_consolidation,0
473,75547.79,33372.11,1.8,0.417,0,60,19.15,RENT,debt_consolidation,0
370,41578.69,5232.25,2.5,0.496,0,36,19.89,RENT,home_improvement,0
521,50108.91,18637.35,2.2,0.33,0,36,14.58,MORTGAGE,credit_card,1
712,83412.38,1233.02,11.5,0.362,0,36,11.53,MORTGAGE,debt_consolidation,0
447,17581.28,14549.38,13.5,0.666,0,60,18.1,OWN,other,0
753,63908.5,30452.57,4.0,0.303,0,60,9.43,RENT,debt_consolidation,0
634,42182.12,13770.31,10.6,0.361,1,36,11.96,MORTGAGE,credit_card,0
646,32515.0,37984.57,4.1,0.547,0,36,13.76,MORTGAGE,home_improvement,0
817,57036.4,22004.91,8.7,0.456,1,36,7.31,RENT,home_improvement,0
537,85165.62,30443.4,0.6,0.165,0,60,15.89,MORTGAGE,home_improvement,0
489,78246.14,39890.07,8.9,0.418,0,36,15.27,RENT,major_purchase,1
847,46129.09,31043.65,3.7,0.326,0,36,5.18,MORTGAGE,debt_consolidation,0
606,72699.04,40482.35,23.7,0.071,1,60,11.75,MORTGAGE,credit_card,0
638,72448.45,36554.88,1.1,0.304,0,36,12.73,MORTGAGE,debt_consolidation,0
463,47130.84,25950.83,8.3,0.326,0,60,17.38,RENT,debt_consolidation,1
418,35886.4,14078.26,5.7,0.211,0,36,16.99,RENT,credit_card,0
393,36832.82,14118.27,4.1,0.236,1,36,19.69,MORTGAGE,debt_consolidation,1
423,71470.07,39514.57,1.4,0.237,1,36,18.59,MORTGAGE,credit_card,1
407,48099.83,3370.91,7.6,0.128,2,36,16.66,RENT,major_purchase,0
711,30614.16,42423.22,0.9,0.206,0,60,9.19,MORTGAGE,debt_consolidation,0
331,22966.96,15390.63,0.5,0.13,0,36,21.4,RENT,credit_card,0
646,71276.66,33510.33,1.5,0.351,0,36,10.7,MORTGAGE,credit_card,0
823,38328.53,15521.31,1.1,0.18,0,60,6.48,MORTGAGE,debt_consolidation,0
721,56878.6,42945.26,1.4,0.259,0,36,8.86,RENT,credit_card,0
521,85636.61,2604.86,6.3,0.076,0,36,13.68,MORTGAGE,major_purchase,0
332,27200.32,16546.03,1.1,0.251,0,60,18.53,RENT,debt_consolidation,1
759,48035.14,39168.29,12.6,0.345,0,60,7.23,MORTGAGE,credit_card,0
301,45396.38,13058.49,7.2,0.158,0,36,24.35,MORTGAGE,credit_card,1
675,58156.0,13127.26,1.5,0.404,2,60,9.6,MORTGAGE,home_improvement,0
669,85615.53,40545.08,2.4,0.139,1,36,11.06,RENT,credit_card,0
405,26950.22,37545.62,5.4,0.447,0,36,18.86,MORTGAGE,debt_consolidation,1
707,63348.66,5653.93,1.0,0.831,1,36,12.49,MORTGAGE,credit_card,0
396,77978.29,26527.92,20.7,0.25,2,60,16.72,OWN,debt_consolidation,1
424,45077.13,10829.39,1.4,0.495,1,60,17.52,MORTGAGE,debt_consolidation,0
747,46080.67,10466.08,0.5,0.226,0,60,9.34,RENT,debt_consolidation,0
839,59177.83,28077.78,17.1,0.295,0,36,6.16,MORTGAGE,debt_consolidation,0
445,57249.13,6450.11,4.6,0.29,1,36,17.26,MORTGAGE,debt_consolidation,0
807,63707.57,21670.28,0.3,0.249,0,36,7.9,OWN,debt_consolidation,0
803,63106.32,12256.16,7.2,0.453,0,36,4.81,RENT,credit_card,0
723,31511.65,38572.59,0.4,0.426,0,36,9.32,RENT,debt_consolidation,0
377,76543.92,25397.75,0.8,0.495,0,36,19.05,MORTGAGE,credit_card,1
464,82871.99,10464.79,1.1,0.262,0,36,18.26,MORTGAGE,debt_consolidation,0
673,53302.44,41764.49,2.5,0.162,0,60,8.57,RENT,major_purchase,0
850,25024.99,37207.45,0.4,0.392,0,60,5.7,MORTGAGE,debt_consolidation,0
748,46553.82,12672.86,3.2,0.381,0,60,8.72,RENT,home_improvement,0
531,53502.45,43286.24,5.0,0.163,2,60,14.72,RENT,debt_consolidation,1
429,29287.9,12780.51,2.3,0.268,0,36,17.48,RENT,other,1
829,41686.72,13876.3,0.0,0.288,0,60,6.39,RENT,home_improvement,0
452,25998.23,17982.39,7.6,0.224,0,60,18.83,OWN,major_purchase,0
488,64426.58,8251.43,2.3,0.444,0,60,17.25,OWN,debt_consolidation,0
831,52821.83,31228.71,11.3,0.52,0,60,5.63,MORTGAGE,home_improvement,0
609,23374.42,25522.84,2.3,0.561,1,60,12.07,RENT,debt_consolidation,0
445,57420.65,40356.35,0.3,0.211,0,36,16.4,MORTGAGE,credit_card,1
302,47789.97,11598.51,3.0,0.135,0,36,23.08,OWN,other,0
536,61844.99,8490.16,11.9,0.037,0,36,14.34,OWN,credit_card,0
843,41101.93,16779.43,10.3,0.06,0,60,4.65,RENT,credit_card,0
538,34177.89,7428.78,8.1,0.131,0,36,15.1,MORTGAGE,credit_card,0
685,34652.32,42630.65,3.1,0.209,0,36,11.04,RENT,debt_consolidation,0
439,38477.29,32567.65,1.1,0.454,0,36,17.52,MORTGAGE,debt_consolidation,0
727,49437.83,36032.43,1.3,0.136,3,36,9.61,RENT,major_purchase,1
727,52395.78,33913.92,0.0,0.332,0,60,9.27,MORTGAGE,home_improvement,0
635,44989.12,11684.04,2.1,0.574,0,60,12.76,MORTGAGE,other,0
725,40518.19,7188.89,0.2,0.293,2,36,9.86,RENT,home_improvement,0
618,41850.9,19895.08,5.6,0.179,0,36,11.88,MORTGAGE,debt_consolidation,0
508,151520.49,37476.84,3.8,0.168,0,36,16.62,MORTGAGE,credit_card,0
706,34654.18,15542.67,1.6,0.13,0,60,9.06,OWN,debt_consolidation,0
760,38135.95,1420.77,8.0,0.431,0,36,7.22,MORTGAGE,other,0
763,215827.41,30042.67,0.4,0.177,0,36,8.63,RENT,debt_consolidation,0
417,59246.14,9802.78,6.3,0.503,0,36,18.94,MORTGAGE,credit_card,0
672,26344.34,24884.75,6.3,0.234,0,36,12.1,OWN,other,0
302,71625.7,1654.72,2.8,0.35,0,36,24.06,MORTGAGE,debt_consolidation,0
615,32548.37,23389.39,10.9,0.129,0,60,10.53,OWN,home_improvement,0
614,73797.32,18318.77,5.8,0.442,1,60,12.06,RENT,home_improvement,0
500,44581.18,39738.13,6.2,0.488,0,36,16.23,RENT,credit_card,0
847,40218.88,32759.81,16.7,0.118,2,36,8.01,OWN,debt_consolidation,0
786,101126.17,2585.24,10.1,0.435,0,60,7.28,RENT,major_purchase,0
321,63251.91,35738.99,3.8,0.251,1,60,19.32,OWN,debt_consolidation,1
415,75951.12,35814.01,0.2,0.409,0,60,17.24,OWN,major_purchase,1
414,59618.06,30190.02,0.0,0.046,0,36,18.34,MORTGAGE,home_improvement,1
794,40134.84,41889.06,9.8,0.229,1,36,7.99,MORTGAGE,debt_consolidation,0
585,64544.45,36343.16,5.4,0.204,1,60,16.25,MORTGAGE,credit_card,1
701,84469.6,10631.54,17.1,0.16,0,36,9.44,RENT,home_improvement,0
746,52084.99,17788.02,4.5,0.153,0,36,9.56,MORTGAGE,credit_card,0
722,110275.73,16396.62,6.7,0.071,0,36,10.87,OWN,major_purchase,0
349,71877.55,23215.94,17.7,0.634,0,36,19.78,MORTGAGE,other,0
377,53927.3,42963.4,6.0,0.28,1,36,21.65,RENT,home_improvement,0
517,54894.53,28086.33,3.9,0.476,0,60,14.88,RENT,debt_consolidation,1
486,52143.6,14769.32,3.0,0.363,1,36,15.23,RENT,debt_consolidation,1
711,27915.64,42426.78,10.2,0.362,0,36,11.78,RENT,other,0
386,47073.6,31811.94,2.4,0.415,1,36,19.33,MORTGAGE,debt_consolidation,0
504,54151.12,12707.54,5.7,0.408,1,60,14.6,MORTGAGE,debt_consolidation,0
430,40650.31,40886.56,3.1,0.442,0,60,17.57,OWN,debt_consolidation,0
404,57065.48,16145.37,17.1,0.442,1,36,18.0,RENT,major_purchase,0
395,49493.09,23713.3,2.5,0.24,0,36,18.45,MORTGAGE,debt_consolidation,0
407,69436.04,22085.81,6.9,0.269,0,60,18.98,MORTGAGE,credit_card,0
610,66065.41,41639.76,13.1,0.3,0,36,12.45,MORTGAGE,credit_card,0
525,52850.32,12689.19,5.9,0.151,1,36,17.81,RENT,other,1
539,26496.14,15665.5,1.0,0.103,0,36,14.49,MORTGAGE,home_improvement,0
564,109735.17,30047.05,1.2,0.038,0,36,14.02,RENT,other,0
708,45988.61,40011.09,0.8,0.193,0,60,11.79,MORTGAGE,debt_consolidation,0
774,47268.58,6054.9,5.1,0.277,1,36,9.58,RENT,major_purchase,0
590,42018.51,10234.87,4.0,0.272,0,36,14.34,RENT,debt_consolidation,0
653,39348.56,42713.52,4.1,0.306,0,60,11.13,MORTGAGE,debt_consolidation,0
706,98206.35,35201.07,6.3,0.259,2,36,11.8,MORTGAGE,other,0
680,91465.76,16227.07,0.7,0.215,0,60,10.36,MORTGAGE,credit_card,0
373,59872.77,16735.93,7.3,0.3,1,36,18.48,MORTGAGE,credit_card,1
841,46705.86,21659.49,0.1,0.194,0,36,5.42,RENT,home_improvement,0
390,64770.34,30647.18,0.0,0.106,0,60,20.22,RENT,major_purchase,0
526,50676.05,25685.81,1.4,0.381,0,36,14.99,RENT,credit_card,1
659,44999.19,35149.28,0.7,0.161,1,36,11.67,RENT,major_purchase,0
522,57076.5,3383.34,1.8,0.248,0,60,14.24,RENT,home_improvement,0
433,40194.24,37037.79,10.9,0.577,0,36,19.0,OWN,major_purchase,1
808,54913.74,3554.26,16.6,0.225,2,36,6.21,RENT,other,0
339,53739.28,39762.85,1.0,0.315,0,36,19.68,MORTGAGE,home_improvement,1
435,64300.41,2903.2,3.9,0.112,1,60,17.7,MORTGAGE,home_improvement,0
847,37100.6,6624.63,6.7,0.522,0,60,4.4,RENT,debt_consolidation,0
702,67478.3,8928.11,0.7,0.261,1,36,9.08,RENT,major_purchase,0
347,32603.01,10814.23,1.8,0.289,0,36,19.47,RENT,other,0
715,37886.31,18677.53,4.1,0.127,0,60,10.08,RENT,credit_card,0
834,38637.7,29841.21,0.1,0.106,0,60,5.49,OWN,credit_card,0
353,30259.84,40274.55,3.2,0.087,0,60,20.7,OWN,home_improvement,0
528,77423.69,24078.12,0.8,0.176,0,36,15.05,OWN,debt_consolidation,0
557,31695.39,24429.55,2.7,0.464,0,60,13.84,RENT,debt_consolidation,0
372,35792.29,15049.42,0.0,0.593,0,60,21.27,RENT,other,1
410,86243.8,36229.94,2.3,0.577,0,36,16.7,MORTGAGE,debt_consolidation,0
395,37920.15,5861.39,0.4,0.262,0,36,19.85,RENT,home_improvement,1
402,45041.33,14248.54,6.8,0.099,3,36,17.55,RENT,debt_consolidation,1
522,31088.3,5267.18,1.8,0.205,1,60,14.44,MORTGAGE,debt_consolidation,0
555,71312.58,10423.96,1.1,0.096,0,60,13.94,RENT,debt_consolidation,0
431,71756.33,26810.31,3.3,0.284,1,36,17.79,RENT,major_purchase,0
459,68358.81,6542.26,7.9,0.267,0,60,17.19,MORTGAGE,debt_consolidation,0
405,62435.45,5427.18,0.2,0.13,0,60,18.95,MORTGAGE,debt_consolidation,0
738,50671.31,37340.08,2.0,0.137,1,60,8.52,MORTGAGE,home_improvement,0
416,38716.86,6205.16,4.4,0.285,0,60,15.64,RENT,other,0
800,33971.04,27754.35,2.0,0.226,0,36,6.45,RENT,home_improvement,0
596,87593.1,16488.49,10.3,0.358,1,36,14.26,RENT,credit_card,0
742,69158.89,40440.15,5.5,0.477,1,36,9.68,RENT,credit_card,0
650,35882.79,32132.2,21.0,0.185,0,60,12.39,MORTGAGE,home_improvement,0
446,49907.39,3614.93,2.6,0.047,0,60,17.32,RENT,debt_consolidation,0
631,42828.04,40400.6,11.9,0.514,1,36,12.81,RENT,debt_consolidation,1
451,29504.71,19211.55,1.4,0.591,1,36,16.9,MORTGAGE,home_improvement,1
365,53100.58,14122.01,8.6,0.427,0,36,19.52,RENT,other,1
440,40661.15,30602.41,1.1,0.136,0,36,17.08,MORTGAGE,major_purchase,1
451,31931.83,32590.85,10.8,0.118,0,60,18.62,RENT,credit_card,0
374,25194.74,14343.03,2.8,0.266,0,36,16.6,RENT,other,1
313,24252.83,16472.89,2.7,0.205,1,60,21.62,RENT,debt_consolidation,1
820,41475.5,7878.54,2.3,0.472,0,36,6.87,OWN,debt_consolidation,0
582,47179.15,27111.52,5.4,0.336,2,36,13.89,MORTGAGE,credit_card,0
521,33061.17,43104.0,3.3,0.205,0,36,15.32,RENT,home_improvement,0
812,65698.59,19331.48,16.6,0.492,0,36,8.43,MORTGAGE,debt_consolidation,0
423,47596.0,44833.07,3.7,0.116,0,60,18.32,OWN,credit_card,1
521,63551.02,8762.24,18.3,0.508,0,60,15.16,RENT,debt_consolidation,0
766,45147.5,36028.38,2.8,0.184,0,36,9.07,MORTGAGE,major_purchase,0
648,34399.49,41836.76,1.2,0.506,2,36,9.81,RENT,credit_card,1
519,51603.92,31274.39,5.6,0.128,0,60,14.6,MORTGAGE,other,0
440,27772.36,5810.36,2.6,0.221,1,60,19.04,RENT,credit_card,0
319,62489.09,15367.82,3.7,0.301,0,36,21.63,RENT,major_purchase,1
346,32153.7,4769.3,3.4,0.891,0,60,18.83,MORTGAGE,other,1
389,74102.51,27476.92,11.3,0.26,0,36,22.41,MORTGAGE,credit_card,0
733,42095.45,44918.55,4.4,0.642,1,36,9.05,MORTGAGE,debt_consolidation,0
652,79074.05,17489.2,1.3,0.412,0,36,10.69,MORTGAGE,debt_consolidation,0
538,29578.99,8169.58,3.6,0.083,0,36,13.21,MORTGAGE,credit_card,0
731,36134.51,12820.17,4.2,0.683,0,36,10.94,MORTGAGE,debt_consolidation,0
388,58187.2,26115.29,4.1,0.152,0,36,18.17,OWN,other,0
416,83010.61,26034.32,7.4,0.072,0,60,18.01,MORTGAGE,credit_card,0
516,103774.34,11112.12,0.1,0.447,1,36,15.96,MORTGAGE,home_improvement,1
805,49941.86,34031.01,0.1,0.269,0,36,4.75,OWN,debt_consolidation,0
638,112081.94,4872.54,5.6,0.174,0,36,13.0,MORTGAGE,major_purchase,0
768,43029.92,28413.77,0.1,0.199,0,60,7.16,RENT,debt_consolidation,0
436,80373.95,19730.75,17.7,0.18,0,36,19.19,MORTGAGE,credit_card,0
767,32080.98,6595.7,8.5,0.336,0,36,8.61,RENT,major_purchase,0
339,59224.48,28912.93,9.5,0.101,0,36,22.09,RENT,debt_consolidation,0
425,17089.82,30614.17,0.3,0.108,0,36,18.46,MORTGAGE,major_purchase,0
588,29592.73,20360.89,6.5,0.258,0,60,14.71,RENT,home_improvement,0
327,60476.16,36111.68,2.7,0.417,0,36,21.62,RENT,credit_card,1
772,27157.34,23409.93,3.7,0.021,0,36,8.05,MORTGAGE,debt_consolidation,0
777,59404.62,13573.2,8.7,0.26,3,36,8.39,RENT,home_improvement,0
598,73710.91,42958.46,5.1,0.306,0,60,9.62,MORTGAGE,other,0
468,39120.66,42537.94,0.3,0.182,1,36,16.32,RENT,debt_consolidation,0
354,31696.81,5207.34,16.3,0.213,0,60,21.71,RENT,debt_consolidation,1
641,39601.25,42627.58,14.7,0.307,0,36,10.4,MORTGAGE,debt_consolidation,0
596,31741.63,35121.22,0.1,0.259,1,36,12.55,OWN,other,0
718,46838.18,5692.34,6.0,0.331,3,36,7.88,MORTGAGE,credit_card,0
631,51325.39,23850.31,5.9,0.198,0,36,10.1,MORTGAGE,credit_card,0
370,42714.57,2537.86,0.7,0.203,0,36,19.35,MORTGAGE,debt_consolidation,0
367,104136.9,26909.71,5.8,0.26,0,36,20.4,RENT,debt_consolidation,0
730,35463.82,42060.26,1.4,0.387,0,60,9.0,MORTGAGE,home_improvement,0
387,91687.83,17201.23,3.6,0.147,1,36,17.8,OWN,debt_consolidation,1
817,30682.33,23379.51,0.1,0.224,3,36,5.38,RENT,credit_card,0
358,50652.81,11012.65,5.4,0.327,0,36,18.99,RENT,debt_consolidation,1
701,83482.93,24801.63,9.1,0.069,0,60,9.81,RENT,home_improvement,0
837,81561.35,36313.29,3.0,0.298,1,60,5.06,RENT,debt_consolidation,0
543,40574.05,10471.36,1.1,0.22,3,36,16.08,MORTGAGE,other,1
331,62930.19,25353.42,0.5,0.652,2,60,20.07,RENT,other,1
783,59250.56,16604.3,0.5,0.177,1,36,7.19,RENT,debt_consolidation,0
403,38446.67,33906.37,3.4,0.048,0,60,19.47,RENT,credit_card,0
590,64678.07,31889.7,13.9,0.113,0,60,10.95,MORTGAGE,debt_consolidation,0
842,113337.06,31746.74,10.3,0.056,0,60,7.88,RENT,credit_card,0
710,60613.04,17623.34,8.7,0.168,0,36,10.89,MORTGAGE,credit_card,0
325,63250.63,27368.29,7.3,0.269,0,60,22.06,MORTGAGE,major_purchase,1
752,66334.79,29647.75,1.6,0.333,0,60,7.79,RENT,home_improvement,0
388,25401.42,30955.81,0.8,0.121,0,36,18.23,RENT,debt_consolidation,1
712,60300.83,26311.28,0.1,0.549,1,60,9.11,MORTGAGE,credit_card,0
642,31022.19,39139.41,5.7,0.239,1,60,11.41,RENT,other,0
458,37592.16,11947.14,10.6,0.016,0,36,18.75,OWN,debt_consolidation,0
533,129686.31,3455.5,13.3,0.182,0,60,12.71,RENT,debt_consolidation,0
364,43740.61,43350.15,12.4,0.075,2,60,21.53,RENT,debt_consolidation,0
843,35133.9,3672.28,5.7,0.263,3,60,5.78,RENT,major_purchase,0
431,82344.11,40730.05,3.5,0.468,3,60,19.31,RENT,other,0
470,32001.73,27940.54,0.7,0.178,2,60,17.35,RENT,debt_consolidation,0
577,40081.15,41424.58,8.8,0.143,0,36,14.54,RENT,debt_consolidation,0
670,85997.5,25857.97,8.3,0.555,1,36,12.21,RENT,major_purchase,0
578,49973.36,37124.38,14.0,0.312,0,36,13.6,RENT,home_improvement,0
578,24276.92,32736.77,9.8,0.188,0,60,12.61,RENT,debt_consolidation,0
621,62617.2,24104.93,6.8,0.365,0,36,11.41,RENT,home_improvement,0
772,41010.78,16986.24,1.5,0.234,1,36,9.26,MORTGAGE,debt_consolidation,0
517,98020.62,1125.8,1.3,0.261,0,36,17.37,RENT,home_improvement,0
758,37317.43,12039.83,3.4,0.531,0,60,7.64,MORTGAGE,debt_consolidation,0
733,78672.72,42877.74,14.5,0.282,2,60,10.58,MORTGAGE,credit_card,0
829,108995.74,13120.32,0.2,0.558,0,36,7.61,OWN,credit_card,0
803,33425.54,34081.51,2.2,0.251,1,60,5.39,OWN,credit_card,0
739,44938.68,23373.9,7.7,0.579,1,60,10.18,RENT,credit_card,0
435,58388.92,14574.63,9.8,0.059,0,36,17.2,RENT,other,0
726,33329.37,44608.11,2.3,0.239,0,36,11.27,MORTGAGE,credit_card,0
705,55361.11,3066.87,7.7,0.079,0,36,10.36,OWN,debt_consolidation,0
459,44302.03,26611.39,1.7,0.086,0,36,20.23,MORTGAGE,debt_consolidation,1
673,43902.19,21306.8,1.9,0.425,0,36,10.98,MORTGAGE,debt_consolidation,0
439,50112.33,4367.16,4.9,0.264,0,36,17.09,MORTGAGE,home_improvement,0
588,50618.33,10420.23,6.4,0.135,0,60,14.14,RENT,debt_consolidation,0
739,52772.54,31546.65,12.1,0.38,0,36,10.04,RENT,debt_consolidation,0
403,37441.24,5766.46,17.9,0.075,0,36,19.58,OWN,other,0
485,38184.03,36245.1,1.5,0.556,0,36,16.06,OWN,major_purchase,0
738,46473.41,28502.68,2.1,0.159,1,36,10.09,MORTGAGE,credit_card,0
550,48043.35,5437.73,1.6,0.46,0,36,13.22,RENT,credit_card,1
829,40236.02,13619.84,1.4,0.09,0,36,4.0,RENT,credit_card,0
304,56713.8,7035.83,14.3,0.307,0,36,22.22,RENT,home_improvement,1
697,21662.92,36094.46,1.2,0.43,0,36,13.03,RENT,other,0
748,35287.72,24450.22,2.3,0.138,0,60,9.61,RENT,major_purchase,0
805,43218.87,1124.52,1.1,0.352,0,60,6.28,RENT,credit_card,0
386,33347.84,24887.76,5.9,0.119,0,36,19.02,RENT,debt_consolidation,1
842,102041.93,22243.36,8.0,0.344,2,36,6.14,OWN,debt_consolidation,0
516,49438.65,29295.36,6.6,0.06,0,36,14.53,RENT,credit_card,0
493,53079.52,2533.14,0.3,0.344,3,36,15.1,RENT,debt_consolidation,0
495,39440.41,2558.73,6.0,0.404,0,36,16.68,RENT,other,0
651,48673.96,16372.2,5.6,0.182,0,36,12.21,MORTGAGE,credit_card,0
663,28371.37,31295.68,2.0,0.255,0,60,10.23,MORTGAGE,debt_consolidation,0
561,45414.3,30328.56,11.8,0.199,2,60,12.66,MORTGAGE,debt_consolidation,1
339,32155.74,13243.6,14.5,0.229,0,60,20.5,MORTGAGE,debt_consolidation,1
843,43267.99,10506.97,13.1,0.125,0,36,5.58,RENT,credit_card,0
422,15491.36,31057.53,3.0,0.42,0,60,19.1,MORTGAGE,credit_card,1
351,29507.46,2192.96,12.8,0.341,0,36,19.5,RENT,home_improvement,0
629,94728.19,25498.47,6.6,0.538,1,36,12.69,MORTGAGE,credit_card,0
527,71230.69,19660.34,4.2,0.144,1,36,15.76,OWN,home_improvement,0
639,88749.02,11519.82,0.1,0.393,0,60,12.96,RENT,credit_card,0
782,91534.81,23893.12,2.0,0.254,2,60,7.75,RENT,debt_consolidation,0
353,66359.64,10555.38,7.7,0.351,0,36,19.5,OWN,debt_consolidation,1
456,39982.98,25830.15,3.2,0.708,0,60,16.97,OWN,major_purchase,0
584,30737.45,7554.85,2.4,0.458,0,36,13.38,MORTGAGE,credit_card,0
734,82128.06,18850.49,1.2,0.077,0,36,11.63,RENT,debt_consolidation,0
630,50466.02,23458.76,6.3,0.023,1,36,11.63,MORTGAGE,credit_card,0
510,150589.11,2394.85,4.4,0.303,0,60,18.03,MORTGAGE,debt_consolidation,0
636,41593.78,27871.56,6.8,0.202,0,36,12.15,RENT,debt_consolidation,0
839,119110.05,34013.87,8.1,0.091,0,60,5.71,MORTGAGE,home_improvement,0
564,45681.27,43067.24,2.8,0.508,0,60,13.38,RENT,credit_card,0
786,89430.93,9937.56,3.8,0.301,2,60,6.43,MORTGAGE,credit_card,0
729,105188.71,10182.6,0.7,0.187,0,36,9.16,MORTGAGE,credit_card,0
466,30935.9,14412.56,5.5,0.169,2,36,16.95,RENT,home_improvement,1
437,39409.05,40193.62,1.4,0.121,0,36,17.89,RENT,major_purchase,0
724,30796.59,18901.72,1.3,0.277,0,36,12.18,MORTGAGE,credit_card,0
414,28184.43,14278.93,3.8,0.26,0,60,20.2,MORTGAGE,credit_card,0
485,66183.08,33611.95,7.7,0.454,1,36,16.58,MORTGAGE,home_improvement,0
429,44869.67,2671.57,2.4,0.328,0,36,17.62,MORTGAGE,debt_consolidation,0
634,50189.69,25147.84,5.9,0.47,0,36,10.45,MORTGAGE,major_purchase,0
462,62963.32,20808.36,2.1,0.27,0,60,17.46,RENT,debt_consolidation,0
662,21251.35,28493.76,6.3,0.285,0,36,12.51,MORTGAGE,debt_consolidation,0
815,87469.44,33168.39,3.9,0.208,0,36,8.44,RENT,other,0
757,41894.41,15299.49,0.2,0.133,0,36,7.89,RENT,home_improvement,0
822,62291.52,29002.36,2.4,0.078,0,36,5.04,OWN,credit_card,0
313,64816.84,24070.46,13.2,0.323,1,60,21.49,MORTGAGE,home_improvement,0
550,90840.31,6894.58,8.7,0.361,0,36,15.16,RENT,credit_card,1
421,46761.44,39795.95,3.9,0.465,0,36,17.94,RENT,credit_card,1
805,18851.79,34201.97,1.4,0.262,0,36,7.73,RENT,major_purchase,0
692,50297.34,41552.78,7.8,0.371,0,36,10.31,MORTGAGE,credit_card,0
476,53654.36,32697.8,5.6,0.412,0,36,16.92,MORTGAGE,credit_card,0
610,30778.84,11771.49,6.4,0.19,0,60,13.12,MORTGAGE,debt_consolidation,0
633,52384.75,19943.15,0.8,0.444,0,60,12.08,MORTGAGE,major_purchase,0
573,41670.21,18022.21,4.4,0.152,0,36,12.37,MORTGAGE,debt_consolidation,0
561,26789.38,2576.17,11.3,0.137,0,36,15.72,MORTGAGE,credit_card,0
330,66314.79,19064.12,3.1,0.351,0,36,20.27,MORTGAGE,credit_card,0
549,38037.34,16205.06,1.6,0.363,2,36,11.81,MORTGAGE,home_improvement,0
491,40828.24,1172.65,8.4,0.195,0,36,16.15,RENT,credit_card,0
750,39808.65,38273.42,1.7,0.08,0,36,9.19,MORTGAGE,other,0
776,85473.82,7330.47,1.9,0.064,0,36,9.12,MORTGAGE,other,0
713,48126.48,23041.9,6.9,0.36,0,36,10.06,MORTGAGE,debt_consolidation,0
317,50797.12,35525.82,3.8,0.148,0,36,21.42,MORTGAGE,major_purchase,1
763,40203.68,27597.18,1.3,0.216,0,60,8.54,MORTGAGE,credit_card,0
518,60372.57,8451.45,2.2,0.69,1,60,14.64,RENT,credit_card,0
529,89966.54,28201.29,6.8,0.067,1,36,14.75,MORTGAGE,home_improvement,1
820,65613.54,34334.26,7.7,0.154,0,36,7.75,MORTGAGE,credit_card,0
777,66775.41,38609.64,1.7,0.333,0,36,7.34,OWN,home_improvement,0
328,64395.79,15020.77,0.7,0.303,0,36,21.18,RENT,credit_card,0
498,26341.23,2492.54,0.9,0.231,0,36,15.56,OWN,home_improvement,1
713,33049.0,27749.72,2.4,0.06,2,36,9.06,RENT,credit_card,0
596,44701.2,10933.81,2.2,0.258,3,60,13.0,RENT,debt_consolidation,0
441,35360.87,35359.38,4.8,0.496,0,36,17.52,RENT,credit_card,1
589,30362.34,30914.8,2.9,0.294,0,36,13.26,RENT,home_improvement,0
777,21110.4,35020.22,1.5,0.085,0,36,8.29,MORTGAGE,debt_consolidation,0
423,26743.9,43571.37,13.0,0.182,0,36,15.96,MORTGAGE,home_improvement,1
711,43676.41,26720.09,1.4,0.541,0,60,9.37,MORTGAGE,other,0
704,47512.98,40789.8,2.2,0.628,0,36,10.74,OWN,credit_card,0
788,34307.72,29243.31,1.6,0.347,0,60,9.31,RENT,debt_consolidation,0
464,50793.13,8996.75,1.1,0.266,3,36,15.62,MORTGAGE,debt_consolidation,1
418,40326.93,36169.56,1.2,0.421,0,60,17.08,OWN,debt_consolidation,0
601,80078.13,31522.74,0.1,0.183,3,36,13.33,RENT,debt_consolidation,0
592,45582.01,44029.35,0.4,0.372,0,60,14.55,RENT,credit_card,0
525,67060.39,11711.01,1.7,0.169,0,60,14.37,RENT,debt_consolidation,0
729,53714.93,15657.52,0.8,0.137,0,36,7.17,OWN,credit_card,0
740,26083.76,37145.61,2.0,0.064,0,36,9.31,OWN,major_purchase,0
435,47061.18,3767.14,10.6,0.471,0,60,16.87,MORTGAGE,credit_card,1
738,28112.49,28860.79,0.5,0.227,0,36,10.98,RENT,credit_card,0
427,46692.82,24560.95,1.1,0.328,1,36,17.99,MORTGAGE,credit_card,0
524,35055.62,8428.16,21.4,0.493,0,60,13.9,OWN,other,0
314,58214.13,8265.36,6.8,0.119,0,60,20.34,RENT,debt_consolidation,1
487,26794.2,36648.7,10.0,0.116,0,60,16.55,RENT,other,1
828,49346.19,1679.59,0.4,0.574,0,60,6.06,RENT,major_purchase,0
543,63423.33,33861.02,0.3,0.262,0,60,14.87,OWN,credit_card,0
691,73748.65,33237.36,9.8,0.316,0,60,13.95,MORTGAGE,major_purchase,0
359,34756.59,29585.92,0.1,0.315,2,60,18.84,MORTGAGE,other,1
650,49413.94,19018.78,8.5,0.061,1,36,12.54,RENT,other,0
504,53256.02,2246.11,0.0,0.398,3,36,17.47,RENT,credit_card,0
709,98342.03,36278.17,6.4,0.405,0,60,11.35,MORTGAGE,other,0
811,25169.83,6531.12,4.7,0.185,0,60,5.74,RENT,home_improvement,0
592,32532.79,13354.65,9.8,0.266,0,36,13.45,MORTGAGE,debt_consolidation,0
356,173166.38,42658.45,1.0,0.363,0,36,18.46,MORTGAGE,debt_consolidation,0
562,43351.92,14281.89,0.4,0.274,0,60,15.14,RENT,credit_card,1
367,20932.39,12226.12,1.6,0.428,0,36,19.31,MORTGAGE,home_improvement,0
547,37716.48,43828.3,2.9,0.282,1,36,15.03,RENT,major_purchase,1
333,14101.09,4781.02,0.0,0.194,0,60,22.5,MORTGAGE,debt_consolidation,1
652,54634.14,8070.38,5.5,0.207,0,36,11.86,MORTGAGE,debt_consolidation,0
471,70573.02,20285.97,6.4,0.317,0,36,17.11,RENT,home_improvement,0
411,32524.6,35657.62,3.1,0.289,0,60,18.32,RENT,credit_card,1
309,39663.01,39911.79,2.9,0.223,0,36,23.07,RENT,home_improvement,1
789,74283.52,34247.97,2.0,0.446,0,36,6.94,OWN,credit_card,0
761,22301.36,43951.7,3.3,0.033,0,36,8.93,MORTGAGE,debt_consolidation,0
747,27045.96,1741.23,0.1,0.212,3,36,9.52,MORTGAGE,debt_consolidation,0
332,44238.39,28258.29,7.6,0.226,2,36,21.81,OWN,credit_card,1
492,34942.16,6119.23,1.8,0.286,1,60,16.63,MORTGAGE,debt_consolidation,0
835,42948.62,41055.96,12.9,0.148,0,60,5.08,RENT,debt_consolidation,0
618,27758.92,42153.52,0.2,0.158,0,60,12.59,MORTGAGE,debt_consolidation,1
370,53983.9,14333.24,5.3,0.188,2,36,17.81,OWN,other,0
377,45836.92,37419.18,5.9,0.203,0,60,19.31,OWN,credit_card,1
444,62763.92,28732.13,0.9,0.312,0,60,18.43,RENT,debt_consolidation,0
835,53646.94,5421.51,18.1,0.179,0,60,7.48,MORTGAGE,home_improvement,0
393,53799.02,27521.8,10.0,0.284,1,60,18.38,RENT,major_purchase,0
797,25569.66,43946.51,5.1,0.184,0,36,9.86,RENT,major_purchase,0
673,61185.54,14556.14,13.4,0.632,3,36,9.16,RENT,other,0
807,42239.46,1050.19,4.6,0.176,0,36,7.67,RENT,home_improvement,0
755,45480.13,43978.83,7.3,0.206,0,60,9.3,RENT,credit_card,0
483,78567.94,19215.27,1.3,0.153,0,60,17.23,RENT,home_improvement,0
756,35463.31,19961.04,0.5,0.053,0,36,9.08,MORTGAGE,debt_consolidation,0
393,90042.13,32354.93,11.3,0.051,2,36,19.26,RENT,home_improvement,1
460,93902.65,27592.96,2.4,0.11,0,36,19.25,MORTGAGE,debt_consolidation,1
416,68785.83,14287.41,6.0,0.362,0,60,17.25,RENT,home_improvement,0
373,31530.82,5399.03,0.7,0.054,0,36,19.36,MORTGAGE,credit_card,0
349,18327.69,37403.95,2.0,0.08,1,60,20.59,OWN,debt_consolidation,1
403,79656.24,22268.6,6.1,0.331,3,60,18.71,MORTGAGE,major_purchase,1
366,51540.5,30588.87,4.0,0.21,1,36,18.84,RENT,major_purchase,1
509,35054.57,38862.21,0.7,0.402,0,36,16.53,RENT,credit_card,1
339,83125.19,1779.78,3.4,0.384,0,60,21.05,MORTGAGE,major_purchase,1
333,33266.25,38812.95,6.0,0.41,0,36,22.94,RENT,major_purchase,0
845,40502.95,34078.99,3.7,0.125,0,60,7.01,MORTGAGE,debt_consolidation,0
348,62081.34,42660.16,2.6,0.112,1,36,21.79,MORTGAGE,home_improvement,0
340,29699.3,11278.0,11.3,0.069,0,36,21.98,RENT,other,0
316,46664.25,15186.58,0.0,0.304,0,36,20.21,RENT,debt_consolidation,0
373,80026.39,30105.06,6.8,0.195,2,36,19.37,MORTGAGE,home_improvement,1
590,53906.15,41734.89,1.5,0.121,0,60,13.09,RENT,credit_card,0
755,85934.6,44677.45,2.8,0.139,0,60,10.01,MORTGAGE,credit_card,0
704,81643.79,19336.46,19.6,0.274,0,36,10.37,RENT,debt_consolidation,0
619,49191.8,24726.11,0.5,0.56,1,60,12.68,MORTGAGE,debt_consolidation,0
346,17127.94,8504.24,26.1,0.252,0,36,20.54,MORTGAGE,major_purchase,1
726,29804.14,31534.92,2.3,0.389,0,36,10.85,MORTGAGE,debt_consolidation,0
320,69113.15,37844.3,0.5,0.221,0,36,20.19,RENT,debt_consolidation,0
647,24401.18,36140.57,1.1,0.512,0,36,11.92,RENT,other,0
525,42318.87,16217.09,2.8,0.61,0,60,17.21,MORTGAGE,debt_consolidation,0
786,57086.12,43383.62,0.0,0.317,0,60,8.44,MORTGAGE,major_purchase,0
469,94969.1,6295.25,6.3,0.204,0,60,16.61,MORTGAGE,other,0
651,37844.51,22734.68,4.4,0.312,1,36,12.09,MORTGAGE,major_purchase,0
542,36696.28,25402.27,1.8,0.487,0,60,13.19,MORTGAGE,major_purchase,0
587,47877.43,24606.61,0.2,0.151,0,36,12.82,RENT,other,0
817,57406.39,34347.19,3.9,0.203,1,60,6.56,RENT,debt_consolidation,0
692,45733.62,27822.72,1.0,0.36,1,36,9.25,MORTGAGE,other,0
528,78603.44,4393.7,8.1,0.35,0,36,16.16,MORTGAGE,credit_card,0
546,34213.83,8913.47,8.1,0.46,0,60,13.41,RENT,debt_consolidation,0
688,51744.45,24418.52,11.5,0.456,0,36,12.11,RENT,major_purchase,0
490,59894.84,31560.09,0.2,0.461,0,36,17.09,MORTGAGE,debt_consolidation,0
392,40941.33,23623.68,3.7,0.758,1,60,18.51,RENT,debt_consolidation,1
557,71529.8,16642.34,10.0,0.281,0,36,13.88,RENT,debt_consolidation,0
337,52419.36,3249.92,8.3,0.041,1,60,20.89,RENT,credit_card,1
393,69911.16,35578.76,2.6,0.043,0,60,20.34,OWN,credit_card,0
531,53495.18,22876.55,0.5,0.669,0,60,15.17,RENT,debt_consolidation,1
738,58068.7,24706.72,1.9,0.264,0,36,10.43,OWN,major_purchase,0
730,36879.96,21634.16,5.1,0.232,0,60,9.45,RENT,major_purchase,0
443,36906.86,12675.2,6.4,0.583,2,36,18.58,MORTGAGE,debt_consolidation,1
532,85048.62,13160.43,2.4,0.281,2,36,16.96,MORTGAGE,credit_card,0
384,65249.89,3794.03,5.1,0.176,0,36,19.79,RENT,other,0
716,30935.69,32134.36,11.8,0.507,0,60,8.61,OWN,debt_consolidation,0
435,53177.39,12962.41,1.4,0.539,2,36,17.82,OWN,debt_consolidation,1
740,16844.86,14136.7,0.6,0.405,0,36,11.5,MORTGAGE,credit_card,0
763,37862.9,44714.01,4.7,0.354,1,36,7.89,MORTGAGE,debt_consolidation,0
679,75543.39,17975.75,0.9,0.314,0,36,8.75,RENT,debt_consolidation,0
481,46336.46,23470.68,1.3,0.248,0,36,15.57,RENT,major_purchase,1
825,51692.12,18004.82,1.5,0.324,0,36,6.42,RENT,debt_consolidation,0
678,12614.83,13768.41,5.2,0.423,0,36,11.56,MORTGAGE,credit_card,0
655,41088.6,1257.43,2.5,0.294,2,60,13.02,MORTGAGE,debt_consolidation,0
771,57080.77,38615.0,14.8,0.254,1,60,7.3,OWN,debt_consolidation,0
785,60438.43,21818.76,0.7,0.015,0,36,9.46,MORTGAGE,debt_consolidation,0
342,75588.55,32675.17,3.8,0.204,0,36,21.61,RENT,debt_consolidation,0
785,44595.31,43180.89,3.3,0.495,1,36,9.13,RENT,home_improvement,0
721,45499.42,1124.58,5.5,0.062,0,60,10.91,RENT,credit_card,0
413,26917.91,30701.74,1.9,0.282,0,36,18.23,MORTGAGE,debt_consolidation,0
469,44710.57,6220.19,6.2,0.132,0,60,19.22,OWN,other,0
714,27786.1,21150.46,0.5,0.236,0,60,11.5,OWN,other,0
419,21342.56,38258.41,0.9,0.185,0,60,18.63,MORTGAGE,home_improvement,1
549,30081.61,4145.82,5.7,0.259,0,60,16.42,RENT,debt_consolidation,0
679,96655.48,44542.99,2.3,0.308,1,36,14.11,OWN,other,0
658,43401.42,26556.78,2.3,0.188,0,36,12.76,OWN,credit_card,0
801,54119.23,18379.71,0.6,0.253,0,36,5.11,MORTGAGE,credit_card,0
361,38906.89,1858.45,3.9,0.337,0,36,18.28,RENT,home_improvement,0
462,21900.22,26820.22,0.9,0.065,0,36,17.64,RENT,home_improvement,1
842,74701.16,22775.18,4.6,0.484,0,36,5.15,MORTGAGE,credit_card,0
613,18444.3,10473.95,3.3,0.292,0,36,12.03,RENT,credit_card,0
437,38190.55,22579.69,0.9,0.4,0,36,18.31,MORTGAGE,other,0
459,47830.72,1562.73,6.6,0.321,0,36,16.94,MORTGAGE,credit_card,0
486,54378.29,44977.02,1.1,0.386,0,36,17.63,OWN,home_improvement,0
605,35351.24,15613.04,1.9,0.044,0,36,14.32,RENT,debt_consolidation,0
456,21437.94,22129.77,9.8,0.411,2,60,16.24,RENT,home_improvement,1
642,34183.83,35530.24,4.6,0.168,0,36,12.4,RENT,debt_consolidation,0
545,34998.44,32362.25,5.7,0.38,1,60,14.29,RENT,credit_card,0
636,34617.27,40096.6,2.6,0.09,2,60,13.1,RENT,credit_card,0
385,75851.01,42418.33,13.9,0.154,0,36,19.28,MORTGAGE,home_improvement,0
643,28392.46,9323.82,12.4,0.437,0,36,13.15,MORTGAGE,debt_consolidation,0
809,56130.84,18177.59,2.7,0.151,0,36,7.11,MORTGAGE,debt_consolidation,0
374,52640.11,31219.95,1.2,0.434,0,36,21.74,RENT,debt_consolidation,1
480,75523.93,2981.07,1.6,0.343,0,36,17.09,MORTGAGE,credit_card,0
682,46170.24,32545.58,3.5,0.085,0,60,9.06,MORTGAGE,debt_consolidation,0
640,69983.09,1214.87,2.4,0.457,0,36,12.79,RENT,major_purchase,0
671,45365.22,41219.89,0.7,0.33,0,60,10.85,MORTGAGE,major_purchase,0
608,59603.92,32599.46,4.5,0.132,0,36,10.61,RENT,debt_consolidation,0
676,24926.24,25881.96,2.7,0.342,2,60,10.67,RENT,home_improvement,0
635,14954.61,19871.64,11.0,0.355,0,36,12.92,MORTGAGE,credit_card,0
340,58098.56,44473.09,2.2,0.028,0,60,21.77,MORTGAGE,debt_consolidation,0
713,59517.9,33406.52,4.7,0.149,2,36,10.79,MORTGAGE,home_improvement,0
546,60716.82,36520.89,5.8,0.245,1,36,14.82,MORTGAGE,home_improvement,0
328,38707.18,37316.94,8.6,0.133,2,36,20.74,RENT,major_purchase,1
525,95834.21,1962.5,10.2,0.213,1,60,14.37,RENT,debt_consolidation,0
539,39857.07,3406.11,1.0,0.273,0,36,16.06,MORTGAGE,debt_consolidation,0
347,59242.56,9728.06,12.0,0.367,0,36,21.48,RENT,other,0
848,64060.7,29829.57,5.2,0.218,1,36,5.35,MORTGAGE,other,0
422,106237.57,28453.76,3.3,0.152,0,36,20.22,RENT,debt_consolidation,0
482,42503.29,15307.2,5.0,0.408,0,36,17.8,MORTGAGE,debt_consolidation,0
542,36536.36,43811.95,0.8,0.279,1,36,16.07,MORTGAGE,home_improvement,1
758,24980.09,5096.69,2.9,0.243,0,36,8.65,MORTGAGE,credit_card,0
709,98574.23,35175.69,3.3,0.362,0,60,12.51,MORTGAGE,major_purchase,0
724,59256.75,22158.59,0.5,0.068,0,36,8.69,RENT,debt_consolidation,0
430,60106.75,19428.7,3.5,0.562,0,36,15.66,RENT,credit_card,1
765,199290.12,2124.86,2.1,0.091,0,36,9.57,OWN,debt_consolidation,0
757,56742.01,33023.18,0.5,0.63,0,60,9.86,OWN,home_improvement,0
555,27281.26,34949.32,0.5,0.109,0,36,15.61,RENT,home_improvement,0
600,44884.3,15034.13,1.1,0.395,2,60,14.77,RENT,other,1
320,31613.77,23746.37,0.2,0.453,0,36,22.81,RENT,debt_consolidation,0
718,41021.81,27683.45,3.3,0.334,0,60,11.3,RENT,debt_consolidation,0
829,40897.93,17176.39,0.4,0.344,1,60,7.09,MORTGAGE,other,0
560,37640.62,28085.61,0.7,0.2,0,60,14.92,OWN,credit_card,0
597,26187.12,20101.59,0.9,0.254,1,36,13.55,RENT,other,0
575,100370.71,39635.07,9.1,0.409,1,60,15.31,MORTGAGE,major_purchase,0
345,56077.03,32614.58,10.6,0.162,0,36,19.87,OWN,credit_card,1
641,44291.04,5862.0,2.7,0.573,0,60,11.93,MORTGAGE,debt_consolidation,0
697,68936.22,36182.54,4.0,0.393,0,60,9.2,MORTGAGE,debt_consolidation,1
811,60595.76,15850.25,6.9,0.327,2,36,7.93,RENT,home_improvement,0
812,55495.7,42165.01,12.0,0.088,3,60,9.09,MORTGAGE,home_improvement,0
570,66719.27,27548.34,3.1,0.109,0,36,13.18,RENT,debt_consolidation,0
828,52066.17,2213.43,1.9,0.084,2,60,4.68,MORTGAGE,home_improvement,0
591,66277.1,33311.96,2.1,0.377,0,36,13.47,OWN,debt_consolidation,0
653,68795.98,6752.31,5.2,0.324,0,60,12.11,RENT,debt_consolidation,0
631,52744.96,39599.77,8.4,0.161,0,36,12.19,MORTGAGE,debt_consolidation,0
850,44392.35,42726.53,13.8,0.256,0,36,4.57,MORTGAGE,debt_consolidation,0
706,97604.51,31591.26,7.1,0.354,0,36,11.52,RENT,debt_consolidation,0
366,39535.11,24446.4,3.4,0.318,0,36,20.49,RENT,home_improvement,1
339,58459.6,27490.77,6.9,0.11,0,36,23.03,MORTGAGE,other,0
525,59057.03,19869.63,4.8,0.553,0,36,16.63,OWN,other,0
584,37260.87,4677.64,0.6,0.01,2,36,12.73,RENT,credit_card,0
668,34080.48,41869.11,19.6,0.304,1,60,11.87,MORTGAGE,major_purchase,0
565,41804.81,15484.21,1.5,0.424,0,36,15.01,MORTGAGE,debt_consolidation,0
583,39281.24,14765.3,2.4,0.171,0,60,15.73,RENT,credit_card,0
807,25433.98,9418.29,3.3,0.266,1,36,6.56,RENT,home_improvement,0
484,36564.28,44665.96,6.4,0.118,0,60,15.15,OWN,credit_card,0
571,55259.76,42472.84,1.0,0.17,0,60,14.16,RENT,debt_consolidation,0
607,86653.67,16375.02,0.8,0.549,0,36,12.84,OWN,debt_consolidation,0
558,62910.99,12440.24,2.4,0.393,2,36,14.23,MORTGAGE,debt_consolidation,0
833,15217.62,36436.26,9.4,0.234,0,36,6.9,MORTGAGE,major_purchase,0
830,65420.22,19594.84,0.7,0.113,0,36,4.0,RENT,other,0
582,38132.86,43582.67,2.2,0.212,1,60,12.44,RENT,debt_consolidation,0
548,60107.27,40653.54,1.1,0.288,0,36,14.94,RENT,major_purchase,0
624,48709.98,34415.86,4.1,0.189,1,60,12.48,RENT,major_purchase,0
399,44949.3,4956.67,12.4,0.237,0,60,21.52,OWN,debt_consolidation,0
534,46816.64,31893.62,2.5,0.009,3,60,15.21,MORTGAGE,home_improvement,0
419,48528.62,44439.19,2.8,0.252,1,36,16.91,RENT,debt_consolidation,1
379,89767.86,17424.87,2.4,0.235,0,60,18.87,RENT,debt_consolidation,0
352,48589.02,39789.04,1.8,0.459,3,36,21.68,RENT,credit_card,1
623,79896.81,18958.24,5.2,0.181,0,36,12.3,RENT,debt_consolidation,0
300,74828.76,43738.26,2.5,0.374,0,60,19.56,RENT,major_purchase,1
656,66182.44,29758.02,2.7,0.413,0,36,12.44,RENT,other,0
538,21939.01,5246.02,10.7,0.377,1,60,16.45,RENT,debt_consolidation,0
501,81022.7,22078.01,24.2,0.291,0,36,16.02,RENT,debt_consolidation,0
723,39892.53,3188.07,14.4,0.296,2,36,9.04,RENT,debt_consolidation,0
596,67648.28,18383.33,1.0,0.395,0,60,14.41,RENT,credit_card,0
704,31645.78,41276.77,3.6,0.218,0,60,7.86,RENT,debt_consolidation,0
690,28759.31,11216.9,1.2,0.295,0,60,11.56,RENT,home_improvement,0
317,119297.41,42824.98,1.8,0.174,1,60,21.55,RENT,credit_card,1
418,31868.0,5396.61,10.3,0.475,0,60,19.63,MORTGAGE,debt_consolidation,0
614,82104.49,30251.71,8.7,0.394,2,36,11.51,RENT,home_improvement,0
837,51703.93,43490.16,2.6,0.112,2,60,6.31,RENT,credit_card,0
385,40576.57,29782.76,2.2,0.3,0,60,20.7,RENT,home_improvement,0
358,48041.81,40556.17,2.5,0.36,0,36,20.97,RENT,major_purchase,0
818,27296.33,44605.34,4.6,0.511,0,60,4.0,MORTGAGE,debt_consolidation,0
832,48718.33,29241.11,2.7,0.449,0,36,7.55,OWN,credit_card,0
392,30114.64,35419.61,0.5,0.316,0,60,20.6,RENT,other,1
521,41029.65,2407.35,4.7,0.092,0,60,16.08,RENT,debt_consolidation,0
645,74338.54,19801.66,0.9,0.281,1,36,12.05,MORTGAGE,home_improvement,0
407,54961.37,13683.68,5.4,0.283,0,36,20.09,RENT,debt_consolidation,0
479,25160.32,37264.15,2.2,0.246,2,60,16.94,MORTGAGE,credit_card,1
517,71909.93,30813.43,12.4,0.465,0,60,13.55,MORTGAGE,home_improvement,0
653,48864.43,28034.23,4.4,0.408,3,36,10.85,MORTGAGE,major_purchase,0
469,38407.83,41988.58,10.9,0.403,0,60,18.94,RENT,other,0
527,68597.02,4910.18,0.6,0.5,0,36,15.11,RENT,major_purchase,0
459,45467.68,42969.02,1.2,0.314,0,36,17.65,RENT,major_purchase,0
718,29011.64,5433.65,3.0,0.298,0,36,7.84,MORTGAGE,debt_consolidation,0
384,112590.7,16268.77,7.0,0.358,0,36,20.21,OWN,home_improvement,1
427,48640.93,28732.04,4.1,0.051,0,36,19.03,RENT,home_improvement,0
437,47257.97,16024.95,4.0,0.26,0,36,20.76,RENT,debt_consolidation,0
799,40851.66,31031.6,4.2,0.172,2,36,8.45,MORTGAGE,debt_consolidation,0
820,83365.06,35118.42,6.4,0.383,1,36,8.03,RENT,credit_card,0
575,38708.12,37454.26,0.8,0.482,2,60,11.82,RENT,home_improvement,0
386,24459.14,8891.12,0.4,0.29,1,60,18.83,MORTGAGE,credit_card,1
716,36119.75,9011.37,6.0,0.04,1,60,12.44,MORTGAGE,other,0
571,89058.49,3301.82,0.8,0.756,2,60,15.2,RENT,debt_consolidation,0
768,71286.3,22597.48,1.0,0.282,1,36,8.97,MORTGAGE,credit_card,0
498,43706.1,7051.48,7.3,0.413,0,60,18.44,MORTGAGE,debt_consolidation,0
850,90940.87,15018.27,3.1,0.507,0,36,4.99,MORTGAGE,major_purchase,0
744,68636.11,37979.11,8.3,0.691,0,36,9.55,OWN,credit_card,0
423,43479.06,42740.99,3.3,0.301,0,36,19.01,MORTGAGE,debt_consolidation,1
699,45494.22,37171.34,2.9,0.627,0,36,10.24,RENT,debt_consolidation,0
458,56851.22,1028.53,0.6,0.265,2,60,15.7,RENT,debt_consolidation,1
492,33713.41,25993.07,0.5,0.04,0,36,18.21,RENT,debt_consolidation,0
437,49120.28,8333.05,7.1,0.397,1,36,18.13,MORTGAGE,credit_card,0
675,56321.47,17532.86,0.9,0.704,0,36,11.63,MORTGAGE,debt_consolidation,0
444,22945.23,19828.43,2.0,0.032,1,36,16.99,RENT,credit_card,0
651,45017.47,42489.39,3.6,0.139,0,36,10.93,MORTGAGE,debt_consolidation,0
620,42771.39,28884.5,5.2,0.614,0,36,12.29,MORTGAGE,credit_card,0
713,77857.12,12776.82,7.2,0.584,0,60,9.71,RENT,debt_consolidation,0
847,21374.98,29282.97,0.9,0.126,0,60,7.43,RENT,debt_consolidation,0
304,41287.8,42882.08,9.4,0.468,0,36,22.35,OWN,major_purchase,0
845,39466.62,3603.0,1.6,0.367,0,60,4.96,RENT,other,0
360,75510.87,36903.46,17.0,0.225,0,60,18.45,OWN,debt_consolidation,1
590,48069.54,10543.49,0.5,0.331,0,60,14.69,MORTGAGE,credit_card,0
487,110000.76,7736.75,0.7,0.248,0,36,17.81,MORTGAGE,credit_card,0
652,66038.69,40550.14,1.3,0.293,0,60,11.39,MORTGAGE,credit_card,0
697,40757.68,1081.38,0.8,0.168,0,60,9.7,RENT,debt_consolidation,0
773,54603.13,33607.77,0.4,0.3,0,36,8.31,RENT,home_improvement,0
521,41800.73,4838.05,22.8,0.476,1,60,15.64,RENT,debt_consolidation,0
814,72166.28,28191.79,1.3,0.101,1,36,7.38,MORTGAGE,credit_card,0
477,26916.94,28319.46,0.3,0.165,0,36,18.13,OWN,credit_card,0
412,33837.9,38962.15,0.8,0.073,0,60,19.93,RENT,home_improvement,0
508,60177.9,37194.69,9.4,0.24,0,60,16.99,RENT,major_purchase,0
591,85100.69,31147.23,0.1,0.128,0,36,12.32,RENT,debt_consolidation,0
668,18198.86,17744.09,11.4,0.057,0,36,11.93,MORTGAGE,credit_card,0
758,90990.65,8321.85,1.1,0.129,0,36,9.08,MORTGAGE,debt_consolidation,0
423,46024.96,28970.05,1.9,0.444,0,36,16.89,MORTGAGE,debt_consolidation,1
467,20999.55,22866.67,18.2,0.538,0,36,16.69,RENT,debt_consolidation,0
817,12698.29,4429.46,5.3,0.532,0,36,7.56,MORTGAGE,debt_consolidation,0
542,24631.37,43044.72,9.7,0.485,0,36,13.26,MORTGAGE,other,1
433,48588.05,14834.46,2.8,0.267,0,36,17.42,OWN,home_improvement,0
843,47588.47,1094.19,0.1,0.213,2,36,6.32,MORTGAGE,home_improvement,0
547,65182.1,40674.37,1.9,0.521,0,60,14.31,RENT,debt_consolidation,0
842,38281.83,26390.24,1.6,0.387,0,36,7.53,RENT,major_purchase,0
806,29773.73,33254.67,3.8,0.137,0,36,8.17,MORTGAGE,debt_consolidation,0
799,40705.2,7717.31,2.7,0.635,0,36,5.92,MORTGAGE,debt_consolidation,0
620,49767.86,18802.65,5.3,0.137,0,60,11.66,RENT,major_purchase,0
739,54385.22,29382.69,1.5,0.535,0,36,10.6,RENT,home_improvement,0
829,34367.82,12042.45,3.1,0.426,0,60,7.3,RENT,home_improvement,0
448,73544.87,31865.95,5.3,0.433,0,36,14.23,RENT,other,1
320,37062.89,11279.06,2.6,0.159,1,60,23.13,RENT,credit_card,1
476,33144.34,10201.62,2.2,0.212,0,60,16.9,RENT,debt_consolidation,0
650,38404.27,1511.48,7.4,0.179,0,60,11.77,RENT,debt_consolidation,0
601,79513.18,13403.9,4.9,0.322,2,60,12.18,RENT,debt_consolidation,0
344,46177.21,11856.42,6.6,0.206,0,36,22.24,RENT,major_purchase,0
608,35863.27,34631.69,5.3,0.098,3,36,13.66,RENT,debt_consolidation,0
396,74365.58,26067.24,0.5,0.16,0,36,19.04,MORTGAGE,debt_consolidation,1
578,128571.04,8824.28,2.5,0.238,0,60,10.62,MORTGAGE,major_purchase,0
617,53871.52,25997.61,2.9,0.154,0,60,12.19,OWN,other,0
650,85410.91,10919.52,3.8,0.48,2,36,10.51,MORTGAGE,major_purchase,0
527,78138.26,19722.1,11.3,0.5,1,60,14.93,RENT,debt_consolidation,0
524,37326.62,40081.15,2.4,0.246,0,36,14.42,RENT,debt_consolidation,0
673,49611.87,32647.27,2.6,0.296,1,60,12.11,MORTGAGE,major_purchase,0
712,27525.14,29648.4,1.5,0.402,0,60,11.87,MORTGAGE,home_improvement,0
745,44702.11,13385.27,10.1,0.546,0,36,8.97,RENT,debt_consolidation,0
483,36983.03,6481.59,12.2,0.31,0,60,15.29,MORTGAGE,other,0
533,40892.47,34129.76,7.6,0.197,0,36,14.79,MORTGAGE,credit_card,0
482,34980.54,25987.18,2.7,0.179,0,36,16.18,MORTGAGE,credit_card,0
590,43079.67,28401.45,7.0,0.603,1,36,15.45,MORTGAGE,credit_card,0
370,62286.79,43904.99,2.2,0.169,0,36,20.01,RENT,debt_consolidation,0
536,46454.5,16326.12,8.5,0.164,0,60,16.88,MORTGAGE,credit_card,0
403,21184.65,36232.89,6.9,0.523,0,36,17.3,RENT,credit_card,1
593,35040.01,25594.1,9.2,0.247,0,60,13.48,OWN,debt_consolidation,0
768,24742.32,11351.44,1.0,0.379,0,60,7.14,RENT,debt_consolidation,0
842,54711.38,3327.09,2.2,0.366,1,36,6.08,MORTGAGE,major_purchase,0
545,61481.57,28104.48,6.3,0.097,0,36,15.48,OWN,other,0
331,55019.71,14095.11,10.3,0.217,0,36,19.29,RENT,debt_consolidation,1
425,34395.05,31601.05,12.4,0.126,1,36,17.71,RENT,debt_consolidation,1
357,54780.21,31832.0,3.8,0.146,1,60,20.11,RENT,home_improvement,0
718,39673.89,21040.26,2.1,0.157,0,36,10.06,MORTGAGE,home_improvement,0
842,29372.04,24601.47,2.3,0.099,0,36,4.37,RENT,credit_card,0
605,68450.66,28568.06,8.0,0.586,0,36,13.62,MORTGAGE,debt_consolidation,0
397,70835.28,21618.62,0.3,0.28,0,60,19.71,MORTGAGE,other,0
311,75132.08,39604.31,0.6,0.478,2,60,22.87,RENT,debt_consolidation,1
837,37281.15,4341.12,0.1,0.254,0,36,4.47,MORTGAGE,major_purchase,0
474,83342.43,44112.0,6.2,0.51,1,36,16.55,OWN,credit_card,0
361,39257.12,2471.84,0.3,0.049,1,36,20.2,OWN,debt_consolidation,0
397,65780.29,10156.24,0.7,0.061,2,60,19.4,RENT,major_purchase,1
440,38952.15,32165.55,6.9,0.269,0,36,18.01,MORTGAGE,other,1
661,44320.74,4738.25,0.2,0.275,0,36,10.83,MORTGAGE,major_purchase,0
791,16489.35,12535.6,1.4,0.424,0,36,7.83,OWN,home_improvement,0
451,42793.4,7774.97,1.3,0.263,0,60,21.04,RENT,home_improvement,0
678,51071.94,32837.15,19.5,0.275,1,36,11.68,MORTGAGE,debt_consolidation,0
335,40760.86,26473.07,1.3,0.265,2,60,19.12,MORTGAGE,debt_consolidation,1
305,108043.01,3837.06,1.3,0.273,0,60,23.68,MORTGAGE,major_purchase,0
330,29053.38,21245.91,0.2,0.066,1,36,23.11,RENT,credit_card,0
808,38039.81,10174.13,6.0,0.408,1,60,8.21,MORTGAGE,credit_card,0
620,32624.13,43578.74,8.6,0.46,0,60,14.24,MORTGAGE,home_improvement,0
743,38036.46,5748.39,3.0,0.164,0,36,11.92,OWN,credit_card,0
311,77974.4,27314.43,1.9,0.313,1,36,22.02,MORTGAGE,other,1
312,95331.38,22201.28,0.8,0.141,1,60,22.92,OWN,debt_consolidation,0
767,35762.08,26435.72,0.6,0.246,2,60,10.24,MORTGAGE,debt_consolidation,0
356,35406.36,43085.69,1.8,0.353,0,60,19.45,RENT,debt_consolidation,1
385,29123.25,16016.4,11.9,0.405,0,36,21.34,MORTGAGE,other,1
585,88241.13,33945.72,0.2,0.594,1,60,13.95,MORTGAGE,debt_consolidation,0
634,81182.26,20688.52,15.9,0.302,0,36,13.44,RENT,other,0
426,46737.78,30073.51,0.3,0.192,1,36,19.44,MORTGAGE,debt_consolidation,1
545,26153.95,17088.93,23.4,0.256,0,60,14.06,RENT,debt_consolidation,0
671,27228.02,10993.38,0.3,0.283,0,60,12.84,RENT,major_purchase,0
544,52933.05,4679.12,1.5,0.216,0,36,14.38,RENT,credit_card,0
510,62768.09,5477.06,5.7,0.261,0,36,16.22,MORTGAGE,home_improvement,0
339,19345.88,43214.93,3.1,0.059,0,36,21.86,RENT,credit_card,1
548,42421.5,35692.09,2.2,0.094,0,60,15.47,RENT,home_improvement,0
742,101542.54,11778.21,32.7,0.23,0,36,8.46,MORTGAGE,credit_card,0
645,44450.03,24282.48,16.3,0.154,0,60,10.43,RENT,home_improvement,0
792,95830.58,32426.24,4.2,0.503,0,60,6.7,OWN,credit_card,0
369,65648.55,16511.67,1.5,0.296,1,60,20.86,RENT,credit_card,1
306,30093.79,20359.47,4.9,0.376,0,36,22.47,MORTGAGE,home_improvement,0
602,42971.74,32608.8,1.1,0.204,0,60,12.98,MORTGAGE,debt_consolidation,0
398,46262.53,11007.99,2.1,0.289,0,36,18.87,RENT,debt_consolidation,0
627,31932.19,24159.15,4.0,0.407,0,60,12.12,MORTGAGE,debt_consolidation,0
798,31683.76,10243.88,4.1,0.355,0,36,6.2,RENT,major_purchase,0
485,96572.17,1135.41,3.0,0.007,0,60,17.72,RENT,home_improvement,0
602,31577.11,31371.6,13.2,0.099,0,60,11.89,MORTGAGE,debt_consolidation,0
675,79641.95,32119.65,1.3,0.447,2,36,11.24,MORTGAGE,major_purchase,0
382,40278.86,44811.8,4.5,0.501,0,60,21.14,OWN,debt_consolidation,1
794,48458.46,8964.68,3.0,0.18,0,60,7.59,MORTGAGE,debt_consolidation,0
411,63122.34,33541.53,2.4,0.464,0,36,20.67,OWN,debt_consolidation,1
745,37445.75,42710.57,0.1,0.172,1,60,7.77,RENT,credit_card,0
663,63294.7,29361.53,3.3,0.176,0,60,9.85,OWN,debt_consolidation,0
377,19518.28,43378.18,3.4,0.034,1,60,17.0,RENT,home_improvement,1
699,59746.65,44755.4,17.2,0.593,0,60,11.3,RENT,major_purchase,0
408,16141.7,36271.47,5.1,0.16,0,60,16.49,MORTGAGE,credit_card,1
630,44263.65,44968.58,2.1,0.102,3,36,14.31,MORTGAGE,major_purchase,1
828,71999.13,28536.28,5.1,0.134,0,36,8.72,MORTGAGE,debt_consolidation,0
825,64863.02,22870.45,0.3,0.111,0,36,7.05,RENT,home_improvement,0
780,27329.32,41376.0,1.9,0.161,3,60,7.07,MORTGAGE,major_purchase,0
572,28959.43,37562.06,1.8,0.458,0,60,11.86,MORTGAGE,credit_card,0
608,35957.67,5844.93,3.9,0.265,0,36,13.52,RENT,major_purchase,0
465,53305.62,14319.8,8.1,0.186,0,60,17.18,RENT,home_improvement,0
807,19646.02,12468.39,6.6,0.383,1,36,7.53,MORTGAGE,debt_consolidation,0
562,48729.96,38631.51,3.0,0.314,3,36,15.02,MORTGAGE,other,1
725,56395.42,11262.8,4.8,0.404,0,36,8.32,MORTGAGE,debt_consolidation,0
498,43158.44,14377.97,0.9,0.574,3,36,15.98,MORTGAGE,major_purchase,0
707,62093.37,23826.7,1.2,0.105,0,60,10.34,MORTGAGE,debt_consolidation,0
423,54212.99,4349.26,4.8,0.081,0,60,21.16,RENT,credit_card,0
704,38417.01,43294.1,0.7,0.155,0,36,11.19,MORTGAGE,credit_card,0
325,20510.96,22606.76,1.4,0.161,0,60,21.45,OWN,home_improvement,0
357,52053.95,9379.08,3.7,0.396,0,36,19.13,RENT,home_improvement,0
494,31924.09,12916.11,1.9,0.314,0,60,17.89,MORTGAGE,debt_consolidation,0
565,37787.96,36115.68,1.3,0.31,1,36,16.32,RENT,debt_consolidation,0
691,60815.86,28896.29,2.4,0.083,1,36,8.82,MORTGAGE,home_improvement,0
497,92762.71,21443.55,2.2,0.064,0,60,14.05,MORTGAGE,credit_card,0
310,48188.37,15590.46,0.9,0.337,0,36,21.78,RENT,credit_card,1
479,62901.74,40630.11,0.5,0.263,2,36,16.56,RENT,debt_consolidation,1
541,25590.7,34992.84,7.7,0.128,0,36,16.69,RENT,home_improvement,0
599,54747.42,32596.93,13.3,0.249,0,36,11.95,RENT,debt_consolidation,0
654,47716.97,20624.02,11.5,0.128,0,60,10.57,RENT,debt_consolidation,0
436,85233.72,44171.05,0.8,0.046,1,60,16.21,OWN,credit_card,1
636,38437.69,32243.09,9.6,0.146,0,60,11.02,OWN,credit_card,0
648,43970.01,19639.49,0.4,0.232,0,60,12.07,RENT,home_improvement,0
727,78941.83,43264.29,1.3,0.252,0,60,7.75,RENT,debt_consolidation,0
587,47032.06,40411.9,3.0,0.341,0,36,17.54,MORTGAGE,debt_consolidation,0
746,29763.0,33558.47,5.7,0.135,2,60,6.0,MORTGAGE,debt_consolidation,0
422,154544.13,34747.83,0.6,0.328,0,36,17.8,RENT,other,0
692,30170.9,19639.61,4.9,0.264,0,36,10.87,RENT,debt_consolidation,0
325,47614.14,23323.42,7.1,0.401,0,36,22.81,MORTGAGE,debt_consolidation,0
356,57297.35,9428.08,0.1,0.45,0,60,19.15,RENT,major_purchase,0
776,55294.45,27197.43,2.9,0.063,0,36,5.94,MORTGAGE,major_purchase,0
561,45008.89,17276.33,5.7,0.338,0,36,13.17,OWN,credit_card,0
642,45109.94,16287.29,1.0,0.383,0,60,14.25,OWN,major_purchase,0
632,44102.89,42722.04,20.9,0.25,0,36,9.89,MORTGAGE,home_improvement,0
682,29668.16,8250.47,0.5,0.357,2,36,12.14,RENT,debt_consolidation,0
435,129003.99,37518.84,0.2,0.518,1,60,18.41,MORTGAGE,home_improvement,0
398,44400.41,13384.62,16.0,0.263,0,36,19.63,OWN,debt_consolidation,0
323,64126.88,2260.85,0.8,0.202,0,36,22.77,MORTGAGE,credit_card,0
776,42167.55,2780.38,11.0,0.258,0,36,7.26,MORTGAGE,credit_card,0
423,41787.66,19883.81,3.9,0.354,1,36,19.59,RENT,credit_card,0
616,39936.67,20996.28,2.5,0.272,1,36,13.0,MORTGAGE,other,0
550,24405.64,15091.05,17.2,0.255,0,36,13.15,MORTGAGE,major_purchase,0
389,45602.62,30426.3,10.1,0.169,0,60,19.3,RENT,home_improvement,1
528,40816.7,22355.08,5.9,0.242,0,36,15.32,RENT,debt_consolidation,1
345,83049.0,4260.97,2.1,0.074,1,60,17.75,OWN,debt_consolidation,1
397,28609.24,16315.13,12.6,0.226,1,36,18.0,OWN,home_improvement,0
376,37808.29,5486.36,0.0,0.285,0,36,20.37,MORTGAGE,other,1
754,32718.69,3768.29,2.9,0.37,2,36,8.97,MORTGAGE,debt_consolidation,0
612,93820.5,10165.49,2.3,0.393,0,36,14.18,RENT,other,0
810,33148.95,31825.32,0.0,0.255,0,36,8.71,MORTGAGE,credit_card,0
540,63135.28,31624.07,9.2,0.016,1,36,13.95,RENT,credit_card,0
410,75854.53,38901.12,0.5,0.164,0,60,17.91,RENT,home_improvement,0
635,45901.12,34282.45,2.3,0.473,0,36,10.36,MORTGAGE,other,0
812,26381.94,24561.81,2.0,0.095,0,36,7.72,RENT,debt_consolidation,0
593,26532.63,14754.93,6.2,0.374,0,36,12.82,RENT,other,0
309,72178.24,1255.71,2.4,0.309,0,60,23.14,RENT,debt_consolidation,1
467,27798.37,29474.05,1.6,0.047,3,36,18.39,MORTGAGE,major_purchase,0
809,58478.36,13747.38,1.4,0.033,0,60,7.78,MORTGAGE,home_improvement,0
585,51609.3,12004.4,5.1,0.513,0,60,13.18,MORTGAGE,credit_card,0
824,58087.72,43892.32,1.1,0.133,1,60,8.07,RENT,credit_card,0
580,60609.88,8666.57,8.0,0.143,0,36,13.85,RENT,other,0
306,32204.07,2427.13,0.2,0.16,0,60,22.11,RENT,major_purchase,1
781,31603.16,42773.18,2.6,0.271,0,36,5.69,MORTGAGE,other,0
720,67623.93,14464.3,5.3,0.234,0,36,10.24,OWN,debt_consolidation,0
694,36930.57,18310.48,4.8,0.271,0,60,10.59,OWN,credit_card,0
834,14220.4,4561.14,4.1,0.274,0,60,6.33,MORTGAGE,debt_consolidation,0
408,65639.96,18778.87,1.6,0.6,0,36,18.15,MORTGAGE,debt_consolidation,0
799,30751.14,43777.74,4.7,0.188,0,36,5.63,MORTGAGE,other,0
428,60488.66,31536.87,9.1,0.243,0,60,18.2,RENT,credit_card,0
834,91745.14,21848.29,6.7,0.489,0,36,4.0,MORTGAGE,major_purchase,0
405,49391.97,14528.75,2.8,0.378,3,36,18.66,RENT,debt_consolidation,1
603,76733.57,17105.93,4.1,0.251,1,60,12.5,MORTGAGE,credit_card,0
734,52533.64,27894.04,0.3,0.167,0,36,10.95,OWN,other,0
343,100141.87,12195.8,3.7,0.38,0,36,22.99,RENT,debt_consolidation,0
336,30395.56,7685.69,0.2,0.468,0,36,19.12,RENT,credit_card,0
768,48839.92,31634.06,1.8,0.588,0,60,9.32,RENT,debt_consolidation,0
333,66364.84,39256.67,8.5,0.086,1,36,20.24,MORTGAGE,home_improvement,0
638,44995.36,40667.71,2.2,0.084,1,36,11.59,MORTGAGE,debt_consolidation,0
816,82330.63,38022.42,4.4,0.279,0,36,6.39,MORTGAGE,credit_card,0
638,40359.5,24346.39,2.6,0.349,2,36,13.72,RENT,debt_consolidation,0
565,124394.97,35708.56,2.2,0.637,0,36,14.15,RENT,credit_card,0
529,127387.5,41759.65,8.7,0.529,0,36,15.84,MORTGAGE,credit_card,0
651,55655.29,2027.95,12.1,0.284,0,36,9.78,OWN,credit_card,0
615,62860.33,19132.32,2.0,0.249,0,36,11.46,RENT,debt_consolidation,0
576,83805.35,9981.52,1.5,0.16,0,60,13.3,MORTGAGE,credit_card,0
384,28731.84,44857.83,1.5,0.551,0,36,19.55,MORTGAGE,debt_consolidation,1
665,27162.7,41900.9,3.5,0.293,0,60,12.18,MORTGAGE,credit_card,0
707,86283.06,36296.18,6.7,0.2,0,60,9.45,OWN,debt_consolidation,0
690,55453.21,14018.71,6.9,0.265,0,36,12.33,MORTGAGE,debt_consolidation,0
341,44270.45,42892.5,1.7,0.164,0,60,20.47,RENT,home_improvement,0
687,49266.79,2287.02,0.2,0.144,1,36,9.91,MORTGAGE,other,0
702,16752.14,9273.75,1.5,0.362,0,36,11.34,MORTGAGE,other,0
401,44992.31,28142.45,6.4,0.349,0,36,19.91,RENT,debt_consolidation,0
767,34930.97,35892.3,5.0,0.215,0,60,6.25,RENT,credit_card,0
588,74097.14,39879.76,8.5,0.369,0,36,15.52,MORTGAGE,other,0
560,76708.2,14222.38,16.9,0.109,0,36,13.78,MORTGAGE,credit_card,0
698,63545.16,18195.4,1.0,0.218,0,60,10.16,RENT,major_purchase,0
580,58568.74,21012.41,2.3,0.22,2,60,12.79,MORTGAGE,debt_consolidation,0
600,24989.07,2186.85,5.3,0.173,0,36,12.75,MORTGAGE,other,0
472,63945.69,39014.65,7.1,0.138,0,60,14.93,RENT,home_improvement,0
811,65070.66,15869.73,4.6,0.281,0,60,7.48,MORTGAGE,home_improvement,0
834,85848.27,9768.25,8.4,0.316,1,36,5.69,MORTGAGE,credit_card,0
371,127159.11,19004.67,0.8,0.319,2,36,19.55,OWN,other,1
703,22887.53,32264.79,0.5,0.444,2,60,11.44,RENT,debt_consolidation,1
312,41158.49,39320.29,1.2,0.131,1,60,22.18,RENT,debt_consolidation,1
503,35100.83,10476.56,8.8,0.445,0,36,16.07,RENT,credit_card,0
834,52977.8,8594.97,1.4,0.35,0,36,8.81,MORTGAGE,other,0
396,49317.33,42526.45,2.4,0.121,0,36,17.78,RENT,other,0
507,44119.76,25239.29,26.5,0.419,1,60,16.04,MORTGAGE,debt_consolidation,0
420,77840.88,17093.97,8.0,0.505,1,36,20.01,MORTGAGE,debt_consolidation,0
701,29862.64,9770.06,1.3,0.186,0,36,12.14,RENT,major_purchase,0
555,30683.96,44790.9,0.5,0.396,0,36,12.79,OWN,home_improvement,0
626,30918.15,32644.11,2.6,0.425,0,36,11.62,MORTGAGE,home_improvement,1
819,41683.16,10586.95,11.7,0.423,2,60,8.25,OWN,home_improvement,0
587,28201.61,5015.42,1.1,0.511,0,60,13.07,RENT,debt_consolidation,1
704,47960.97,9768.42,1.8,0.462,0,36,10.3,RENT,credit_card,0
353,45502.81,11900.67,2.8,0.345,0,60,19.86,MORTGAGE,credit_card,1
418,34408.82,5887.77,5.1,0.629,1,36,18.53,OWN,home_improvement,0
821,72634.47,11104.66,5.0,0.597,3,60,4.0,RENT,credit_card,0
773,47725.67,6138.31,14.6,0.532,0,36,7.76,MORTGAGE,major_purchase,0
661,79078.1,17620.19,0.8,0.339,1,60,11.41,RENT,credit_card,0
508,44901.55,22392.59,16.1,0.609,0,60,15.4,RENT,home_improvement,0
410,48489.97,21032.54,1.0,0.085,0,36,18.93,MORTGAGE,debt_consolidation,0
769,38053.48,37485.24,2.3,0.137,0,60,6.76,RENT,home_improvement,0
732,48865.61,12175.8,1.3,0.204,0,36,9.76,RENT,credit_card,0
433,67541.94,40032.13,4.9,0.096,2,60,20.11,MORTGAGE,credit_card,0
624,40737.31,40957.4,0.9,0.202,1,60,14.12,MORTGAGE,home_improvement,0
640,61900.61,43231.19,4.2,0.355,0,36,12.95,RENT,debt_consolidation,0
563,34005.03,8963.26,4.3,0.016,0,60,14.66,RENT,major_purchase,0
810,68980.06,11813.05,1.6,0.236,1,60,6.31,MORTGAGE,major_purchase,0
368,37761.39,28448.62,5.0,0.692,2,60,19.43,OWN,debt_consolidation,1
442,71916.14,7199.23,1.3,0.221,1,36,18.91,RENT,credit_card,0
352,50384.53,4767.34,1.5,0.316,0,36,20.31,RENT,major_purchase,0
681,97190.59,4242.68,5.9,0.641,1,36,13.45,RENT,debt_consolidation,0
654,29163.39,27670.58,0.5,0.306,0,60,9.6,RENT,debt_consolidation,0
844,25228.27,36405.84,1.0,0.116,0,36,5.92,MORTGAGE,major_purchase,0
598,37149.38,12390.97,4.2,0.593,2,36,12.66,RENT,credit_card,0
382,26289.5,42075.49,0.8,0.312,0,36,20.54,MORTGAGE,debt_consolidation,1
548,26311.71,35845.16,4.8,0.095,0,60,15.97,RENT,credit_card,0
348,64841.29,4408.26,3.4,0.274,0,60,19.06,RENT,other,1
669,48928.71,18921.34,12.1,0.074,0,36,9.66,MORTGAGE,debt_consolidation,0
671,39503.46,3992.65,14.1,0.045,0,60,10.28,MORTGAGE,credit_card,0
772,41186.54,41268.54,4.4,0.326,0,36,8.93,OWN,credit_card,0
487,37468.02,33683.29,5.1,0.137,2,60,17.08,MORTGAGE,other,0
470,103018.73,31207.99,21.4,0.569,2,60,15.1,OWN,debt_consolidation,0
339,35207.78,31038.88,1.2,0.293,3,36,21.22,RENT,other,1
528,27039.11,13548.03,0.7,0.192,0,36,15.56,MORTGAGE,credit_card,0
561,70138.19,42075.72,5.3,0.499,0,36,14.34,MORTGAGE,credit_card,1
715,44485.12,41602.17,1.1,0.109,0,60,10.63,MORTGAGE,home_improvement,0
715,122693.93,33537.51,1.7,0.222,0,36,10.2,RENT,credit_card,0
377,38685.01,21632.93,10.9,0.403,0,60,19.86,RENT,debt_consolidation,1
457,71732.05,3073.09,8.3,0.388,0,36,18.83,RENT,major_purchase,0
581,79776.86,2245.7,3.5,0.557,0,60,15.66,MORTGAGE,debt_consolidation,1
484,38769.88,7077.91,3.4,0.515,0,36,16.16,MORTGAGE,major_purchase,1
314,35090.5,27213.65,7.8,0.118,0,36,21.52,MORTGAGE,other,1
765,68433.31,36116.37,2.2,0.17,0,60,9.28,MORTGAGE,credit_card,0
702,63494.04,42732.49,2.4,0.203,1,36,10.08,RENT,debt_consolidation,0
586,25983.72,8715.93,2.8,0.895,0,60,14.52,MORTGAGE,debt_consolidation,0
474,29501.72,13123.23,10.3,0.17,0,60,17.09,MORTGAGE,major_purchase,0
764,15655.95,3380.41,1.5,0.077,0,36,9.43,RENT,debt_consolidation,0
319,64082.34,44518.08,9.9,0.504,0,60,22.25,RENT,credit_card,1
545,43572.34,35360.26,7.8,0.392,0,36,14.77,RENT,major_purchase,0
741,45571.25,22151.42,3.1,0.13,3,36,10.25,RENT,debt_consolidation,0
825,22899.04,26324.88,3.7,0.054,1,60,7.58,RENT,credit_card,0
438,29907.18,25735.67,15.4,0.212,1,36,20.77,OWN,home_improvement,1
658,39534.08,12191.87,0.6,0.278,0,60,9.38,RENT,credit_card,0
404,36223.14,9157.19,2.8,0.761,0,36,19.77,RENT,credit_card,1
363,51690.34,14066.93,6.8,0.228,1,60,21.42,MORTGAGE,credit_card,1
494,63739.56,11874.76,6.5,0.142,0,36,19.03,RENT,debt_consolidation,0
787,136124.56,25531.24,2.4,0.261,0,60,7.21,RENT,home_improvement,0
679,48581.22,14560.92,0.0,0.234,0,60,11.11,RENT,debt_consolidation,0
569,80977.87,33073.57,13.7,0.434,1,60,13.62,RENT,credit_card,1
455,33742.46,25989.35,10.7,0.364,0,60,19.62,RENT,debt_consolidation,0
378,23069.67,24419.61,2.2,0.235,0,60,18.81,MORTGAGE,debt_consolidation,1
449,41833.98,42856.93,1.3,0.165,0,36,17.08,MORTGAGE,credit_card,0
384,23885.46,15186.02,1.7,0.4,0,36,17.81,MORTGAGE,debt_consolidation,1
403,49345.55,28951.87,3.3,0.114,0,36,15.65,RENT,credit_card,0
678,34502.8,1002.23,1.3,0.108,0,36,11.01,MORTGAGE,debt_consolidation,0
373,20344.74,33424.64,3.0,0.052,0,36,19.75,MORTGAGE,other,1
326,107067.13,23111.93,0.8,0.39,0,60,20.97,RENT,debt_consolidation,1
598,38487.82,10168.94,0.3,0.402,0,36,14.06,RENT,debt_consolidation,0
457,23460.45,1066.46,1.7,0.315,0,60,18.36,RENT,home_improvement,0
550,73436.57,32105.53,0.6,0.34,0,60,13.9,RENT,other,0
377,35317.14,30158.83,1.8,0.174,0,60,19.84,MORTGAGE,debt_consolidation,1
415,80063.45,30277.91,10.1,0.236,0,36,18.51,RENT,debt_consolidation,1
543,35241.25,20248.01,2.4,0.071,0,36,14.94,RENT,credit_card,0
680,38430.09,29129.08,8.0,0.626,0,60,12.74,MORTGAGE,credit_card,1
528,57249.5,26138.73,1.0,0.237,1,36,15.86,MORTGAGE,debt_consolidation,1
598,64019.87,11511.38,10.6,0.784,0,60,14.57,RENT,debt_consolidation,0
587,69273.5,23825.79,11.3,0.29,0,36,13.4,RENT,major_purchase,0
448,47080.61,23642.08,2.5,0.23,0,60,16.33,MORTGAGE,debt_consolidation,1
454,62185.52,37239.41,0.1,0.189,0,60,18.81,RENT,home_improvement,1
534,68564.68,20073.52,5.7,0.062,1,36,16.07,RENT,major_purchase,0
317,53651.04,20187.76,1.8,0.02,0,36,20.94,RENT,debt_consolidation,1
677,45972.74,44313.8,1.8,0.261,0,60,10.81,MORTGAGE,home_improvement,0
638,25581.31,40356.41,15.6,0.313,2,36,12.82,MORTGAGE,home_improvement,0
468,64191.65,11660.58,0.3,0.365,0,36,17.55,RENT,credit_card,0
505,49960.01,41052.9,4.5,0.318,0,60,15.88,OWN,debt_consolidation,0
481,40695.5,7070.53,4.3,0.549,2,36,15.42,RENT,other,0
658,87115.91,38549.21,1.6,0.241,0,36,13.88,MORTGAGE,other,0
718,25783.11,9066.23,1.8,0.25,0,60,9.83,RENT,debt_consolidation,0
359,102725.57,19726.55,0.2,0.295,0,36,21.66,MORTGAGE,debt_consolidation,0
527,48531.92,44292.55,1.4,0.417,0,60,12.46,RENT,credit_card,0
307,56550.15,5270.15,0.8,0.592,0,60,20.31,OWN,major_purchase,1
549,41037.03,37950.66,0.7,0.078,0,36,16.08,MORTGAGE,other,0
436,23151.55,22768.29,0.7,0.095,1,60,17.82,RENT,debt_consolidation,0
485,46035.84,5883.62,0.7,0.072,0,36,17.88,RENT,credit_card,0
551,56990.23,42909.62,1.1,0.38,0,60,13.99,MORTGAGE,credit_card,0
478,66456.41,25166.18,1.8,0.155,0,60,16.66,RENT,debt_consolidation,0
517,44841.31,39748.2,1.8,0.318,3,36,14.77,RENT,debt_consolidation,0
721,18276.24,39240.71,6.9,0.135,0,36,10.93,MORTGAGE,debt_consolidation,0
746,24495.69,1643.92,2.2,0.531,0,60,8.63,MORTGAGE,debt_consolidation,0
303,123427.45,12652.99,2.5,0.426,2,60,22.91,MORTGAGE,home_improvement,0
508,29982.19,15824.55,9.0,0.325,2,36,17.76,MORTGAGE,home_improvement,1
766,93169.18,24534.02,0.8,0.391,1,60,8.2,MORTGAGE,other,0
592,32198.04,4162.1,1.6,0.199,0,36,13.39,RENT,home_improvement,0
413,45156.74,18114.54,0.3,0.5,3,60,18.09,MORTGAGE,debt_consolidation,1
627,64948.1,36844.08,0.5,0.365,0,60,14.87,RENT,credit_card,0
379,33891.26,8620.41,0.8,0.537,0,36,19.57,RENT,debt_consolidation,0
312,100357.77,31856.16,15.6,0.082,1,36,21.37,RENT,debt_consolidation,1
648,50720.11,21254.49,4.7,0.201,0,60,10.54,MORTGAGE,other,0
583,60317.82,4111.03,1.3,0.16,0,36,13.1,OWN,debt_consolidation,0
716,43459.16,8804.46,2.2,0.16,1,60,9.37,MORTGAGE,credit_card,0
490,65934.96,7205.35,0.1,0.04,1,36,17.79,RENT,other,0
770,99753.43,28267.59,12.0,0.437,1,36,7.97,MORTGAGE,home_improvement,0
532,46208.61,4842.27,10.9,0.106,0,60,14.82,RENT,credit_card,0
706,106763.43,37214.06,6.7,0.219,0,60,11.11,OWN,debt_consolidation,0
355,37226.71,36493.0,0.1,0.392,1,60,20.43,MORTGAGE,debt_consolidation,1
353,69136.85,4522.73,1.8,0.337,1,60,19.15,RENT,major_purchase,1
731,61089.88,40080.68,5.8,0.284,1,60,11.32,RENT,major_purchase,0
759,30307.12,43203.08,4.9,0.143,0,60,7.99,MORTGAGE,other,0
819,53971.66,2912.6,0.4,0.217,0,36,7.24,OWN,major_purchase,0
478,49183.56,42814.5,1.2,0.529,0,60,17.36,RENT,credit_card,1
312,33391.73,13296.34,0.2,0.185,0,36,19.01,MORTGAGE,debt_consolidation,0
839,57589.82,30249.53,23.7,0.202,0,36,5.93,MORTGAGE,major_purchase,0
631,52356.44,8691.89,8.2,0.354,0,60,11.66,RENT,debt_consolidation,0
436,47445.45,36968.06,13.4,0.195,0,60,16.62,RENT,credit_card,1
720,47531.13,38044.19,0.5,0.174,0,36,9.64,RENT,home_improvement,0
798,47074.91,44047.02,10.4,0.149,0,36,7.65,RENT,major_purchase,0
456,41545.11,44671.47,4.6,0.153,1,36,18.11,RENT,major_purchase,1
724,52204.57,4337.74,16.0,0.329,0,36,9.8,RENT,credit_card,0
733,36689.23,29950.4,1.8,0.493,0,36,9.35,RENT,debt_consolidation,0
576,162034.45,13014.03,9.5,0.277,0,36,15.89,RENT,credit_card,0
648,25998.65,6525.42,7.0,0.297,0,36,11.46,MORTGAGE,major_purchase,0
448,37679.4,7547.0,10.7,0.212,2,36,15.68,RENT,debt_consolidation,0
811,39042.89,42203.24,5.8,0.369,1,60,6.16,RENT,credit_card,0
841,122788.92,31080.57,5.1,0.464,0,36,7.61,RENT,debt_consolidation,0
840,27063.45,3220.28,4.8,0.29,0,36,6.05,MORTGAGE,home_improvement,0
706,59377.17,44306.12,3.0,0.171,0,36,9.14,MORTGAGE,home_improvement,0
323,54818.19,36543.74,7.1,0.357,0,60,22.2,MORTGAGE,home_improvement,0
501,56960.94,14603.89,1.7,0.167,0,60,18.02,MORTGAGE,debt_consolidation,0
545,85507.08,21718.13,7.2,0.215,0,60,14.65,RENT,home_improvement,0
828,84721.38,32969.34,1.9,0.077,1,36,7.42,MORTGAGE,debt_consolidation,0
601,40017.39,30745.41,14.6,0.067,0,60,15.02,MORTGAGE,credit_card,0
595,53493.09,21375.56,10.9,0.26,2,60,15.92,RENT,major_purchase,0
380,21187.23,23545.16,1.1,0.127,0,36,20.36,OWN,credit_card,0
737,51256.2,2901.14,4.3,0.091,0,60,9.23,RENT,major_purchase,0
485,34293.28,23027.86,0.9,0.324,0,60,16.55,RENT,major_purchase,1
350,45077.02,15970.86,4.3,0.138,1,60,17.94,OWN,credit_card,1
844,22961.69,13542.25,0.6,0.219,0,60,4.65,MORTGAGE,debt_consolidation,0
404,58817.37,12863.39,0.7,0.12,0,36,19.58,RENT,home_improvement,0
308,22846.29,29553.66,12.7,0.319,0,36,24.92,RENT,major_purchase,1
342,52403.47,19887.34,1.6,0.337,0,36,20.11,MORTGAGE,credit_card,0
549,28228.08,19735.31,1.9,0.402,0,36,14.5,MORTGAGE,debt_consolidation,0
356,33445.13,8004.23,7.1,0.076,1,60,20.88,OWN,debt_consolidation,0
764,82423.79,43322.0,0.5,0.249,2,60,10.39,MORTGAGE,credit_card,0
582,63867.32,10852.75,3.8,0.541,0,36,12.81,MORTGAGE,other,0
478,82218.98,18868.81,3.6,0.211,0,60,16.3,MORTGAGE,major_purchase,0
301,98901.26,9369.01,0.4,0.341,0,36,22.01,OWN,major_purchase,1
564,34621.24,31938.29,7.1,0.169,0,36,14.52,MORTGAGE,debt_consolidation,0
383,96233.93,20189.66,8.3,0.262,1,36,19.85,RENT,debt_consolidation,0
838,25349.71,19200.6,2.9,0.08,0,60,6.84,MORTGAGE,other,0
460,68579.24,39504.17,6.3,0.336,0,36,18.08,MORTGAGE,debt_consolidation,0
561,39261.44,34417.11,11.0,0.104,0,36,14.85,MORTGAGE,home_improvement,0
310,32252.95,23874.5,6.9,0.651,0,36,21.75,MORTGAGE,major_purchase,1
372,64635.01,21617.98,6.2,0.075,0,36,18.3,RENT,credit_card,1
414,74998.86,43235.66,1.5,0.333,0,60,17.17,MORTGAGE,debt_consolidation,1
328,74003.73,43084.34,3.7,0.374,2,36,20.34,OWN,debt_consolidation,1
700,53997.17,32009.92,3.1,0.002,1,36,11.78,RENT,other,0
820,52019.86,34446.51,1.0,0.584,0,36,8.63,RENT,credit_card,0
842,62136.57,40560.09,3.6,0.313,0,60,4.68,RENT,other,0
446,56201.23,43429.59,2.7,0.356,0,36,18.94,RENT,debt_consolidation,1
734,62543.03,4620.09,3.3,0.244,3,36,7.55,MORTGAGE,debt_consolidation,0
577,53733.92,44882.91,1.1,0.402,0,36,14.74,RENT,home_improvement,0
325,71628.82,31932.98,10.5,0.263,0,60,20.8,OWN,debt_consolidation,0
349,23570.62,27080.77,11.6,0.147,0,60,18.07,RENT,credit_card,1
601,46208.86,19179.35,9.0,0.306,0,36,12.09,RENT,credit_card,0
533,26298.55,15801.16,0.6,0.233,0,60,14.58,RENT,debt_consolidation,0
304,55520.96,36385.25,5.5,0.099,0,60,22.48,MORTGAGE,debt_consolidation,1
812,102628.26,29795.14,1.0,0.077,0,60,7.12,MORTGAGE,credit_card,0
702,39603.07,9831.03,0.7,0.15,0,36,10.23,MORTGAGE,debt_consolidation,0
576,51909.83,27836.09,8.3,0.125,0,36,13.7,OWN,home_improvement,0
843,68900.52,7211.31,0.6,0.098,1,60,7.46,RENT,debt_consolidation,0
835,19332.15,22862.49,1.4,0.254,0,36,5.3,RENT,debt_consolidation,0
836,38756.37,26672.14,0.4,0.299,1,36,7.1,OWN,major_purchase,0
442,57758.86,28970.1,10.9,0.419,0,60,20.8,MORTGAGE,other,1
785,13311.08,7391.54,2.2,0.415,0,60,8.6,MORTGAGE,debt_consolidation,0
578,31584.95,5206.34,12.8,0.241,0,36,14.58,MORTGAGE,other,0
700,80449.59,12383.16,4.6,0.656,0,60,9.63,RENT,credit_card,0
773,76983.67,27709.31,4.7,0.141,0,60,10.74,RENT,debt_consolidation,0
389,58014.21,41994.04,6.2,0.324,0,60,18.51,RENT,credit_card,0
546,72910.57,35281.44,2.2,0.14,1,36,14.8,RENT,credit_card,0
371,54003.11,33811.26,14.6,0.211,0,36,17.37,RENT,debt_consolidation,0
453,62939.4,15530.22,4.0,0.378,1,36,16.81,MORTGAGE,major_purchase,0
527,42529.61,5915.12,4.3,0.443,1,60,16.35,MORTGAGE,debt_consolidation,0
771,51643.3,40245.33,0.6,0.364,1,36,8.18,OWN,major_purchase,0
775,36880.32,23037.55,20.7,0.202,0,60,9.49,RENT,credit_card,0
514,86557.79,5422.48,2.1,0.159,0,60,16.06,OWN,other,0
481,97217.08,24538.62,1.0,0.3,3,36,17.37,RENT,credit_card,0
592,91213.73,30718.05,3.7,0.393,0,36,14.74,MORTGAGE,debt_consolidation,0
802,40796.48,15075.6,6.6,0.211,0,60,5.54,RENT,credit_card,0
838,31914.05,1406.95,0.9,0.321,0,36,7.4,RENT,credit_card,0
424,87084.84,28350.71,10.0,0.143,0,36,17.98,MORTGAGE,credit_card,1
402,62614.88,2764.2,4.1,0.438,0,36,18.49,MORTGAGE,major_purchase,0
689,56832.46,20042.9,13.0,0.202,2,36,9.42,RENT,credit_card,0
466,36859.39,37290.11,0.5,0.335,0,36,17.75,OWN,other,1
410,59370.26,44949.3,6.6,0.466,1,36,18.99,OWN,home_improvement,1
317,30080.27,17293.33,2.0,0.312,0,36,22.55,RENT,credit_card,1
522,65207.39,1885.58,14.1,0.37,0,60,13.72,RENT,debt_consolidation,0
515,91171.63,22687.74,3.6,0.404,0,36,17.04,RENT,home_improvement,0
610,102126.8,13156.12,3.9,0.444,0,36,13.62,MORTGAGE,home_improvement,0
410,67429.36,40282.1,4.2,0.388,1,36,17.77,RENT,debt_consolidation,0
693,26320.16,32306.14,6.3,0.249,0,60,11.8,MORTGAGE,debt_consolidation,0
674,53572.9,18790.22,6.0,0.468,2,60,11.61,OWN,debt_consolidation,0
554,128393.72,34529.24,4.4,0.286,0,36,13.1,OWN,credit_card,0
399,33160.83,16013.06,1.6,0.214,1,36,19.34,MORTGAGE,home_improvement,1
579,47732.52,23957.6,6.8,0.276,0,36,10.87,OWN,credit_card,0
671,92603.85,41602.55,1.4,0.486,1,36,12.04,RENT,debt_consolidation,0
505,64712.54,9806.92,10.4,0.401,0,36,15.25,MORTGAGE,debt_consolidation,0
445,149652.37,14774.55,4.5,0.43,0,36,15.79,RENT,debt_consolidation,0
579,35249.58,39966.11,0.7,0.368,0,60,11.05,RENT,credit_card,0
495,31401.47,21322.65,9.6,0.393,0,60,16.7,MORTGAGE,credit_card,0
520,85038.25,14987.11,8.8,0.307,0,36,15.44,MORTGAGE,major_purchase,0
492,28619.82,2641.14,1.2,0.319,0,36,16.02,MORTGAGE,home_improvement,0
467,44866.85,19433.93,2.8,0.192,0,36,17.44,MORTGAGE,credit_card,0
694,47593.86,23026.45,5.4,0.613,0,60,10.55,RENT,debt_consolidation,0
553,78135.15,18878.65,11.8,0.163,0,36,15.53,OWN,credit_card,0
557,64629.13,13208.21,8.2,0.21,2,60,14.51,MORTGAGE,home_improvement,0
659,60215.15,17241.73,34.1,0.438,0,36,10.99,OWN,home_improvement,0
499,40900.85,29267.57,2.3,0.358,0,36,15.66,MORTGAGE,debt_consolidation,0
355,84689.92,40216.31,11.9,0.199,1,36,20.66,MORTGAGE,major_purchase,0
769,300024.92,29585.74,1.2,0.263,0,60,8.91,MORTGAGE,major_purchase,0
330,66908.21,29431.15,2.5,0.354,0,36,20.42,RENT,other,0
615,51269.56,36942.49,2.0,0.531,0,36,12.26,RENT,major_purchase,0
446,27336.05,8266.28,0.4,0.377,1,60,18.07,MORTGAGE,debt_consolidation,1
417,36795.59,14248.3,3.0,0.492,0,60,18.99,RENT,credit_card,1
323,44526.08,3226.0,7.7,0.296,0,60,20.21,MORTGAGE,debt_consolidation,0
795,38539.15,16384.06,4.6,0.13,0,36,6.07,RENT,major_purchase,0
536,48667.41,44948.25,6.1,0.184,0,60,15.2,OWN,major_purchase,0
488,109109.5,15489.75,8.3,0.195,0,36,17.1,MORTGAGE,credit_card,0
708,85924.57,38830.01,1.9,0.261,1,36,10.46,RENT,debt_consolidation,0
321,45639.34,4774.22,7.4,0.169,2,36,19.71,RENT,credit_card,0
611,28460.55,21227.34,10.0,0.115,1,36,13.35,RENT,debt_consolidation,0
572,89484.03,16464.37,14.1,0.249,0,36,15.12,RENT,debt_consolidation,0
604,47950.55,9869.65,1.3,0.419,0,36,12.64,RENT,debt_consolidation,0
368,22540.63,17390.28,10.2,0.017,0,36,19.23,RENT,debt_consolidation,1
824,67547.99,29656.24,13.7,0.767,0,36,8.17,MORTGAGE,major_purchase,0
431,77773.73,22573.56,4.8,0.259,0,36,19.47,MORTGAGE,debt_consolidation,0
673,16454.29,38150.7,4.3,0.174,1,36,10.02,MORTGAGE,debt_consolidation,0
711,33824.83,40817.65,1.1,0.239,0,36,10.28,OWN,debt_consolidation,0
489,46643.82,22203.28,6.4,0.241,0,60,15.19,RENT,credit_card,0
372,68222.51,44195.96,6.9,0.323,0,36,20.43,OWN,debt_consolidation,0
463,38867.51,4168.91,2.4,0.419,1,36,16.68,MORTGAGE,debt_consolidation,1
744,33709.54,13158.93,7.8,0.368,0,60,7.9,MORTGAGE,major_purchase,0
799,67997.5,19335.3,3.5,0.167,0,60,5.77,RENT,home_improvement,0
816,39705.89,26638.87,3.6,0.558,0,60,8.48,MORTGAGE,debt_consolidation,0
424,62562.7,25020.91,4.4,0.211,0,36,17.83,RENT,debt_consolidation,0
634,29727.21,25990.98,2.1,0.04,0,60,16.09,RENT,credit_card,0
383,26674.15,40435.03,9.4,0.649,0,36,21.29,RENT,credit_card,1
691,68862.78,13212.87,0.6,0.155,1,60,12.19,RENT,debt_consolidation,0
529,54920.06,36941.56,3.1,0.3,3,36,12.89,RENT,debt_consolidation,1
693,74243.47,25552.02,2.6,0.622,0,36,10.42,MORTGAGE,major_purchase,0
677,38573.98,22581.58,12.2,0.159,0,36,8.52,RENT,home_improvement,0
847,34276.07,14174.19,10.7,0.503,0,36,6.66,MORTGAGE,debt_consolidation,0
569,90429.29,14379.03,0.2,0.311,0,60,14.11,MORTGAGE,major_purchase,0
488,24702.72,18093.11,1.1,0.28,0,36,18.32,OWN,credit_card,0
590,86090.76,34594.46,11.7,0.149,0,60,12.3,RENT,home_improvement,0
389,88807.57,21976.25,1.5,0.267,0,36,19.97,OWN,credit_card,0
361,72188.81,7768.68,0.6,0.212,0,36,20.27,RENT,major_purchase,1
586,35971.66,34433.98,1.1,0.242,0,60,13.65,RENT,home_improvement,0
754,33947.29,30188.72,10.9,0.232,0,60,9.74,RENT,home_improvement,0
593,44599.37,42766.51,0.9,0.299,2,36,14.06,OWN,major_purchase,0
730,27370.8,24294.22,3.8,0.166,2,60,10.54,MORTGAGE,major_purchase,0
398,31800.51,29794.57,0.8,0.193,0,60,19.8,RENT,credit_card,0
547,65521.29,22090.53,2.6,0.35,1,60,15.26,RENT,home_improvement,0
637,65657.5,30954.33,11.1,0.342,2,36,11.3,MORTGAGE,credit_card,0
491,30567.46,20189.15,11.6,0.524,0,60,16.07,OWN,home_improvement,0
307,66453.31,7065.69,0.9,0.043,0,36,20.55,RENT,debt_consolidation,0
340,60140.36,44414.06,0.9,0.372,0,36,20.48,RENT,credit_card,1
811,96707.75,32696.0,2.5,0.315,0,36,7.67,OWN,major_purchase,0
633,63329.81,27779.54,2.7,0.338,0,36,10.6,RENT,credit_card,0
445,78933.54,22182.51,5.4,0.046,0,60,18.73,RENT,home_improvement,0
442,60759.88,32302.88,4.0,0.56,0,36,17.55,OWN,debt_consolidation,0
321,76188.67,6578.1,0.0,0.251,0,36,21.22,MORTGAGE,major_purchase,0
820,27468.56,15348.99,17.7,0.303,0,36,6.85,RENT,credit_card,0
359,46407.44,6486.77,1.9,0.087,1,36,20.49,MORTGAGE,credit_card,0
718,48168.36,6545.1,1.2,0.168,0,36,6.91,RENT,debt_consolidation,0
432,43928.23,1939.29,0.9,0.16,1,60,18.04,RENT,debt_consolidation,0
484,59859.11,34259.31,3.6,0.433,0,36,15.81,MORTGAGE,debt_consolidation,0
450,65216.7,11001.58,2.1,0.486,0,60,17.32,RENT,credit_card,0
754,58484.42,37608.34,1.3,0.2,0,60,9.71,RENT,debt_consolidation,0
318,45268.89,40795.12,9.5,0.22,0,36,20.88,MORTGAGE,home_improvement,0
494,35204.23,8416.91,2.2,0.251,0,36,15.43,MORTGAGE,debt_consolidation,0
453,80316.77,32190.02,0.4,0.251,0,36,17.92,RENT,home_improvement,0
450,57375.91,21253.45,8.4,0.144,0,36,16.22,MORTGAGE,credit_card,0
406,30996.32,41434.29,3.0,0.097,0,36,20.35,MORTGAGE,debt_consolidation,0
802,44929.08,22314.36,2.4,0.471,0,36,9.73,OWN,credit_card,0
508,22370.87,17670.45,4.7,0.184,0,36,14.29,RENT,credit_card,0
530,49807.3,13960.87,0.2,0.438,0,36,16.06,OWN,debt_consolidation,0
512,44834.31,40759.34,0.2,0.108,1,60,17.63,RENT,credit_card,0
840,37853.92,10951.89,3.9,0.176,3,36,5.72,OWN,home_improvement,0
486,100014.46,37419.45,6.9,0.325,0,60,15.88,MORTGAGE,home_improvement,0
488,29136.02,9544.25,0.2,0.243,0,36,15.81,RENT,major_purchase,0
480,67364.73,29309.46,1.4,0.186,0,36,18.25,RENT,home_improvement,0
480,131139.73,20846.89,10.9,0.482,0,60,18.36,MORTGAGE,credit_card,0
349,79600.09,5602.78,10.6,0.109,0,60,20.26,RENT,debt_consolidation,0
632,48329.99,6541.05,5.3,0.244,2,60,14.17,MORTGAGE,credit_card,0
313,29427.04,13386.4,5.8,0.314,0,60,20.18,RENT,other,0
424,26557.62,34732.67,18.9,0.339,0,36,19.01,RENT,other,0
411,40733.32,33073.36,0.9,0.436,0,36,17.73,RENT,home_improvement,1
460,35984.72,10025.29,4.8,0.201,0,36,17.54,OWN,debt_consolidation,0
716,35461.54,21952.9,4.4,0.245,0,60,9.48,RENT,debt_consolidation,0
630,42326.09,5267.43,1.3,0.228,0,60,11.14,MORTGAGE,other,0
845,46816.4,32501.64,4.3,0.45,2,36,6.55,MORTGAGE,major_purchase,0
493,60982.69,35905.29,6.2,0.158,0,60,14.93,MORTGAGE,credit_card,0
811,28085.02,40314.53,1.0,0.43,0,36,8.0,RENT,credit_card,0
324,36061.83,39972.82,0.9,0.118,0,60,22.18,MORTGAGE,debt_consolidation,1
577,45622.1,15867.26,12.8,0.111,0,36,14.08,RENT,credit_card,0
740,44892.75,12199.49,1.4,0.15,2,60,8.84,MORTGAGE,home_improvement,0
593,112015.29,40449.93,3.8,0.365,0,36,14.35,OWN,debt_consolidation,0
814,54421.3,7424.31,0.6,0.193,0,60,8.03,OWN,credit_card,0
473,23715.51,3611.14,3.1,0.12,2,36,16.38,RENT,credit_card,0
318,59170.69,14826.69,5.8,0.17,0,60,21.69,MORTGAGE,major_purchase,1
726,62664.39,34453.2,0.9,0.189,0,36,9.12,OWN,home_improvement,0
337,46336.83,31544.79,0.6,0.313,0,60,21.48,MORTGAGE,other,1
721,28395.09,44430.43,6.3,0.285,0,60,8.87,OWN,credit_card,0
704,108133.8,16819.48,7.9,0.405,0,36,10.5,MORTGAGE,debt_consolidation,0
765,30289.37,13137.28,4.8,0.385,0,36,8.35,OWN,major_purchase,0
563,65995.87,17641.13,12.7,0.188,2,36,15.42,RENT,credit_card,0
793,53638.52,35419.28,3.6,0.021,1,36,7.01,RENT,credit_card,0
393,64238.93,10429.2,5.5,0.217,0,36,19.62,MORTGAGE,home_improvement,0
539,105671.03,42700.91,1.6,0.348,0,60,14.54,MORTGAGE,home_improvement,1
367,63116.5,23552.17,1.1,0.236,0,60,18.22,RENT,major_purchase,1
722,38124.07,35458.38,7.6,0.152,1,36,9.42,MORTGAGE,debt_consolidation,0
693,80635.68,37399.52,2.5,0.272,0,36,11.32,RENT,debt_consolidation,0
744,36901.42,22067.87,0.7,0.391,0,60,9.88,MORTGAGE,debt_consolidation,0
721,52764.88,33620.34,2.0,0.401,3,60,9.01,MORTGAGE,credit_card,0
469,27394.91,17046.55,2.3,0.404,3,60,18.26,MORTGAGE,major_purchase,0
337,30792.41,36680.83,6.0,0.271,0,60,22.45,RENT,major_purchase,0
812,50167.57,37251.73,12.3,0.188,2,36,5.99,RENT,credit_card,0
571,57851.75,25913.06,0.6,0.377,0,60,14.28,MORTGAGE,major_purchase,0
351,22786.52,10598.5,20.0,0.286,1,36,21.79,OWN,credit_card,0
810,61314.97,43689.82,16.5,0.492,0,36,8.73,MORTGAGE,debt_consolidation,0
847,33902.94,42667.11,2.3,0.477,0,36,6.34,OWN,home_improvement,0
545,87191.28,28272.1,7.9,0.23,1,60,16.21,RENT,credit_card,0
724,41840.33,44290.76,4.1,0.385,0,60,11.23,MORTGAGE,credit_card,0
320,29565.69,23123.04,1.1,0.079,3,60,22.1,RENT,major_purchase,1
351,50721.85,17521.31,2.7,0.123,0,36,20.19,MORTGAGE,debt_consolidation,0
452,32457.74,21262.13,0.8,0.393,0,36,18.02,RENT,debt_consolidation,1
661,86770.79,3019.91,2.8,0.447,0,60,10.69,RENT,home_improvement,0
373,49032.5,25161.36,3.7,0.123,1,60,19.14,MORTGAGE,debt_consolidation,1
318,45786.54,30314.23,0.2,0.125,0,60,19.63,MORTGAGE,debt_consolidation,0
668,63979.02,5818.88,11.7,0.056,0,60,12.35,MORTGAGE,other,0
724,31187.53,12246.29,3.1,0.61,0,36,10.94,MORTGAGE,other,0
707,27443.4,32732.1,4.5,0.347,0,36,7.9,OWN,credit_card,0
740,58909.53,35917.97,5.4,0.125,0,36,8.63,MORTGAGE,debt_consolidation,0
742,29886.08,44378.15,9.5,0.335,0,36,8.41,RENT,major_purchase,0
631,29881.52,12141.84,2.2,0.161,0,36,12.99,OWN,major_purchase,0
586,71434.78,38023.34,9.3,0.069,0,60,13.67,MORTGAGE,credit_card,0
772,62086.19,8572.53,2.3,0.219,0,60,9.05,OWN,major_purchase,0
491,27883.12,6758.65,6.7,0.787,0,36,16.47,RENT,debt_consolidation,0
353,37100.61,33084.96,0.4,0.383,0,36,20.78,RENT,credit_card,1
714,32640.88,20618.38,9.1,0.361,1,60,10.01,MORTGAGE,debt_consolidation,0
452,109026.22,35932.63,3.5,0.117,1,60,18.98,RENT,major_purchase,0
839,73696.07,13432.85,0.9,0.2,0,36,5.14,OWN,debt_consolidation,0
528,40563.33,10380.53,18.8,0.542,0,36,14.46,MORTGAGE,debt_consolidation,0
769,63531.28,25147.14,4.8,0.315,0,36,7.31,RENT,debt_consolidation,0
323,26627.94,6073.66,2.7,0.131,0,36,21.86,RENT,debt_consolidation,1
663,36217.92,13264.97,2.8,0.514,1,36,9.48,RENT,debt_consolidation,0
546,51389.47,8314.43,1.5,0.386,0,36,12.52,RENT,credit_card,1
554,60084.3,15082.08,2.4,0.092,1,36,15.43,RENT,debt_consolidation,0
446,46917.38,34681.94,2.5,0.15,0,36,16.09,RENT,major_purchase,0
835,54808.8,6312.66,0.3,0.494,0,36,5.36,MORTGAGE,credit_card,0
516,50779.67,27922.23,5.6,0.229,2,60,14.08,RENT,major_purchase,0
768,45542.0,26729.71,0.1,0.502,1,36,7.52,MORTGAGE,major_purchase,0
534,42904.61,24677.75,1.8,0.558,0,36,18.71,MORTGAGE,home_improvement,0
326,40464.52,22306.89,4.3,0.276,0,36,20.84,RENT,debt_consolidation,1
784,54413.73,30209.87,9.4,0.246,2,36,7.89,OWN,credit_card,0
401,58974.89,38479.67,1.1,0.044,0,36,17.84,MORTGAGE,other,1
448,53597.71,8129.61,6.9,0.194,2,36,17.55,MORTGAGE,major_purchase,0
774,28843.25,36821.78,10.2,0.121,0,60,9.38,RENT,credit_card,0
792,31272.13,3704.93,12.1,0.222,2,36,7.81,RENT,credit_card,0
805,58659.03,22213.48,18.7,0.368,0,36,9.71,RENT,debt_consolidation,0
534,95059.0,23504.48,0.7,0.172,0,60,14.27,RENT,major_purchase,0
717,52500.97,9693.78,0.1,0.1,0,60,7.29,RENT,other,0
480,40731.18,4945.62,14.0,0.289,0,60,17.25,RENT,home_improvement,0
707,54228.03,4296.08,1.8,0.253,0,60,10.66,RENT,other,0
576,29390.61,2638.3,24.3,0.217,0,60,14.05,RENT,major_purchase,0
328,88346.73,26238.09,6.1,0.493,0,36,19.55,OWN,major_purchase,0
530,53314.7,7840.88,16.0,0.165,0,60,14.65,RENT,credit_card,0
557,36269.93,36583.01,4.5,0.342,0,60,14.76,MORTGAGE,credit_card,0
441,45476.09,40553.92,10.6,0.287,0,36,18.2,OWN,credit_card,0
506,38670.55,13865.96,2.2,0.327,0,36,16.81,OWN,credit_card,0
576,88455.2,8236.52,5.7,0.587,0,36,12.78,MORTGAGE,credit_card,0
327,44756.5,19022.92,6.8,0.36,0,36,18.94,RENT,credit_card,1
383,52570.72,39789.09,0.1,0.211,0,36,19.37,OWN,debt_consolidation,1
722,63460.75,18592.04,1.4,0.24,1,36,10.47,OWN,credit_card,0
493,35124.53,5766.8,19.6,0.26,3,36,14.8,MORTGAGE,credit_card,0
635,53485.68,44325.4,9.2,0.133,2,36,14.16,MORTGAGE,credit_card,0
611,55464.36,22985.72,2.3,0.399,0,36,12.54,RENT,debt_consolidation,0
603,24359.19,16064.34,1.2,0.358,1,36,14.55,MORTGAGE,home_improvement,0
527,54924.42,40319.31,0.3,0.213,0,60,17.52,RENT,other,0
566,48021.64,41805.75,4.6,0.168,0,36,12.3,RENT,debt_consolidation,0
753,51973.27,22859.4,0.1,0.285,3,60,9.41,RENT,major_purchase,0
831,49813.1,14495.52,0.0,0.177,0,60,8.73,RENT,debt_consolidation,0
441,55084.65,22235.89,7.6,0.349,0,36,17.36,MORTGAGE,debt_consolidation,0
668,89483.05,10648.41,1.4,0.121,0,36,13.64,RENT,home_improvement,0
834,28831.44,22042.48,0.8,0.398,0,60,7.66,RENT,major_purchase,0
304,42025.48,11094.97,1.8,0.18,1,36,21.49,MORTGAGE,major_purchase,0
732,66169.73,28376.92,1.6,0.513,0,36,9.39,RENT,debt_consolidation,0
573,60865.19,34435.12,1.7,0.198,0,60,12.17,MORTGAGE,debt_consolidation,0
833,60278.6,43654.82,0.3,0.283,0,60,5.68,RENT,major_purchase,0
618,169246.2,38073.1,0.6,0.102,2,36,13.55,RENT,debt_consolidation,0
761,64625.28,4789.93,2.9,0.216,0,36,8.26,OWN,debt_consolidation,0
391,81545.96,10307.01,2.9,0.279,0,60,19.77,MORTGAGE,major_purchase,0
378,42694.17,24394.44,1.7,0.329,0,36,21.12,MORTGAGE,debt_consolidation,0
810,31356.89,12334.0,15.9,0.511,0,60,8.5,MORTGAGE,credit_card,0
590,42555.19,1632.07,14.8,0.076,1,36,14.04,OWN,other,1
607,67533.7,34210.8,1.0,0.479,0,60,12.4,MORTGAGE,home_improvement,0
393,58869.15,16741.97,10.5,0.319,0,60,19.51,RENT,credit_card,0
424,58774.49,3908.4,9.9,0.08,0,60,18.68,MORTGAGE,credit_card,1
750,44513.38,23388.8,6.9,0.544,0,60,8.14,MORTGAGE,debt_consolidation,0
467,41431.17,43997.18,11.3,0.306,0,36,17.59,OWN,major_purchase,0
621,45209.58,30855.7,3.2,0.231,3,36,11.69,MORTGAGE,credit_card,0
474,67915.12,7985.71,3.6,0.511,2,60,16.92,RENT,major_purchase,1
445,71562.56,23629.01,9.5,0.045,2,36,17.07,MORTGAGE,other,0
391,31169.37,40675.79,7.1,0.423,0,36,18.79,RENT,credit_card,1
812,69082.32,3386.72,1.5,0.081,3,36,8.21,MORTGAGE,debt_consolidation,0
817,36577.02,29067.3,0.4,0.276,0,36,8.05,RENT,major_purchase,0
363,60537.29,32736.01,1.4,0.306,0,36,19.96,RENT,debt_consolidation,1
494,44963.91,31976.51,0.1,0.192,2,36,17.87,OWN,debt_consolidation,0
610,99171.39,7607.5,4.0,0.105,1,36,13.87,MORTGAGE,debt_consolidation,0
511,40613.93,40920.26,4.7,0.177,0,60,16.58,MORTGAGE,other,0
697,53123.53,15179.94,6.6,0.335,0,36,10.37,OWN,home_improvement,0
443,64406.31,3276.65,1.2,0.435,0,36,18.64,MORTGAGE,home_improvement,0
332,33081.14,4661.72,11.6,0.114,0,36,20.55,RENT,debt_consolidation,0
485,47439.68,21133.4,11.9,0.116,1,60,16.89,RENT,credit_card,0
629,43479.15,2759.21,2.4,0.261,0,36,13.92,MORTGAGE,debt_consolidation,0
399,38901.34,35300.31,12.9,0.131,0,36,20.23,MORTGAGE,debt_consolidation,0
749,40220.2,39096.23,4.6,0.119,0,36,8.24,RENT,home_improvement,0
306,80854.5,1588.42,10.7,0.069,0,60,23.15,MORTGAGE,debt_consolidation,0
337,37445.89,36640.59,8.9,0.393,0,60,19.47,MORTGAGE,major_purchase,0
580,63252.1,44173.08,0.0,0.505,0,36,13.82,MORTGAGE,home_improvement,0
582,56475.81,2336.2,3.6,0.207,0,36,15.18,MORTGAGE,credit_card,0
462,26143.58,32898.56,2.5,0.468,0,36,16.33,MORTGAGE,credit_card,0
442,61921.72,44960.14,1.3,0.173,0,36,18.26,RENT,credit_card,1
338,25949.8,36073.22,0.5,0.385,0,36,21.46,RENT,debt_consolidation,1
665,65032.43,23235.71,17.4,0.288,0,60,12.93,MORTGAGE,home_improvement,0
508,39017.43,39932.21,3.8,0.21,0,60,15.37,RENT,home_improvement,0
365,49205.73,32149.03,1.9,0.133,2,36,21.13,RENT,debt_consolidation,1
520,27380.16,13867.87,10.3,0.224,1,36,14.77,RENT,other,0
816,51796.2,10870.07,0.8,0.097,0,36,6.57,MORTGAGE,credit_card,0
443,74393.79,23551.95,15.8,0.074,0,36,17.85,MORTGAGE,home_improvement,0
792,34093.62,17411.58,2.2,0.219,0,36,7.55,RENT,credit_card,0
442,37300.98,15496.59,0.2,0.354,0,36,19.04,MORTGAGE,debt_consolidation,0
402,60148.96,8828.69,1.1,0.295,0,36,21.95,RENT,other,1
443,60829.38,38192.58,0.7,0.205,0,60,17.85,RENT,major_purchase,0
478,16393.16,32020.64,15.0,0.357,0,36,16.87,RENT,debt_consolidation,0
366,121410.53,15578.14,9.1,0.501,1,60,22.14,RENT,credit_card,1
623,62183.75,11457.35,1.3,0.29,0,36,15.5,RENT,major_purchase,0
483,67078.13,6638.07,1.4,0.196,1,36,16.5,RENT,home_improvement,0
695,45954.49,5950.57,10.9,0.345,0,36,10.9,RENT,home_improvement,0
570,21270.81,28521.04,0.3,0.13,0,36,12.55,MORTGAGE,major_purchase,0
543,66411.46,5787.96,4.1,0.522,0,60,14.03,MORTGAGE,debt_consolidation,0
559,38012.31,43249.36,4.6,0.118,0,36,12.52,RENT,major_purchase,0
386,62615.57,13281.94,0.0,0.101,0,60,19.14,RENT,other,1
692,44424.19,2135.41,5.5,0.256,0,36,12.61,MORTGAGE,debt_consolidation,0
357,54563.35,38634.51,0.2,0.255,0,36,19.31,MORTGAGE,other,1
697,34587.64,17173.85,7.0,0.256,0,36,9.7,MORTGAGE,other,0
850,72328.61,16090.5,3.3,0.294,0,36,6.57,MORTGAGE,credit_card,0
720,28716.57,6219.31,2.5,0.357,0,36,7.9,RENT,major_purchase,0
550,134659.71,30058.57,2.8,0.175,1,60,15.13,RENT,debt_consolidation,0
473,134198.71,16786.91,12.8,0.195,0,60,13.97,MORTGAGE,home_improvement,0
780,102202.85,37211.76,1.9,0.138,0,60,7.73,RENT,credit_card,0
441,87026.29,28747.21,0.2,0.132,0,36,16.03,RENT,credit_card,0
565,47190.75,39716.14,27.7,0.308,1,60,13.42,OWN,other,1
724,82863.17,28392.69,0.5,0.475,0,36,9.53,RENT,home_improvement,0
808,46944.46,35288.24,1.1,0.528,2,60,7.09,MORTGAGE,major_purchase,0
807,24365.34,31647.73,0.9,0.496,0,60,7.02,OWN,debt_consolidation,0
348,96417.27,21354.07,4.4,0.09,0,36,23.31,RENT,home_improvement,1
794,81468.44,31301.66,1.4,0.226,0,60,8.51,OWN,debt_consolidation,0
362,48334.33,30199.15,3.6,0.133,1,36,18.19,MORTGAGE,debt_consolidation,1
622,28244.87,1294.96,6.5,0.123,0,60,10.97,MORTGAGE,major_purchase,0
812,37654.57,31740.07,1.9,0.205,0,60,8.72,RENT,credit_card,0
660,21600.78,12535.02,5.4,0.148,2,36,11.54,RENT,debt_consolidation,1
822,75003.22,24840.2,8.1,0.386,0,36,8.34,MORTGAGE,credit_card,0
489,23825.48,5898.63,0.8,0.242,0,60,17.75,RENT,home_improvement,0
473,55774.6,2012.99,7.5,0.235,0,36,16.64,MORTGAGE,major_purchase,0
479,33534.77,1665.27,0.3,0.738,0,60,16.99,OWN,debt_consolidation,1
495,25796.23,7960.56,2.9,0.3,0,36,15.63,OWN,debt_consolidation,0
676,54571.1,1875.27,1.1,0.436,0,36,12.22,RENT,home_improvement,0
549,42183.75,6825.49,0.6,0.307,0,60,14.93,MORTGAGE,credit_card,0
706,71480.87,25603.64,1.5,0.274,2,36,11.67,RENT,home_improvement,0
529,27710.8,18612.0,3.8,0.33,0,60,14.54,RENT,debt_consolidation,0
469,34863.94,44152.92,5.1,0.118,0,36,16.77,RENT,home_improvement,0
404,16740.08,36582.55,6.6,0.189,0,60,18.33,MORTGAGE,debt_consolidation,1
603,18343.75,7458.13,13.9,0.448,3,36,15.0,RENT,credit_card,0
795,110104.65,19338.73,4.0,0.633,3,60,7.56,RENT,other,0
773,125193.92,19962.72,2.7,0.05,0,36,8.12,RENT,debt_consolidation,0
439,51109.56,16933.14,16.4,0.257,0,60,17.73,RENT,debt_consolidation,1
563,33835.88,22805.95,1.7,0.188,0,60,15.76,RENT,home_improvement,0
688,42860.16,30474.48,1.3,0.06,0,36,14.29,MORTGAGE,debt_consolidation,0
637,72628.19,29199.15,3.9,0.175,0,60,15.21,MORTGAGE,credit_card,0
337,38891.26,16712.36,2.2,0.03,0,36,21.78,OWN,credit_card,0
625,54553.4,32022.01,0.3,0.48,0,36,11.4,RENT,major_purchase,0
321,48740.22,13737.36,0.9,0.129,2,36,20.69,RENT,debt_consolidation,1
364,37950.36,37760.59,5.3,0.122,0,36,20.5,MORTGAGE,other,1
660,38685.23,43432.37,6.9,0.256,0,60,8.74,MORTGAGE,home_improvement,0
356,55937.73,13968.41,3.7,0.129,1,36,19.59,OWN,major_purchase,0
486,31583.82,35526.3,0.1,0.204,0,36,17.64,MORTGAGE,credit_card,0
624,60070.74,36790.74,1.6,0.238,3,60,10.65,OWN,debt_consolidation,0
661,39647.75,22593.59,4.0,0.074,0,36,12.14,RENT,major_purchase,0
545,51912.52,4860.88,1.7,0.332,0,60,14.21,OWN,credit_card,0
351,91380.11,35592.0,3.2,0.145,0,36,19.75,RENT,credit_card,0
740,45447.52,18929.04,1.4,0.335,0,36,9.9,OWN,credit_card,0
823,74154.94,10155.14,5.7,0.183,0,60,8.68,RENT,debt_consolidation,0
789,21885.62,28572.61,1.8,0.071,0,60,7.69,RENT,debt_consolidation,0
712,39669.45,20225.28,3.5,0.045,0,36,11.66,MORTGAGE,other,0
521,49635.42,4853.19,1.6,0.27,0,36,15.97,RENT,credit_card,0
782,116482.79,44281.68,0.8,0.541,1,36,6.62,MORTGAGE,credit_card,0
568,20292.8,11765.12,0.1,0.13,0,60,15.53,RENT,debt_consolidation,0
375,46943.76,23482.46,8.1,0.093,0,36,21.39,MORTGAGE,major_purchase,0
768,94420.17,30360.68,5.8,0.391,0,36,8.86,MORTGAGE,other,0
476,34431.97,6063.93,2.3,0.508,3,60,15.35,MORTGAGE,debt_consolidation,0
817,44543.55,33534.04,15.7,0.302,0,36,5.18,MORTGAGE,home_improvement,0
502,56913.2,29524.71,8.3,0.104,0,60,16.69,RENT,other,0
779,53264.69,22725.13,4.7,0.096,0,36,8.63,MORTGAGE,other,0
595,99170.58,24246.52,2.8,0.566,0,36,14.27,MORTGAGE,home_improvement,0
557,59982.8,43010.98,3.6,0.549,0,36,11.9,MORTGAGE,credit_card,0
463,89098.5,41079.5,4.9,0.377,3,36,16.22,MORTGAGE,debt_consolidation,1
760,41689.15,5927.27,2.0,0.023,0,36,7.93,MORTGAGE,credit_card,0
333,35128.34,17225.09,4.7,0.436,1,36,22.33,RENT,major_purchase,1
558,44286.03,23737.94,0.7,0.387,0,36,14.52,RENT,debt_consolidation,0
503,29097.39,41478.94,11.7,0.108,0,36,17.46,MORTGAGE,debt_consolidation,0
599,60936.05,36928.79,3.7,0.224,0,60,12.12,RENT,major_purchase,0
440,41206.65,18005.24,0.5,0.355,0,36,15.71,RENT,other,0
666,36231.89,39993.26,13.0,0.347,2,36,12.37,RENT,debt_consolidation,0
512,61352.81,17638.94,2.4,0.276,0,60,15.57,OWN,debt_consolidation,0
403,29299.56,12932.49,0.5,0.416,0,36,19.07,MORTGAGE,credit_card,0
408,69336.45,27835.28,0.2,0.035,0,36,17.37,OWN,other,0
683,39527.35,16659.68,12.8,0.627,0,36,11.03,RENT,debt_consolidation,0
444,82585.83,28385.93,1.2,0.303,0,36,18.07,RENT,debt_consolidation,0
469,41079.65,19026.1,2.9,0.162,0,36,17.11,OWN,other,0
645,65144.25,36013.84,1.8,0.319,0,36,12.77,MORTGAGE,credit_card,0
481,53146.26,42989.68,1.2,0.479,1,60,17.68,OWN,credit_card,0
513,68511.43,12893.6,4.9,0.231,0,60,17.32,RENT,credit_card,0
434,51507.16,23440.44,1.5,0.301,0,36,18.19,MORTGAGE,home_improvement,0
490,23189.88,32875.03,3.7,0.098,2,36,18.51,MORTGAGE,credit_card,1
681,77184.74,7974.84,4.7,0.471,0,36,9.38,MORTGAGE,debt_consolidation,0
594,47124.23,36019.87,10.2,0.426,0,36,14.57,RENT,debt_consolidation,0
849,69932.25,26650.77,0.2,0.516,0,36,6.09,MORTGAGE,debt_consolidation,0
725,66877.04,7588.58,3.0,0.471,0,60,9.51,MORTGAGE,debt_consolidation,0
309,34614.11,39202.1,0.7,0.212,0,36,21.21,MORTGAGE,debt_consolidation,0
508,32478.77,19774.86,4.8,0.524,0,36,16.61,MORTGAGE,other,0
459,65835.19,8771.25,6.5,0.37,1,60,19.61,RENT,debt_consolidation,0
623,42767.68,9597.44,1.1,0.633,0,36,14.19,RENT,other,0
446,74711.79,35562.28,3.3,0.295,0,60,18.84,RENT,other,1
832,45243.29,42171.51,6.2,0.222,1,36,6.36,OWN,credit_card,0
464,77694.08,17643.0,1.6,0.504,0,60,19.2,MORTGAGE,debt_consolidation,0
587,59307.26,4468.44,4.6,0.428,0,36,14.16,RENT,other,0
367,55803.33,5436.22,3.8,0.068,0,36,18.8,MORTGAGE,home_improvement,1
801,41427.28,29797.05,9.2,0.381,0,36,6.45,RENT,debt_consolidation,0
802,54425.74,17313.08,4.1,0.241,0,36,9.34,MORTGAGE,debt_consolidation,0
737,83849.91,19749.79,1.7,0.371,1,36,10.65,RENT,major_purchase,0
493,47839.31,15830.08,1.7,0.402,0,60,17.91,RENT,major_purchase,0
332,62257.14,21483.7,7.7,0.108,3,60,21.26,MORTGAGE,debt_consolidation,1
691,50054.22,29316.18,11.4,0.57,0,36,9.61,OWN,debt_consolidation,0
536,51848.01,24810.12,1.1,0.305,0,36,13.02,RENT,major_purchase,0
845,106461.09,8226.62,15.6,0.302,0,36,5.15,RENT,major_purchase,0
684,84185.55,22616.7,2.1,0.134,3,36,9.07,MORTGAGE,credit_card,0
596,50804.07,21266.97,1.7,0.254,0,60,16.18,MORTGAGE,debt_consolidation,0
843,53987.31,25012.44,1.3,0.541,0,36,5.54,OWN,debt_consolidation,0
741,35744.74,5869.48,2.5,0.268,1,60,8.51,RENT,home_improvement,0
552,45349.88,7755.19,3.8,0.631,0,36,13.99,MORTGAGE,debt_consolidation,0
310,56343.89,24330.74,17.6,0.243,0,60,19.62,MORTGAGE,debt_consolidation,0
351,71881.64,13119.14,5.0,0.089,1,60,18.33,RENT,debt_consolidation,0
544,68675.61,28677.39,0.7,0.343,3,60,16.84,RENT,home_improvement,1
609,29757.41,17401.06,7.0,0.304,1,60,15.16,MORTGAGE,credit_card,0
316,76087.72,10712.33,0.8,0.108,0,36,22.97,RENT,other,1
369,47101.11,29881.37,6.0,0.059,0,36,20.61,OWN,debt_consolidation,0
688,31440.55,18331.94,1.7,0.09,0,36,9.26,RENT,other,0
714,89444.46,7934.95,2.1,0.281,0,36,11.51,MORTGAGE,credit_card,0
316,94700.59,36587.6,2.6,0.239,0,60,21.55,OWN,other,0
579,55198.23,19997.38,7.0,0.305,2,60,14.54,RENT,debt_consolidation,0
344,67437.54,41263.09,2.8,0.101,0,60,21.08,RENT,debt_consolidation,1
698,69241.26,9509.64,17.2,0.348,0,60,11.36,RENT,credit_card,0
759,91867.03,39559.41,2.1,0.056,1,36,9.83,MORTGAGE,debt_consolidation,0
779,68025.02,36900.04,0.5,0.175,0,60,7.9,RENT,debt_consolidation,0
629,26971.61,5572.3,13.2,0.331,0,36,13.69,MORTGAGE,credit_card,0
646,121105.03,24393.98,11.5,0.408,0,36,11.59,MORTGAGE,credit_card,0
810,79185.27,29762.05,2.2,0.064,0,36,8.39,RENT,credit_card,0
637,38976.5,22801.22,0.4,0.241,0,60,13.45,MORTGAGE,debt_consolidation,0
545,30843.11,18171.58,1.1,0.168,0,60,12.85,RENT,major_purchase,0
715,61522.98,42529.05,4.2,0.15,0,36,9.98,RENT,debt_consolidation,0
625,43251.32,31836.12,2.3,0.132,0,60,9.97,RENT,home_improvement,0
764,56868.56,43498.27,14.8,0.346,3,36,6.67,OWN,debt_consolidation,0
589,68496.17,38234.13,5.9,0.227,0,36,13.68,RENT,debt_consolidation,0
778,37990.87,36953.78,2.4,0.272,0,36,7.94,RENT,credit_card,0
324,29665.84,32927.82,0.2,0.333,0,36,21.0,MORTGAGE,debt_consolidation,1
320,58315.21,29427.49,26.5,0.395,0,36,22.22,RENT,debt_consolidation,1
354,38560.18,40021.93,2.9,0.23,2,60,19.99,MORTGAGE,other,1
606,52351.88,27990.03,8.9,0.295,2,36,11.71,RENT,credit_card,0
690,26782.48,4312.69,1.4,0.332,1,36,8.82,RENT,major_purchase,0
419,43761.85,26632.79,0.4,0.33,0,36,16.55,OWN,major_purchase,0
385,67624.68,5524.75,0.9,0.356,0,60,18.48,RENT,debt_consolidation,0
774,64387.17,42769.25,8.8,0.223,0,60,7.32,RENT,credit_card,0
713,34380.3,29453.43,0.7,0.27,0,60,11.69,MORTGAGE,home_improvement,0
657,28977.68,25448.44,13.4,0.019,0,60,11.83,MORTGAGE,major_purchase,0
569,49369.77,9704.13,8.6,0.132,1,36,12.96,MORTGAGE,other,0
531,63099.29,23693.75,4.5,0.121,1,36,16.3,MORTGAGE,debt_consolidation,0
311,58825.39,16071.36,1.1,0.341,0,60,22.65,MORTGAGE,home_improvement,1
403,38930.3,30716.99,0.7,0.294,0,60,18.49,RENT,credit_card,1
794,56051.21,27594.03,1.6,0.497,0,60,9.17,RENT,credit_card,0
486,96380.58,22969.51,5.1,0.328,3,36,17.84,RENT,debt_consolidation,1
688,53761.62,12120.6,3.0,0.298,0,36,10.35,MORTGAGE,other,0
687,23507.7,24132.7,3.3,0.246,0,36,10.7,MORTGAGE,home_improvement,0
470,53714.6,21314.66,7.6,0.229,2,36,16.65,RENT,home_improvement,1
412,122980.44,38455.7,2.1,0.127,1,36,19.41,MORTGAGE,other,0
681,27465.18,40350.84,4.3,0.079,0,60,8.17,RENT,debt_consolidation,0
351,49680.91,34406.96,1.4,0.266,0,60,21.67,RENT,home_improvement,0
572,44273.83,15064.16,2.5,0.493,0,36,12.38,MORTGAGE,credit_card,0
789,51182.21,2675.94,0.1,0.365,1,60,7.01,RENT,credit_card,0
691,53498.74,41714.78,0.1,0.335,0,60,13.16,RENT,major_purchase,0
721,81878.15,44648.54,0.6,0.572,0,36,9.38,MORTGAGE,debt_consolidation,0
345,50927.2,6588.91,1.1,0.294,0,60,21.15,MORTGAGE,other,1
410,87096.05,31167.11,0.3,0.207,3,36,19.34,RENT,credit_card,0
451,46492.9,19706.45,5.4,0.427,0,36,18.08,MORTGAGE,credit_card,0
461,41874.76,7534.9,9.8,0.195,0,36,16.85,MORTGAGE,credit_card,0
406,36274.4,44916.46,0.1,0.125,0,60,19.5,MORTGAGE,debt_consolidation,1
835,21640.26,42062.07,10.0,0.247,0,36,6.4,OWN,credit_card,0
390,55497.97,44234.79,0.0,0.141,0,60,17.34,MORTGAGE,home_improvement,0
690,123537.51,7331.44,1.0,0.392,0,36,9.31,OWN,debt_consolidation,0
623,60246.87,22644.68,12.6,0.072,1,36,12.45,MORTGAGE,debt_consolidation,0
636,66771.81,40414.06,3.0,0.385,0,60,12.9,RENT,major_purchase,0
418,40706.21,30706.97,0.1,0.395,1,36,19.26,RENT,credit_card,1
469,43916.7,20122.48,7.8,0.333,0,60,17.35,MORTGAGE,home_improvement,0
634,76350.41,23734.55,2.4,0.453,0,60,12.33,RENT,credit_card,0
464,121044.33,2698.47,5.3,0.337,0,36,17.12,MORTGAGE,debt_consolidation,0
682,95757.72,27906.76,6.7,0.098,0,36,11.32,MORTGAGE,credit_card,0
321,70428.98,38827.48,1.9,0.497,0,60,20.27,MORTGAGE,debt_consolidation,1
340,49802.37,1122.92,22.6,0.223,0,36,20.92,MORTGAGE,home_improvement,0
701,53872.4,8038.45,0.9,0.523,0,36,11.44,RENT,credit_card,0
639,34923.73,23791.57,17.2,0.314,0,60,12.3,OWN,credit_card,0
323,25548.26,25682.43,8.0,0.583,0,60,20.18,RENT,credit_card,1
795,29523.47,16107.5,0.7,0.329,0,36,6.43,MORTGAGE,home_improvement,0
302,50131.76,2229.12,0.0,0.215,0,36,23.51,RENT,major_purchase,1
826,42984.87,33718.4,1.3,0.116,2,60,6.55,RENT,debt_consolidation,0
701,25304.85,11688.71,0.7,0.094,1,36,8.62,MORTGAGE,debt_consolidation,0
844,48204.35,29361.4,0.3,0.552,0,60,4.98,RENT,debt_consolidation,0
822,42476.5,25602.46,6.7,0.362,0,60,4.81,RENT,home_improvement,0
472,28917.96,19956.88,7.7,0.206,0,36,15.03,RENT,debt_consolidation,0
716,41498.79,26972.74,0.4,0.167,3,60,10.25,RENT,major_purchase,0
416,42428.31,31581.7,0.7,0.625,0,36,17.93,RENT,credit_card,0
559,37142.36,26178.75,9.9,0.348,0,36,12.99,OWN,credit_card,0
432,74384.4,25531.12,3.3,0.418,0,60,19.65,RENT,credit_card,0
567,20820.52,20187.42,11.0,0.096,0,36,13.89,OWN,home_improvement,0
780,20058.14,19921.52,0.4,0.115,2,36,8.07,RENT,debt_consolidation,0
540,49093.34,22602.5,12.3,0.053,0,36,15.91,MORTGAGE,credit_card,0
350,51187.84,20891.43,2.2,0.46,0,36,18.74,OWN,major_purchase,1
478,58799.98,20317.08,3.0,0.474,0,36,15.27,MORTGAGE,home_improvement,0
733,38463.38,10256.28,2.2,0.36,0,36,9.43,MORTGAGE,debt_consolidation,0
587,32433.08,32892.87,0.0,0.194,0,36,9.65,MORTGAGE,other,0
608,48859.68,6849.91,0.7,0.455,0,36,15.48,OWN,other,0
537,40186.64,40983.26,2.1,0.127,0,36,15.56,RENT,credit_card,0
461,98516.78,28493.23,1.5,0.2,0,36,17.17,MORTGAGE,debt_consolidation,0
629,42365.84,3151.63,6.6,0.43,3,60,13.0,MORTGAGE,major_purchase,0
648,47861.5,29995.94,1.0,0.442,0,60,12.66,MORTGAGE,debt_consolidation,0
794,149333.62,16906.63,10.3,0.189,1,60,8.02,RENT,home_improvement,0
640,44907.4,41909.65,0.3,0.089,0,36,13.09,MORTGAGE,home_improvement,0
848,62960.99,42187.32,2.1,0.315,1,36,7.45,RENT,home_improvement,0
755,65567.75,38220.85,8.0,0.265,0,36,10.85,MORTGAGE,debt_consolidation,0
343,68127.13,25985.35,0.7,0.201,0,36,19.74,RENT,debt_consolidation,1
516,55841.31,41443.82,12.2,0.105,0,60,14.22,MORTGAGE,credit_card,0
511,53488.84,29591.56,3.7,0.209,0,36,14.36,RENT,credit_card,0
301,51284.84,39505.68,9.9,0.223,1,60,22.22,OWN,credit_card,1
399,37827.92,8042.34,2.8,0.276,1,36,16.91,MORTGAGE,home_improvement,0
719,56754.12,40783.93,4.0,0.517,0,60,8.12,OWN,debt_consolidation,0
494,122136.02,30109.99,4.2,0.334,0,36,16.99,RENT,home_improvement,0
381,84525.36,14344.05,3.8,0.047,0,36,19.06,OWN,debt_consolidation,0
458,56205.12,44903.8,2.7,0.371,0,60,17.23,MORTGAGE,credit_card,0
451,72050.56,31222.89,6.9,0.299,0,36,19.52,RENT,credit_card,1
396,33152.41,40970.31,9.9,0.069,0,36,20.41,OWN,credit_card,0
355,43598.13,1245.76,4.0,0.276,1,60,20.68,RENT,major_purchase,1
721,75096.74,25302.89,9.6,0.128,2,60,8.48,RENT,debt_consolidation,0
754,95724.09,32351.44,3.7,0.328,0,36,8.55,RENT,home_improvement,0
573,34651.98,1604.42,10.0,0.396,0,60,12.99,MORTGAGE,major_purchase,0
639,39434.06,34552.61,2.0,0.111,0,36,11.8,MORTGAGE,debt_consolidation,0
806,130825.43,29663.72,2.1,0.527,0,60,6.15,RENT,credit_card,0
764,51190.93,13089.42,3.4,0.253,0,36,8.57,MORTGAGE,debt_consolidation,0
317,111358.82,31313.58,0.2,0.235,0,60,21.1,MORTGAGE,major_purchase,1
825,53803.07,6759.65,11.6,0.101,0,36,5.58,MORTGAGE,debt_consolidation,0
336,54763.61,37257.64,5.4,0.165,0,60,19.41,OWN,other,0
314,42724.56,39113.91,3.4,0.17,0,60,23.5,RENT,debt_consolidation,1
522,74918.03,22360.98,0.1,0.006,0,60,14.64,MORTGAGE,major_purchase,0
710,90309.68,23327.46,5.1,0.361,0,36,11.29,MORTGAGE,major_purchase,0
344,30768.57,18690.39,0.1,0.074,0,60,20.52,MORTGAGE,debt_consolidation,1
461,41831.18,16194.7,0.6,0.133,0,36,17.38,RENT,home_improvement,0
444,73997.41,39407.52,4.1,0.484,0,36,17.89,MORTGAGE,debt_consolidation,0
518,46244.74,14414.42,0.7,0.415,0,60,15.25,RENT,debt_consolidation,0
843,39260.59,18725.4,1.5,0.027,0,36,6.14,RENT,credit_card,0
482,77210.75,14196.32,7.1,0.399,2,36,17.31,MORTGAGE,credit_card,0
415,80543.6,29895.36,40.0,0.097,0,60,17.07,MORTGAGE,debt_consolidation,0
367,40041.07,36825.61,5.0,0.354,0,60,19.77,MORTGAGE,major_purchase,0
409,53936.62,8230.78,8.2,0.146,0,36,18.81,RENT,home_improvement,0
373,28458.05,12208.67,1.6,0.173,0,36,20.61,OWN,home_improvement,0
616,32762.29,5580.74,1.9,0.189,0,36,12.25,MORTGAGE,home_improvement,0
531,51837.77,8048.09,9.5,0.259,0,60,14.98,MORTGAGE,credit_card,0
574,49718.53,18902.79,5.5,0.181,0,60,14.91,RENT,debt_consolidation,0
758,31726.44,35138.56,13.2,0.367,0,36,6.68,MORTGAGE,credit_card,0
619,35518.6,24831.19,2.3,0.226,0,36,14.01,MORTGAGE,major_purchase,0
385,30355.41,3344.16,2.6,0.469,0,60,18.45,RENT,other,1
507,60160.84,28503.82,6.2,0.421,2,36,17.19,MORTGAGE,debt_consolidation,0
472,20222.73,35993.38,2.8,0.039,0,36,18.45,RENT,home_improvement,0
755,31094.62,18312.58,0.5,0.422,0,36,8.29,OWN,debt_consolidation,0
469,21198.3,11780.55,12.1,0.018,1,60,18.23,OWN,debt_consolidation,1
376,59193.04,34613.26,7.7,0.326,0,36,19.3,MORTGAGE,debt_consolidation,0
705,21780.49,2051.87,0.3,0.554,1,60,9.3,RENT,other,0
536,49725.75,36886.01,4.9,0.907,0,60,15.55,MORTGAGE,home_improvement,1
352,102517.19,36387.42,4.0,0.202,0,36,21.49,RENT,debt_consolidation,0
680,104093.55,40071.38,11.0,0.181,2,36,9.74,MORTGAGE,major_purchase,0
415,21749.4,4937.12,2.4,0.533,0,36,16.52,MORTGAGE,debt_consolidation,0
778,56065.97,5741.37,0.7,0.054,0,60,8.29,MORTGAGE,debt_consolidation,0
758,31412.55,39401.12,5.4,0.273,0,60,10.6,RENT,debt_consolidation,0
503,28655.16,21911.56,3.6,0.413,0,60,16.02,RENT,credit_card,0
606,46580.56,18262.89,2.1,0.395,0,36,14.61,RENT,debt_consolidation,0
612,85197.81,26224.92,36.7,0.373,0,60,14.2,RENT,other,0
660,64205.65,3577.66,4.9,0.304,0,36,12.56,RENT,debt_consolidation,0
338,35531.91,29323.51,2.2,0.298,0,36,20.66,MORTGAGE,debt_consolidation,0
478,67323.54,42583.66,1.3,0.276,0,60,16.0,MORTGAGE,debt_consolidation,1
393,17860.22,30731.68,12.0,0.34,0,60,19.43,MORTGAGE,credit_card,1
684,34932.55,21439.54,0.3,0.36,0,36,9.41,RENT,debt_consolidation,0
338,33834.92,43278.76,9.7,0.152,3,36,21.87,MORTGAGE,major_purchase,1
584,50779.31,31294.72,0.6,0.112,0,60,13.23,OWN,credit_card,0
701,44744.66,3506.26,0.4,0.399,0,36,10.12,MORTGAGE,other,0
822,45997.3,30482.05,2.8,0.29,2,36,6.56,MORTGAGE,debt_consolidation,0
458,45314.22,3626.62,5.0,0.365,0,36,16.44,RENT,credit_card,0
304,49517.59,14518.11,14.6,0.311,0,60,21.21,RENT,other,0
698,62508.57,28090.07,1.1,0.245,0,60,10.85,MORTGAGE,credit_card,0
300,52428.15,10487.1,0.0,0.162,0,36,20.61,OWN,debt_consolidation,0
336,43132.92,2680.32,0.2,0.165,0,60,19.61,MORTGAGE,debt_consolidation,0
845,58734.74,28189.96,2.1,0.569,1,36,5.08,MORTGAGE,home_improvement,0
775,71093.81,13577.72,2.1,0.404,0,60,8.23,MORTGAGE,debt_consolidation,0
689,38169.36,24450.43,2.9,0.569,0,60,8.72,MORTGAGE,credit_card,0
760,47727.77,12490.41,0.7,0.154,0,60,7.73,MORTGAGE,other,0
341,82690.33,31202.87,9.0,0.169,2,60,17.99,RENT,credit_card,0
348,29844.56,40410.86,2.7,0.233,1,36,18.64,MORTGAGE,debt_consolidation,1
465,110427.67,4808.85,0.4,0.182,0,36,16.67,RENT,credit_card,0
313,26832.8,35598.02,9.3,0.253,0,60,21.97,MORTGAGE,home_improvement,1
789,41964.78,7868.18,2.1,0.559,0,36,7.86,OWN,credit_card,0
331,31965.56,15494.03,4.4,0.204,2,60,21.05,RENT,debt_consolidation,1
599,131211.68,16724.07,12.5,0.231,0,36,12.59,RENT,credit_card,0
770,39084.94,10077.64,3.6,0.366,1,36,9.73,RENT,credit_card,0
704,39129.09,4310.31,0.0,0.344,0,36,9.66,RENT,credit_card,0
429,41488.15,34813.41,0.0,0.591,1,36,16.47,OWN,other,1
559,51175.76,35919.61,30.5,0.382,0,60,16.1,RENT,other,1
602,42285.57,44860.66,2.7,0.172,0,60,12.13,MORTGAGE,major_purchase,1
723,46175.33,42122.59,2.1,0.241,0,36,9.33,MORTGAGE,other,0
534,10015.16,20124.27,0.2,0.168,0,60,16.34,MORTGAGE,other,0
457,50298.07,6869.07,3.0,0.292,0,60,16.63,OWN,debt_consolidation,0
738,49415.18,1470.8,5.5,0.277,0,36,10.58,MORTGAGE,debt_consolidation,0
788,78225.89,24386.77,19.3,0.152,1,36,7.93,RENT,debt_consolidation,0
569,88351.41,38864.92,0.1,0.192,0,60,14.77,MORTGAGE,debt_consolidation,1
315,45050.14,12787.76,4.6,0.098,0,36,21.83,MORTGAGE,debt_consolidation,1
575,70777.97,9753.42,3.0,0.279,0,60,13.68,MORTGAGE,debt_consolidation,0
789,29860.57,20313.95,1.1,0.532,0,36,9.63,OWN,debt_consolidation,0
844,69237.93,40315.44,1.7,0.244,0,60,7.07,MORTGAGE,debt_consolidation,0
520,37887.85,20873.65,7.3,0.437,0,60,13.49,RENT,home_improvement,0
382,28764.18,32799.37,5.1,0.488,0,36,19.05,RENT,major_purchase,1
615,45093.13,21351.15,1.2,0.244,0,36,13.76,RENT,debt_consolidation,0
757,92061.55,17410.19,3.1,0.282,1,60,5.85,RENT,home_improvement,0
820,53180.79,20400.13,0.8,0.252,0,36,5.87,OWN,credit_card,0
328,96126.44,34809.62,5.7,0.086,0,36,22.46,RENT,home_improvement,1
460,34998.84,34193.87,0.8,0.179,0,36,17.72,OWN,debt_consolidation,0
563,78553.33,19997.36,4.9,0.342,0,60,13.71,MORTGAGE,major_purchase,0
354,36553.35,12775.17,2.7,0.152,0,36,21.28,MORTGAGE,credit_card,1
788,54252.15,7121.59,3.8,0.302,0,36,10.41,MORTGAGE,major_purchase,0
361,54041.49,1060.27,7.8,0.279,0,36,19.1,RENT,debt_consolidation,0
666,66017.25,5983.33,5.8,0.336,0,36,9.87,RENT,other,0
806,54876.1,8244.83,3.1,0.419,0,60,9.34,RENT,home_improvement,0
677,35149.55,31357.26,0.1,0.248,0,36,12.24,MORTGAGE,other,0
720,72848.57,36988.3,5.4,0.338,1,60,9.43,MORTGAGE,credit_card,0
445,106856.86,33425.61,8.3,0.12,3,36,17.85,MORTGAGE,debt_consolidation,1
755,37695.22,32822.24,10.8,0.105,0,60,9.78,MORTGAGE,credit_card,0
530,21464.28,44750.11,3.9,0.202,3,60,16.33,MORTGAGE,debt_consolidation,1
333,61371.07,43354.3,0.3,0.344,0,60,22.14,MORTGAGE,debt_consolidation,1
501,42233.49,12829.28,2.5,0.292,0,36,15.17,OWN,credit_card,0
492,46212.41,7384.43,0.9,0.184,2,36,16.1,MORTGAGE,debt_consolidation,0
587,62961.58,7745.12,0.8,0.373,0,36,15.99,MORTGAGE,debt_consolidation,0
445,39919.63,40406.69,8.4,0.308,0,60,18.57,MORTGAGE,debt_consolidation,0
554,43434.82,5503.26,0.1,0.402,0,60,16.62,RENT,home_improvement,1
535,46861.24,15966.34,1.4,0.118,0,36,15.4,OWN,major_purchase,1
480,94976.93,24335.25,0.6,0.113,0,36,16.15,RENT,debt_consolidation,0
683,49688.63,27991.82,7.0,0.115,0,36,9.72,RENT,debt_consolidation,0
468,28111.86,27212.24,15.1,0.112,1,36,16.62,RENT,home_improvement,0
721,28619.82,35601.94,1.7,0.206,2,36,11.22,OWN,home_improvement,0
438,52190.38,26154.5,2.3,0.098,2,60,18.11,MORTGAGE,major_purchase,0
776,29488.55,38446.05,0.9,0.445,0,60,6.41,RENT,debt_consolidation,0
501,24269.2,4723.73,7.1,0.217,0,36,14.98,RENT,other,0
322,65250.64,38794.48,8.3,0.523,1,36,24.17,RENT,debt_consolidation,1
382,66704.27,26960.14,4.6,0.158,0,36,18.61,RENT,debt_consolidation,0
744,41536.95,10809.03,1.3,0.578,3,36,9.4,RENT,credit_card,0
780,55946.25,44020.7,1.0,0.399,0,60,9.11,MORTGAGE,other,0
416,53351.36,42348.31,4.8,0.097,2,36,18.25,RENT,debt_consolidation,1
631,64285.46,38211.94,10.5,0.38,0,36,9.52,OWN,home_improvement,0
616,64352.91,41110.23,36.8,0.565,0,36,11.33,RENT,major_purchase,0
373,15174.86,17814.24,8.4,0.726,2,60,18.74,MORTGAGE,other,1
549,43992.55,11023.41,5.9,0.105,0,60,13.04,OWN,major_purchase,0
682,61886.47,9047.77,2.0,0.096,2,36,12.6,RENT,debt_consolidation,0
832,40753.4,39445.44,3.3,0.305,0,36,7.48,RENT,major_purchase,0
767,49825.95,37371.78,7.3,0.37,0,60,9.9,MORTGAGE,major_purchase,0
353,68721.34,44161.29,26.1,0.419,0,36,19.38,OWN,other,0
430,50838.86,38323.09,4.3,0.058,2,60,17.93,MORTGAGE,debt_consolidation,1
540,96622.19,28824.1,2.8,0.092,0,36,16.25,RENT,credit_card,0
382,81401.08,7260.4,3.6,0.117,0,36,17.49,RENT,credit_card,0
614,46473.9,8253.29,2.7,0.048,0,36,15.08,MORTGAGE,home_improvement,0
304,44841.05,21842.78,2.7,0.052,0,60,23.27,RENT,debt_consolidation,0
362,13593.6,34783.0,1.5,0.183,0,36,20.7,RENT,debt_consolidation,1
326,42322.49,8624.12,2.6,0.288,0,36,20.5,RENT,debt_consolidation,0
462,26662.92,41282.77,4.3,0.175,1,36,15.7,MORTGAGE,home_improvement,1
720,54152.17,31086.79,4.1,0.171,0,60,10.59,RENT,home_improvement,0
397,52511.73,14741.6,2.5,0.053,0,60,21.0,MORTGAGE,debt_consolidation,0
843,67046.06,39973.42,4.9,0.479,0,36,6.65,RENT,credit_card,0
448,91904.17,27339.74,1.7,0.497,0,60,18.47,MORTGAGE,credit_card,0
324,48444.73,33258.97,0.7,0.125,0,36,22.11,OWN,debt_consolidation,0
484,136787.97,17959.46,1.5,0.449,0,36,16.86,OWN,debt_consolidation,0
712,54426.32,18316.22,3.2,0.567,1,36,10.62,RENT,credit_card,0
358,27184.51,1555.17,4.2,0.406,0,36,22.15,MORTGAGE,debt_consolidation,0
339,38065.65,24667.69,2.0,0.243,0,36,21.55,OWN,home_improvement,0
767,41450.86,34475.06,8.4,0.695,0,60,8.58,MORTGAGE,debt_consolidation,0
626,63988.41,43628.28,3.6,0.384,0,36,11.56,OWN,debt_consolidation,0
489,32007.88,40257.98,8.9,0.48,0,60,17.5,OWN,debt_consolidation,0
716,42869.28,4827.61,8.7,0.262,0,60,10.0,RENT,credit_card,0
765,45594.02,44142.89,9.7,0.366,0,36,8.6,RENT,debt_consolidation,0
497,40068.49,7577.15,4.8,0.239,0,36,16.94,MORTGAGE,credit_card,0
609,70624.82,2809.03,8.3,0.203,0,60,13.04,MORTGAGE,home_improvement,0
306,65420.74,33952.91,22.4,0.025,0,36,22.29,RENT,other,0
468,82863.94,40859.0,6.5,0.138,0,60,17.35,OWN,credit_card,0
627,42236.44,42790.45,0.4,0.114,0,36,12.07,RENT,debt_consolidation,0
408,84215.76,37298.95,1.1,0.153,0,60,19.92,OWN,home_improvement,1
846,26534.51,10015.87,10.5,0.395,0,36,4.0,RENT,debt_consolidation,0
835,26244.9,7776.13,1.3,0.411,0,36,7.14,MORTGAGE,debt_consolidation,0
441,28389.91,3594.61,0.8,0.15,0,60,16.68,OWN,home_improvement,0
518,49224.43,26606.64,3.8,0.496,0,36,17.04,MORTGAGE,debt_consolidation,1
404,84210.1,22437.73,7.7,0.492,0,36,16.78,RENT,credit_card,0
577,37385.42,5808.48,2.4,0.147,0,36,13.3,RENT,credit_card,0
368,39556.61,21452.39,3.2,0.396,0,36,20.5,MORTGAGE,debt_consolidation,1
515,44479.87,25962.24,1.8,0.38,0,36,15.58,MORTGAGE,home_improvement,0
605,63435.1,32810.0,6.0,0.166,0,36,12.27,MORTGAGE,major_purchase,0
637,39540.02,19224.69,2.9,0.335,2,36,13.51,MORTGAGE,debt_consolidation,0
628,38559.68,15007.51,2.1,0.464,0,36,10.88,RENT,credit_card,0
422,26757.55,30289.88,0.4,0.206,0,36,18.57,RENT,credit_card,0
736,37900.72,31105.84,6.2,0.464,1,36,8.56,MORTGAGE,credit_card,0
681,83271.18,12898.86,0.5,0.521,0,36,11.84,MORTGAGE,major_purchase,0
714,51068.17,1872.22,0.3,0.616,0,60,9.26,RENT,debt_consolidation,0
557,35138.95,42610.39,14.2,0.209,1,60,14.53,OWN,debt_consolidation,0
791,85499.41,34232.6,2.3,0.073,0,36,7.35,MORTGAGE,home_improvement,0
514,37671.3,9848.59,1.0,0.128,0,60,15.7,MORTGAGE,debt_consolidation,1
743,92872.24,25889.29,9.5,0.487,0,60,9.29,MORTGAGE,credit_card,0
412,92191.49,27177.69,0.6,0.291,1,36,18.79,RENT,home_improvement,0
436,50272.09,6543.5,5.0,0.53,0,36,17.97,OWN,other,0
590,24975.55,9432.91,4.0,0.465,0,36,12.73,MORTGAGE,major_purchase,0
606,137348.29,43095.09,11.5,0.657,0,36,13.38,MORTGAGE,debt_consolidation,0
711,58353.48,23352.48,1.4,0.3,0,60,8.63,MORTGAGE,debt_consolidation,0
463,42372.33,9423.46,1.1,0.546,0,36,17.71,MORTGAGE,credit_card,0
780,75377.01,36093.29,0.5,0.116,0,60,8.02,OWN,credit_card,0
481,67240.85,21705.23,0.5,0.106,0,36,14.05,RENT,debt_consolidation,0
594,88426.08,29090.13,2.0,0.422,0,60,13.68,OWN,credit_card,0
813,36386.15,14090.07,7.6,0.521,0,36,9.11,RENT,other,0
597,56574.47,3547.78,11.1,0.548,0,36,13.24,RENT,credit_card,0
675,28749.0,8257.55,0.2,0.248,1,36,11.31,OWN,other,0
800,66161.27,43813.62,5.8,0.468,0,36,6.6,MORTGAGE,debt_consolidation,0
836,48517.25,28437.89,2.5,0.223,0,36,9.26,RENT,credit_card,0
575,55628.68,37567.75,0.2,0.351,0,36,16.69,RENT,debt_consolidation,0
529,45896.43,1946.86,3.4,0.295,0,36,17.42,MORTGAGE,home_improvement,0
408,43785.37,34680.35,0.1,0.144,0,60,21.38,RENT,debt_consolidation,0
596,33166.51,22337.89,6.2,0.207,0,36,12.33,RENT,other,0
806,69961.03,30273.55,0.3,0.126,0,60,5.76,MORTGAGE,debt_consolidation,0
568,95833.43,16761.02,2.7,0.126,0,36,17.61,RENT,credit_card,0
492,38158.33,28318.23,3.5,0.082,0,36,16.22,RENT,home_improvement,0
359,62886.9,2567.27,3.5,0.375,0,60,19.29,MORTGAGE,credit_card,0
514,59544.7,3005.9,1.6,0.538,0,60,16.33,MORTGAGE,other,0
430,49199.76,36148.8,7.9,0.506,1,60,16.88,RENT,debt_consolidation,0
838,24662.32,6476.47,16.3,0.109,0,36,6.67,MORTGAGE,debt_consolidation,0
590,27290.15,1615.29,0.1,0.402,0,36,12.57,RENT,home_improvement,0
375,34494.6,41148.09,0.3,0.427,0,60,20.9,OWN,credit_card,0
337,18721.87,12683.4,0.2,0.331,1,36,19.88,MORTGAGE,home_improvement,1
768,92375.2,26624.82,0.1,0.368,1,36,6.96,MORTGAGE,credit_card,0
813,57841.77,37912.35,4.6,0.291,2,60,5.95,MORTGAGE,home_improvement,0
720,48364.32,33819.91,4.2,0.241,1,36,10.19,RENT,credit_card,0
368,18295.2,3051.62,2.0,0.304,1,60,19.28,RENT,debt_consolidation,0
354,21574.3,25681.74,5.4,0.123,3,60,21.48,RENT,debt_consolidation,1
409,48969.18,24839.11,12.2,0.121,0,36,18.79,MORTGAGE,debt_consolidation,0
713,118981.17,16403.53,1.7,0.478,0,60,10.72,OWN,other,0
721,35796.67,34156.77,0.7,0.251,0,60,8.62,RENT,other,0
761,72309.38,43416.25,0.0,0.442,1,60,8.39,OWN,credit_card,0
353,39499.52,7476.21,10.9,0.161,0,36,20.42,RENT,home_improvement,0
384,50254.62,7389.86,6.0,0.553,0,36,18.59,RENT,debt_consolidation,0
796,84677.71,33328.38,3.6,0.519,0,36,6.97,RENT,home_improvement,0
811,41953.69,20994.32,4.4,0.366,0,36,7.61,RENT,credit_card,0
699,35934.49,35989.63,0.3,0.236,1,36,8.36,MORTGAGE,credit_card,0
358,92793.49,7207.41,5.5,0.56,0,60,19.77,RENT,debt_consolidation,0
337,50036.15,2753.73,2.8,0.439,2,60,20.77,MORTGAGE,credit_card,0
330,80100.89,31709.1,1.6,0.088,0,36,19.57,OWN,debt_consolidation,0
681,36013.1,44767.29,2.1,0.227,0,36,8.44,MORTGAGE,debt_consolidation,0
766,92318.83,5171.12,1.1,0.192,1,36,8.35,RENT,credit_card,0
648,55444.19,39030.87,19.2,0.202,0,60,10.68,RENT,debt_consolidation,0
444,59614.52,17952.75,5.2,0.226,0,36,15.75,MORTGAGE,debt_consolidation,0
717,52012.18,1738.74,3.5,0.203,0,36,8.86,OWN,debt_consolidation,0
332,39047.58,23440.96,0.3,0.254,1,60,21.37,RENT,credit_card,0
756,48983.69,13269.59,0.3,0.122,0,36,9.2,OWN,debt_consolidation,0
791,40168.34,31509.74,11.1,0.273,0,36,7.42,OWN,other,0
695,75493.04,13664.55,7.9,0.19,0,60,11.86,MORTGAGE,other,0
784,44740.05,22194.81,0.8,0.532,0,60,8.72,MORTGAGE,debt_consolidation,0
622,24998.52,9824.87,1.6,0.371,0,36,11.17,MORTGAGE,credit_card,0
558,23023.24,37436.48,5.4,0.336,3,60,13.77,OWN,home_improvement,0
477,22538.42,41718.98,5.0,0.553,0,36,14.29,MORTGAGE,debt_consolidation,0
807,64736.91,18746.77,2.2,0.22,3,36,8.87,RENT,home_improvement,0
684,29197.05,20750.72,3.8,0.405,0,36,10.25,MORTGAGE,credit_card,0
404,56108.28,44238.08,5.5,0.144,1,36,21.58,RENT,debt_consolidation,0
827,52128.05,7253.08,9.0,0.056,0,60,6.12,MORTGAGE,debt_consolidation,0
332,47613.95,36579.26,0.8,0.147,0,60,20.82,MORTGAGE,debt_consolidation,0
623,59711.65,25960.26,2.0,0.368,0,36,13.28,RENT,major_purchase,0
404,52640.26,39752.31,5.4,0.141,0,36,21.1,RENT,credit_card,0
666,14481.42,13866.86,0.6,0.132,0,60,13.67,MORTGAGE,debt_consolidation,0
527,42377.32,14030.95,34.9,0.532,0,36,15.39,MORTGAGE,credit_card,0
540,59355.28,15336.08,15.3,0.087,0,60,14.91,OWN,credit_card,0
670,102552.2,1731.77,4.5,0.221,0,60,10.52,RENT,credit_card,0
716,104705.4,8475.29,1.7,0.38,1,60,12.13,OWN,debt_consolidation,0
509,26544.62,44761.81,5.1,0.228,2,36,16.72,MORTGAGE,home_improvement,1
849,41882.51,11953.74,21.5,0.251,1,60,5.28,RENT,major_purchase,0
574,24227.61,1876.35,0.4,0.369,0,36,15.16,RENT,credit_card,0
388,97143.86,13255.77,4.0,0.09,0,60,20.24,RENT,debt_consolidation,0
303,77325.98,18969.17,4.0,0.11,0,36,21.08,MORTGAGE,debt_consolidation,1
411,57397.99,25102.64,1.1,0.114,0,60,18.14,OWN,debt_consolidation,0
680,52825.15,4016.9,5.4,0.362,0,36,9.53,MORTGAGE,major_purchase,0
597,91243.22,35778.87,1.0,0.18,2,36,14.73,RENT,home_improvement,0
486,84549.83,37322.06,4.7,0.238,0,60,15.93,RENT,other,0
565,82546.75,10379.07,0.5,0.479,0,36,12.83,RENT,debt_consolidation,0
761,60204.71,36130.4,13.0,0.534,0,60,10.35,RENT,major_purchase,0
614,41891.88,16902.78,12.8,0.242,0,60,13.24,RENT,major_purchase,0
332,69231.15,19616.85,18.1,0.271,0,36,18.48,MORTGAGE,other,1
327,70772.01,42201.08,0.8,0.258,1,36,22.06,MORTGAGE,debt_consolidation,1
565,44990.79,40243.79,13.2,0.322,0,36,11.94,RENT,other,1
522,41853.8,17504.87,7.3,0.214,0,36,14.55,RENT,home_improvement,0
768,81633.17,22476.85,0.6,0.407,0,60,8.91,MORTGAGE,home_improvement,0
621,103657.99,13607.05,1.6,0.109,1,36,13.15,RENT,debt_consolidation,0
717,34988.4,23679.11,5.8,0.087,0,36,8.93,RENT,debt_consolidation,0
622,43541.97,31003.95,0.1,0.143,0,36,11.02,RENT,other,0
490,57406.91,5077.38,0.3,0.17,0,36,18.62,OWN,major_purchase,0
662,61020.77,41473.01,0.2,0.329,3,36,13.25,MORTGAGE,major_purchase,0
642,38751.9,32630.45,14.1,0.414,0,60,11.69,RENT,debt_consolidation,0
696,114414.64,5257.12,0.3,0.342,0,60,10.4,MORTGAGE,credit_card,0
404,59275.0,39235.52,1.2,0.135,0,36,18.07,MORTGAGE,credit_card,1
653,62262.99,33722.05,0.4,0.426,3,36,11.35,MORTGAGE,debt_consolidation,0
457,108174.16,14777.58,11.0,0.273,0,60,17.41,MORTGAGE,debt_consolidation,0
735,40051.53,23943.06,5.5,0.553,0,36,10.23,OWN,debt_consolidation,0
739,47108.36,38845.75,2.5,0.181,1,36,7.17,MORTGAGE,debt_consolidation,0
644,27889.48,43597.53,8.5,0.149,2,60,12.45,MORTGAGE,credit_card,1
821,45362.56,13367.41,4.4,0.375,0,36,8.67,RENT,debt_consolidation,0
596,25083.93,29624.56,7.2,0.08,0,60,12.93,RENT,credit_card,0
313,68633.24,38850.86,3.3,0.306,0,60,20.38,RENT,credit_card,1
634,59219.05,44479.34,5.2,0.229,0,36,13.56,MORTGAGE,credit_card,0
728,43274.5,4111.61,6.2,0.316,0,36,8.18,MORTGAGE,credit_card,0
355,46854.83,23159.37,1.4,0.228,0,36,18.77,MORTGAGE,debt_consolidation,0
357,69055.09,39441.29,4.1,0.162,1,36,18.09,RENT,major_purchase,1
450,29404.17,1138.96,2.2,0.188,0,60,18.19,MORTGAGE,debt_consolidation,1
765,53737.99,20238.35,1.3,0.366,0,60,6.9,MORTGAGE,credit_card,0
590,67156.39,26704.74,2.1,0.151,0,36,11.48,OWN,major_purchase,0
838,21981.94,24165.57,3.0,0.476,0,36,6.46,RENT,home_improvement,0
781,66717.47,33242.0,16.9,0.375,0,36,6.66,RENT,home_improvement,0
605,23078.85,3882.97,10.0,0.181,0,36,13.79,OWN,major_purchase,0
674,46494.18,35558.34,4.3,0.15,0,36,11.68,RENT,other,0
482,29041.29,13459.5,17.1,0.197,0,36,16.74,MORTGAGE,debt_consolidation,0
349,93345.32,37266.09,0.8,0.094,0,60,19.58,OWN,other,0
519,29123.35,19457.47,0.1,0.217,0,36,16.54,MORTGAGE,other,1
626,23328.11,2888.42,1.1,0.522,0,36,10.75,MORTGAGE,debt_consolidation,0
400,52052.52,43412.25,5.8,0.541,0,36,20.41,RENT,debt_consolidation,0
422,40693.91,35344.17,9.3,0.026,1,36,18.11,MORTGAGE,home_improvement,0
308,24907.58,16303.91,5.5,0.049,1,36,21.59,OWN,major_purchase,1
704,62107.18,12881.2,0.0,0.342,0,60,10.63,MORTGAGE,credit_card,0
795,20006.76,26914.4,15.0,0.429,3,60,9.1,OWN,credit_card,0
755,30751.42,44440.96,1.8,0.213,0,36,9.08,RENT,debt_consolidation,0
509,37841.13,13767.34,10.4,0.265,0,36,15.32,MORTGAGE,home_improvement,0
626,70333.26,42723.93,1.7,0.075,0,60,13.17,OWN,credit_card,0
829,87812.64,15537.03,14.1,0.555,0,36,7.92,OWN,debt_consolidation,0
625,80519.29,31980.3,0.8,0.368,0,36,13.73,RENT,other,0
463,45753.65,17796.31,2.3,0.703,0,36,17.47,MORTGAGE,debt_consolidation,1
486,16443.92,4742.3,1.0,0.349,0,36,16.83,RENT,credit_card,0
700,58447.48,42192.33,0.5,0.151,0,36,10.8,RENT,major_purchase,0
545,95011.97,8212.83,1.1,0.176,2,36,15.86,RENT,home_improvement,0
761,85408.91,42566.42,2.7,0.104,0,60,8.4,RENT,debt_consolidation,0
776,60374.8,5545.5,11.7,0.5,0,36,8.33,MORTGAGE,other,0
319,28702.05,12745.69,13.2,0.241,0,60,21.59,MORTGAGE,debt_consolidation,0
698,38700.66,41520.63,14.4,0.129,2,36,8.71,RENT,major_purchase,0
503,117033.61,29975.8,0.2,0.344,0,36,15.33,RENT,credit_card,0
586,25912.27,9337.27,0.8,0.157,0,60,14.86,RENT,debt_consolidation,0
445,29245.22,27052.11,13.4,0.29,0,60,20.13,RENT,debt_consolidation,1
502,74917.91,8937.21,9.9,0.226,0,36,16.2,RENT,debt_consolidation,0
482,40375.5,39475.45,7.2,0.124,0,60,16.55,MORTGAGE,debt_consolidation,0
327,28802.29,3192.46,16.4,0.105,0,60,20.54,OWN,major_purchase,0
731,97497.99,24310.22,10.5,0.103,2,36,6.55,RENT,debt_consolidation,0
378,60323.39,3792.81,7.3,0.09,1,36,21.59,MORTGAGE,home_improvement,0
507,41282.31,31581.0,7.4,0.119,0,36,15.03,MORTGAGE,debt_consolidation,0
406,29272.43,42175.08,0.8,0.577,0,36,16.91,RENT,debt_consolidation,1
388,123171.5,37566.92,0.1,0.396,0,36,19.79,RENT,credit_card,0
505,48484.37,17356.02,10.3,0.305,2,36,16.03,RENT,other,0
806,91931.37,11423.82,0.8,0.455,0,60,9.84,MORTGAGE,debt_consolidation,0
820,73286.75,6325.21,3.7,0.142,0,36,7.45,RENT,home_improvement,0
510,38777.45,39439.46,1.0,0.161,1,60,17.79,MORTGAGE,credit_card,0
578,38916.61,4568.8,4.5,0.116,0,60,14.77,RENT,debt_consolidation,0
843,93980.42,28668.48,0.8,0.508,2,36,5.49,MORTGAGE,credit_card,0
429,94668.14,17159.77,17.6,0.252,0,60,21.27,MORTGAGE,credit_card,0
820,21065.41,44814.25,5.1,0.379,0,36,8.83,MORTGAGE,major_purchase,0
358,62780.58,23388.23,4.3,0.133,0,36,21.01,RENT,other,0
424,46418.5,25146.8,0.4,0.159,0,60,19.74,OWN,credit_card,1
486,30791.83,41387.11,8.8,0.287,0,60,17.02,MORTGAGE,debt_consolidation,0
320,55148.55,43664.02,1.7,0.493,0,60,21.7,MORTGAGE,credit_card,1
749,26707.01,26680.0,2.1,0.178,0,36,9.53,MORTGAGE,major_purchase,0
771,39739.27,36032.01,14.9,0.63,0,36,10.83,RENT,home_improvement,0
511,34224.15,28929.74,0.5,0.349,0,36,17.35,RENT,debt_consolidation,0
760,39147.58,19805.62,12.9,0.236,0,60,8.62,RENT,debt_consolidation,0
725,47469.12,3521.88,8.7,0.255,0,60,9.92,RENT,debt_consolidation,0
741,31038.85,32580.73,9.0,0.13,3,36,7.3,RENT,credit_card,0
742,99501.76,31811.56,11.8,0.258,0,60,9.32,OWN,debt_consolidation,0
615,61204.59,6134.9,4.4,0.131,0,36,13.59,RENT,debt_consolidation,0
361,109924.97,11123.03,6.8,0.52,2,60,20.73,RENT,credit_card,1
808,45613.73,33213.64,15.6,0.06,3,36,7.48,MORTGAGE,credit_card,0
635,38293.85,7587.33,0.2,0.544,3,36,11.46,RENT,major_purchase,0
796,108151.36,31401.14,15.0,0.495,0,36,8.67,RENT,credit_card,0
828,37792.77,32591.0,3.2,0.224,0,60,7.87,OWN,major_purchase,0
403,45241.43,16547.13,1.0,0.428,0,36,19.11,MORTGAGE,debt_consolidation,1
521,67779.92,12360.0,2.9,0.126,1,60,15.68,MORTGAGE,credit_card,0
406,28085.91,17413.73,1.0,0.086,0,36,18.89,MORTGAGE,credit_card,0
328,67513.48,16804.65,0.2,0.415,0,36,21.57,RENT,other,1
832,63736.09,27708.87,1.7,0.181,0,36,7.16,MORTGAGE,home_improvement,0
808,86785.64,33729.33,1.6,0.087,1,36,5.24,RENT,home_improvement,0
813,73168.48,38917.12,0.5,0.332,0,36,6.51,MORTGAGE,other,0
786,87991.04,2319.66,1.9,0.576,0,36,6.33,RENT,debt_consolidation,0
657,46644.49,32968.27,13.3,0.279,0,36,10.96,MORTGAGE,major_purchase,0
587,33249.61,14824.18,5.6,0.171,0,60,15.12,MORTGAGE,major_purchase,1
846,126689.37,37900.25,12.4,0.265,0,60,4.93,RENT,other,0
604,24661.21,4331.55,2.7,0.26,0,36,11.24,RENT,credit_card,0
653,25798.44,25251.68,1.4,0.133,0,60,10.13,MORTGAGE,home_improvement,0
416,63215.68,25141.64,19.7,0.068,0,36,18.95,OWN,debt_consolidation,0
711,101848.71,15366.5,3.4,0.328,0,36,10.9,OWN,credit_card,0
751,53385.68,43693.49,3.2,0.014,2,60,8.91,MORTGAGE,credit_card,0
673,76855.83,5704.62,2.1,0.233,0,60,8.64,MORTGAGE,debt_consolidation,0
574,19968.05,7001.48,8.6,0.42,0,60,13.17,MORTGAGE,other,0
409,39151.92,29347.42,0.2,0.237,0,60,20.79,RENT,other,0
318,21093.57,23629.17,0.8,0.294,0,60,21.59,MORTGAGE,other,1
645,69646.31,12636.55,1.1,0.37,0,36,9.46,MORTGAGE,debt_consolidation,0
676,24434.37,14387.96,1.7,0.066,0,36,10.07,OWN,debt_consolidation,0
725,27583.73,7909.03,10.6,0.478,1,36,7.13,RENT,home_improvement,0
823,61778.54,39181.62,4.1,0.189,0,36,6.2,RENT,debt_consolidation,0
574,79048.82,26058.83,8.8,0.253,0,36,14.16,RENT,home_improvement,0
756,45636.56,11772.72,11.0,0.342,0,60,8.54,RENT,credit_card,0
694,63359.34,18310.51,1.4,0.392,0,36,10.07,MORTGAGE,credit_card,0
452,62442.7,40894.14,2.6,0.514,0,60,20.08,OWN,credit_card,0
765,44491.7,40021.01,5.7,0.164,0,36,8.74,RENT,debt_consolidation,0
329,29952.93,4040.69,5.8,0.128,0,36,20.73,RENT,debt_consolidation,1
629,63208.95,29780.41,0.1,0.267,0,60,13.36,RENT,other,0
818,64595.05,7730.73,2.2,0.577,0,60,7.87,MORTGAGE,credit_card,0
663,73299.64,10278.87,1.4,0.33,1,60,11.93,OWN,debt_consolidation,0
816,56411.59,39025.13,0.6,0.06,0,36,10.28,MORTGAGE,debt_consolidation,0
330,28974.61,40388.37,4.5,0.049,0,36,20.23,MORTGAGE,credit_card,1
593,66879.85,4638.44,1.3,0.538,1,36,14.99,MORTGAGE,debt_consolidation,0
730,48990.34,39452.63,4.7,0.388,1,60,10.89,OWN,credit_card,0
653,39449.16,33053.72,3.9,0.498,1,60,9.99,MORTGAGE,home_improvement,0
785,42933.77,35131.26,2.1,0.462,0,36,8.55,MORTGAGE,debt_consolidation,0
554,35932.03,35839.87,1.7,0.256,0,36,13.46,OWN,home_improvement,0
676,73128.96,23318.26,0.5,0.177,0,60,11.16,MORTGAGE,debt_consolidation,0
531,25896.12,42663.94,0.2,0.207,0,36,16.77,RENT,home_improvement,0
780,31348.8,9815.82,2.6,0.455,0,36,8.21,OWN,debt_consolidation,0
365,42279.27,23218.46,2.2,0.112,0,60,17.48,MORTGAGE,debt_consolidation,0
440,101335.08,15016.31,2.6,0.388,0,60,18.88,MORTGAGE,debt_consolidation,1
353,78780.93,37186.97,3.7,0.509,0,36,18.57,RENT,credit_card,0
686,23426.46,4638.83,3.7,0.273,0,60,10.2,OWN,major_purchase,0
428,90048.72,20081.85,8.8,0.205,1,60,19.76,MORTGAGE,credit_card,0
474,89970.68,35033.02,9.5,0.163,0,36,15.54,MORTGAGE,other,0
760,28902.87,14743.0,5.3,0.438,0,36,9.21,MORTGAGE,debt_consolidation,0
498,15761.79,11580.96,0.7,0.307,2,36,15.37,MORTGAGE,credit_card,0
380,47453.25,12552.16,2.8,0.078,0,60,16.96,OWN,credit_card,0
311,81234.15,32397.96,1.7,0.243,1,36,20.8,MORTGAGE,debt_consolidation,1
424,100314.74,13618.44,1.2,0.289,1,60,17.59,MORTGAGE,credit_card,0
803,33127.79,18718.08,9.9,0.111,0,36,5.82,OWN,credit_card,0
602,107838.56,25009.4,1.8,0.161,2,36,13.24,MORTGAGE,debt_consolidation,0
848,17987.47,42393.44,0.5,0.106,0,60,6.15,RENT,debt_consolidation,0
418,41538.55,35951.29,0.4,0.102,1,36,18.05,RENT,debt_consolidation,1
493,40629.72,9152.39,3.3,0.276,0,36,15.9,MORTGAGE,debt_consolidation,0
389,82335.01,39855.71,22.8,0.242,2,60,20.22,RENT,home_improvement,0
519,87924.71,38169.77,0.4,0.021,0,36,13.97,MORTGAGE,credit_card,0
610,75312.44,33789.88,8.4,0.32,0,36,14.44,OWN,debt_consolidation,0
745,26695.56,23743.86,7.9,0.327,0,60,8.29,MORTGAGE,other,0
502,72271.02,4071.86,1.6,0.065,0,60,15.69,RENT,home_improvement,1
725,61640.16,32306.23,1.8,0.291,0,36,8.51,OWN,debt_consolidation,0
645,23108.24,23807.06,10.8,0.793,1,36,10.54,MORTGAGE,debt_consolidation,1
460,19338.32,14630.1,4.7,0.47,0,36,18.57,RENT,debt_consolidation,0
802,78205.49,1437.27,25.2,0.245,0,36,6.39,RENT,credit_card,0
539,45204.65,11166.16,7.3,0.117,0,36,15.67,MORTGAGE,debt_consolidation,0
383,27492.49,27650.37,15.3,0.234,2,36,20.08,MORTGAGE,debt_consolidation,1
830,44637.19,5941.49,5.2,0.104,2,60,6.28,MORTGAGE,other,0
803,57746.53,29838.42,4.4,0.544,0,36,8.72,RENT,other,0
327,47226.81,37065.57,6.6,0.146,0,60,21.34,RENT,credit_card,0
797,24382.14,14999.85,2.9,0.336,0,36,4.9,MORTGAGE,major_purchase,0
822,114519.52,4607.36,5.8,0.199,0,36,6.04,RENT,debt_consolidation,0
756,77025.98,7146.75,0.8,0.283,0,36,12.09,OWN,home_improvement,0
440,42153.8,16747.99,6.5,0.427,0,36,17.98,RENT,major_purchase,1
647,42924.9,36791.11,2.3,0.292,1,36,11.81,RENT,major_purchase,0
596,57628.32,28908.26,1.7,0.392,0,60,14.62,RENT,home_improvement,0
641,29485.99,39187.06,1.4,0.263,0,36,13.83,RENT,major_purchase,0
639,56681.57,44754.79,4.0,0.505,0,60,11.0,RENT,debt_consolidation,0
652,26934.69,9912.91,15.4,0.259,0,36,11.78,MORTGAGE,credit_card,0
583,47489.3,31572.14,1.7,0.197,0,36,13.77,OWN,major_purchase,0
680,28973.67,21526.73,3.4,0.233,0,36,9.19,RENT,credit_card,0
590,29639.47,22713.03,5.9,0.535,1,60,13.31,RENT,debt_consolidation,0
309,102803.55,15325.58,2.2,0.552,2,60,22.0,RENT,major_purchase,0
319,50344.85,16070.54,0.1,0.381,1,36,21.21,RENT,home_improvement,1
827,53816.37,30756.41,1.8,0.074,2,60,9.12,RENT,credit_card,0
800,19828.57,28315.33,3.9,0.224,0,60,8.4,RENT,debt_consolidation,0
622,37472.0,15014.16,2.6,0.676,0,60,13.05,RENT,debt_consolidation,0
396,60327.63,6217.56,0.5,0.537,0,36,19.24,RENT,major_purchase,1
730,53495.95,26442.62,4.2,0.088,0,60,10.41,OWN,debt_consolidation,0
378,18595.72,33533.44,11.9,0.266,0,60,19.45,RENT,home_improvement,1
507,53809.86,25579.36,7.9,0.354,0,60,14.09,MORTGAGE,debt_consolidation,0
481,57811.99,1160.63,0.7,0.269,0,60,15.24,RENT,debt_consolidation,0
306,87351.27,13421.88,0.3,0.566,2,36,22.13,MORTGAGE,credit_card,1
744,36502.86,35257.49,0.4,0.153,0,36,10.64,RENT,home_improvement,0
580,17873.4,33672.12,15.5,0.266,0,36,13.33,RENT,debt_consolidation,0
474,31302.5,1458.05,0.1,0.183,0,36,18.04,RENT,debt_consolidation,0
579,29921.15,21693.03,0.3,0.217,0,36,14.44,MORTGAGE,credit_card,0
300,68290.03,20242.0,2.3,0.357,0,60,23.43,OWN,credit_card,1
540,14435.83,29700.38,1.7,0.548,0,60,13.66,MORTGAGE,home_improvement,0
586,40064.25,6499.12,0.5,0.258,0,60,12.28,MORTGAGE,credit_card,0
487,93116.62,28342.27,6.8,0.433,0,36,18.72,MORTGAGE,credit_card,1
757,49180.16,42664.39,5.1,0.104,0,60,6.6,OWN,debt_consolidation,0
437,73375.29,17356.98,4.4,0.054,0,60,18.48,MORTGAGE,debt_consolidation,0
375,23416.37,15843.68,0.8,0.088,0,60,21.75,RENT,debt_consolidation,1
590,23839.63,2244.03,1.4,0.13,2,60,14.08,MORTGAGE,debt_consolidation,0
788,93597.51,3525.38,1.1,0.21,0,36,9.54,OWN,other,0
506,51305.18,41989.19,0.3,0.057,0,36,17.64,MORTGAGE,debt_consolidation,0
325,51352.73,43922.08,2.5,0.458,0,60,22.28,MORTGAGE,credit_card,1
834,29638.55,1248.23,2.3,0.288,0,60,6.92,RENT,credit_card,0
544,51295.17,40629.91,0.1,0.087,0,60,13.53,MORTGAGE,credit_card,0
395,29270.28,8654.24,10.5,0.69,1,36,17.49,RENT,credit_card,1
639,83624.49,25699.78,12.7,0.422,0,60,11.87,OWN,credit_card,0
476,167296.64,30838.2,0.3,0.149,0,36,14.63,RENT,debt_consolidation,0
816,60947.83,16798.58,15.5,0.488,2,36,7.72,MORTGAGE,debt_consolidation,0
461,36837.59,24275.48,27.0,0.31,0,36,20.25,MORTGAGE,debt_consolidation,0
603,15675.49,28611.86,6.5,0.07,0,60,13.24,RENT,credit_card,0
599,22971.08,9532.76,0.9,0.404,0,60,13.75,OWN,credit_card,0
433,98684.96,44747.29,12.6,0.494,3,36,16.67,MORTGAGE,other,1
575,30849.13,9970.8,0.0,0.061,3,36,13.84,RENT,debt_consolidation,0
360,41486.54,1454.89,4.1,0.181,0,36,20.34,MORTGAGE,credit_card,0
654,65834.33,42548.52,11.1,0.207,0,60,11.4,MORTGAGE,other,0
717,95514.22,19881.62,6.7,0.407,0,36,10.36,RENT,other,0
823,44809.97,18539.27,0.3,0.012,0,36,5.98,OWN,home_improvement,0
479,40859.72,13129.54,15.5,0.512,0,36,16.94,MORTGAGE,credit_card,0
457,50626.45,2136.6,9.1,0.085,0,36,18.01,MORTGAGE,home_improvement,0
602,36958.95,12641.0,2.1,0.202,0,36,14.9,MORTGAGE,other,0
681,37864.96,18305.22,2.1,0.564,0,36,11.02,RENT,credit_card,0
846,59003.15,23894.49,1.1,0.394,0,36,5.39,MORTGAGE,debt_consolidation,0
313,53283.46,21136.35,5.8,0.153,0,36,21.44,RENT,debt_consolidation,1
431,127927.94,39677.59,3.0,0.653,3,60,18.75,OWN,credit_card,1
444,59723.57,41098.51,1.8,0.672,3,36,16.69,OWN,debt_consolidation,1
440,82290.87,14954.82,4.3,0.18,1,60,17.04,MORTGAGE,debt_consolidation,0
555,30270.28,43220.4,1.4,0.235,0,36,14.73,RENT,home_improvement,0
780,62088.79,39057.1,3.7,0.412,0,60,5.57,MORTGAGE,debt_consolidation,0
317,35406.77,41815.93,2.1,0.395,0,36,21.34,OWN,debt_consolidation,1
749,58568.6,32078.56,0.4,0.196,0,60,8.39,RENT,credit_card,0
640,66824.94,9723.96,0.7,0.126,0,60,12.81,RENT,debt_consolidation,0
638,50133.31,9590.02,0.2,0.089,0,36,11.09,RENT,other,0
673,144827.2,40980.67,0.6,0.237,0,60,10.61,RENT,other,0
363,93208.19,23310.0,0.8,0.121,0,36,20.11,RENT,other,1
711,83263.07,40180.56,9.5,0.048,0,36,9.18,RENT,debt_consolidation,0
436,69142.77,32704.11,0.2,0.477,0,36,16.83,RENT,debt_consolidation,1
584,108392.3,10350.54,1.2,0.097,3,36,12.93,MORTGAGE,debt_consolidation,0
672,25677.33,17929.43,5.6,0.189,0,60,8.6,MORTGAGE,other,0
632,90819.33,43584.31,6.0,0.205,0,36,11.12,RENT,major_purchase,0
478,31380.44,1861.64,9.3,0.354,0,36,17.52,OWN,debt_consolidation,0
518,38026.84,32441.69,6.1,0.172,0,36,13.78,MORTGAGE,debt_consolidation,0
562,63109.5,44066.31,3.0,0.454,1,60,13.05,RENT,debt_consolidation,0
322,85386.99,5582.47,0.0,0.286,0,60,20.99,MORTGAGE,debt_consolidation,0
700,29169.84,12967.69,0.1,0.258,0,36,11.18,OWN,debt_consolidation,0
355,38923.55,25068.58,0.5,0.43,0,36,18.84,RENT,debt_consolidation,1
552,51220.21,38125.66,17.8,0.386,1,36,13.84,RENT,home_improvement,0
660,45077.36,23286.52,2.3,0.356,0,60,13.13,MORTGAGE,credit_card,0
344,71992.3,3622.23,12.5,0.332,0,60,20.88,RENT,credit_card,0
848,230076.57,6596.11,7.8,0.658,1,36,6.83,MORTGAGE,debt_consolidation,0
507,59201.04,17541.51,12.1,0.178,1,60,14.67,RENT,credit_card,0
308,35212.68,15191.79,3.0,0.741,1,36,20.96,MORTGAGE,home_improvement,1
662,27352.72,10665.86,4.2,0.037,0,36,12.66,OWN,debt_consolidation,0
607,42346.28,37965.66,3.0,0.138,1,36,13.46,OWN,debt_consolidation,0
652,32108.87,2182.79,0.2,0.153,0,60,12.44,MORTGAGE,other,0
713,60499.93,37491.15,2.7,0.177,0,36,10.79,OWN,debt_consolidation,0
562,60078.65,41553.93,10.1,0.43,0,36,15.38,MORTGAGE,major_purchase,0
755,39798.09,28724.89,16.2,0.578,0,60,8.27,RENT,credit_card,0
503,119758.17,28515.42,4.3,0.605,2,36,14.76,MORTGAGE,credit_card,1
600,35208.71,7556.78,5.4,0.51,0,60,12.41,OWN,debt_consolidation,0
387,46455.77,26005.98,5.7,0.387,0,60,18.94,MORTGAGE,home_improvement,0
641,65357.22,17507.67,1.8,0.286,0,36,9.35,MORTGAGE,credit_card,0
444,73234.71,11078.19,4.6,0.429,1,36,18.36,MORTGAGE,debt_consolidation,0
683,87108.47,26666.5,0.6,0.08,0,36,11.89,RENT,major_purchase,0
741,59445.99,1052.38,0.5,0.505,1,60,9.28,RENT,home_improvement,0
773,78661.63,13162.16,15.3,0.177,3,36,7.42,MORTGAGE,major_purchase,0
811,36340.98,29865.85,8.8,0.18,0,36,7.23,RENT,debt_consolidation,0
367,74097.49,21021.79,1.6,0.271,0,60,17.98,MORTGAGE,debt_consolidation,0
376,73653.59,7408.18,0.4,0.344,0,60,17.61,RENT,debt_consolidation,0
810,96838.41,1058.0,0.7,0.106,0,36,9.17,RENT,debt_consolidation,0
509,23137.36,12899.33,4.8,0.668,0,36,13.44,RENT,major_purchase,0
314,32590.22,25158.61,4.1,0.122,0,36,22.55,RENT,credit_card,0
458,70998.46,24520.0,12.1,0.391,0,36,19.04,RENT,debt_consolidation,0
760,14866.8,6767.16,0.4,0.268,0,36,8.55,OWN,credit_card,0
495,61169.43,28002.67,0.9,0.269,0,36,16.2,OWN,other,0
342,78977.0,44952.67,10.2,0.218,0,36,20.95,RENT,credit_card,1
697,37821.43,26734.14,4.3,0.285,1,36,7.83,RENT,other,0
407,40393.11,24216.08,0.1,0.088,0,60,18.09,RENT,other,0
494,30231.45,28395.86,1.4,0.128,2,36,18.02,MORTGAGE,debt_consolidation,1
302,38766.19,39705.52,2.8,0.105,0,36,22.04,MORTGAGE,credit_card,0
631,39275.03,42623.97,0.5,0.222,0,36,12.14,RENT,home_improvement,0
545,36052.14,2805.47,1.1,0.458,1,60,14.92,MORTGAGE,debt_consolidation,0
777,35173.38,10019.73,13.3,0.339,0,36,7.24,RENT,other,0
484,43392.76,6093.62,2.7,0.404,0,36,15.12,MORTGAGE,credit_card,0
412,43157.14,34983.57,4.9,0.487,1,36,19.82,MORTGAGE,home_improvement,1
391,113932.26,3004.77,4.8,0.063,0,36,18.19,RENT,home_improvement,0
410,41052.9,40715.94,1.6,0.277,0,36,21.43,OWN,debt_consolidation,1
548,57231.95,1904.44,6.6,0.155,0,36,14.38,RENT,credit_card,0
348,37812.79,27512.06,6.8,0.176,0,60,21.0,MORTGAGE,major_purchase,0
521,37597.09,13125.35,2.8,0.165,0,60,17.54,OWN,major_purchase,0
770,22766.22,21704.8,7.5,0.251,0,60,8.85,OWN,credit_card,0
722,24170.43,20442.98,0.6,0.241,1,36,8.02,MORTGAGE,credit_card,0
651,28476.96,33951.3,1.1,0.422,1,36,11.04,MORTGAGE,home_improvement,0
792,53245.23,22852.25,1.0,0.307,0,36,5.58,MORTGAGE,credit_card,0
729,79560.91,19533.72,4.7,0.217,0,36,9.23,RENT,debt_consolidation,0
659,21938.56,33132.19,1.4,0.205,1,36,10.27,MORTGAGE,credit_card,0
775,38288.9,41735.5,0.8,0.316,0,36,7.86,RENT,other,0
368,26499.98,35932.59,1.8,0.18,2,36,21.63,OWN,home_improvement,1
750,43524.33,33415.55,5.1,0.406,0,60,10.9,RENT,debt_consolidation,0
462,79546.44,22459.77,0.3,0.379,0,36,15.12,MORTGAGE,debt_consolidation,0
703,40090.83,40609.5,0.5,0.568,0,36,8.09,MORTGAGE,debt_consolidation,0
803,47983.73,22397.79,3.6,0.138,2,36,7.4,RENT,major_purchase,0
573,94358.14,41932.57,0.5,0.113,0,36,13.76,MORTGAGE,debt_consolidation,0
348,60237.8,36328.58,3.9,0.386,0,60,18.92,MORTGAGE,credit_card,1
503,34820.4,7611.45,8.7,0.063,0,36,15.75,RENT,home_improvement,0
524,52654.76,3067.66,3.5,0.159,0,60,15.38,MORTGAGE,major_purchase,0
816,33779.28,33597.65,13.0,0.467,1,60,6.51,RENT,debt_consolidation,0
819,59231.98,31176.92,0.8,0.31,0,60,8.31,RENT,debt_consolidation,0
613,61815.11,27491.91,1.0,0.03,0,60,14.1,RENT,debt_consolidation,0
823,26496.77,43954.53,1.5,0.179,0,36,6.54,RENT,debt_consolidation,0
540,53040.83,24997.73,5.4,0.25,0,60,16.45,RENT,debt_consolidation,0
526,46494.63,16307.59,4.4,0.3,0,36,16.43,MORTGAGE,home_improvement,0
760,62636.59,25858.5,4.0,0.327,3,60,8.67,MORTGAGE,debt_consolidation,0
667,71261.12,2250.12,2.0,0.432,2,60,8.13,RENT,home_improvement,0
587,60770.05,26487.63,1.3,0.189,0,36,11.84,RENT,major_purchase,0
551,42768.75,40706.93,0.1,0.244,0,36,14.11,OWN,credit_card,0
688,74607.66,1190.52,2.2,0.132,0,60,11.2,RENT,other,0
715,33094.48,38193.37,3.3,0.225,0,36,8.22,MORTGAGE,credit_card,0
570,27058.73,36284.87,1.3,0.42,0,60,15.38,RENT,credit_card,0
317,11639.05,5668.54,5.7,0.332,0,60,23.17,RENT,debt_consolidation,1
356,47497.7,38260.54,2.5,0.118,0,36,20.84,RENT,home_improvement,0
379,33870.65,34595.99,0.7,0.261,0,36,20.23,MORTGAGE,major_purchase,0
554,58629.28,22606.04,4.5,0.237,0,60,15.41,MORTGAGE,debt_consolidation,0
638,20190.1,11789.41,0.6,0.533,2,60,12.57,MORTGAGE,home_improvement,1
742,36635.38,13676.42,4.2,0.232,1,60,9.15,RENT,credit_card,0
428,60574.03,27940.1,3.7,0.507,0,36,18.02,MORTGAGE,other,0
733,30840.18,11837.38,7.2,0.179,0,36,10.43,RENT,debt_consolidation,0
666,58933.53,15315.65,5.9,0.387,2,36,12.34,RENT,credit_card,0
328,38152.24,41956.89,22.7,0.348,0,36,19.43,RENT,credit_card,0
493,48302.39,33090.46,21.3,0.06,0,36,16.26,MORTGAGE,credit_card,0
466,64075.74,33387.26,0.9,0.288,0,60,17.69,RENT,debt_consolidation,0
788,75264.11,43061.2,8.0,0.257,3,60,5.94,OWN,debt_consolidation,0
807,51104.18,1254.94,0.6,0.311,0,60,7.93,RENT,credit_card,0
751,33985.71,11757.38,2.6,0.307,3,36,8.58,OWN,debt_consolidation,1
590,39890.06,29950.85,2.9,0.102,0,36,15.85,MORTGAGE,debt_consolidation,0
571,65292.33,20283.95,0.1,0.149,0,36,14.93,MORTGAGE,major_purchase,1
471,30959.52,5963.42,7.0,0.45,0,36,17.08,MORTGAGE,credit_card,1
725,45246.02,35374.28,0.8,0.109,0,36,10.11,MORTGAGE,major_purchase,0
347,41206.54,3071.19,0.6,0.684,2,60,20.71,RENT,debt_consolidation,1
449,46792.92,24929.45,5.9,0.33,0,36,15.73,RENT,other,0
374,31126.75,25748.43,5.6,0.443,0,36,19.71,MORTGAGE,major_purchase,1
572,21303.47,28982.3,3.5,0.324,0,60,12.04,RENT,other,0
465,61965.57,14887.56,9.3,0.426,1,36,16.76,MORTGAGE,major_purchase,0
408,75648.97,2038.44,1.6,0.274,1,36,18.97,RENT,home_improvement,1
507,21884.22,40115.26,1.3,0.239,0,60,14.43,MORTGAGE,credit_card,0
774,57873.61,41885.01,1.6,0.13,0,60,8.05,MORTGAGE,major_purchase,0
607,79812.25,22207.5,9.0,0.525,1,36,14.79,MORTGAGE,debt_consolidation,0
753,64097.46,1908.18,1.4,0.134,0,60,8.11,RENT,debt_consolidation,0
803,40639.61,26558.33,5.8,0.152,0,36,6.16,MORTGAGE,credit_card,0
797,32061.99,14900.91,10.2,0.492,0,60,8.81,MORTGAGE,major_purchase,0
493,50840.07,9029.37,0.2,0.515,0,60,16.59,RENT,debt_consolidation,0
783,54803.17,8433.92,2.6,0.11,1,36,7.85,RENT,major_purchase,0
801,51180.47,8887.24,6.9,0.123,0,60,8.01,MORTGAGE,credit_card,0
828,45203.93,15557.0,1.5,0.324,0,36,6.78,RENT,major_purchase,0
493,30115.84,13347.29,0.9,0.083,0,60,15.41,MORTGAGE,credit_card,0
425,59290.82,37802.69,8.2,0.46,0,36,16.93,MORTGAGE,major_purchase,0
621,60589.96,22793.85,10.6,0.059,0,36,14.76,MORTGAGE,other,0
813,53657.15,19816.49,0.8,0.484,0,36,7.59,OWN,major_purchase,0
796,51531.43,7416.68,2.2,0.356,0,60,9.4,RENT,major_purchase,0
614,104366.32,39539.19,16.4,0.243,0,36,12.52,RENT,major_purchase,0
382,37013.19,3412.18,5.2,0.348,1,36,21.05,OWN,credit_card,0
532,87259.86,11539.38,5.9,0.155,0,60,14.25,OWN,credit_card,0
693,35231.26,28344.78,16.6,0.106,2,60,8.62,MORTGAGE,credit_card,0
608,80743.1,31901.75,4.9,0.382,0,60,13.55,MORTGAGE,debt_consolidation,0
490,85392.66,36250.89,1.8,0.192,0,60,17.55,MORTGAGE,credit_card,0
488,42964.39,19052.82,0.0,0.278,0,36,17.74,MORTGAGE,debt_consolidation,0
332,103511.02,16256.56,3.9,0.124,0,36,21.53,MORTGAGE,debt_consolidation,0
458,60540.4,13696.27,6.5,0.298,0,36,16.54,MORTGAGE,home_improvement,0
668,33031.85,25996.17,1.6,0.397,0,36,11.71,MORTGAGE,debt_consolidation,0
432,41424.57,16339.97,2.4,0.279,0,36,18.55,MORTGAGE,other,0
847,81612.93,15436.15,0.1,0.094,0,36,5.95,RENT,debt_consolidation,0
345,74263.82,1743.2,5.7,0.158,0,60,20.1,MORTGAGE,debt_consolidation,0
624,30451.23,42725.9,20.7,0.287,0,60,11.17,MORTGAGE,other,0
573,46043.15,3666.15,0.2,0.274,0,36,14.25,OWN,major_purchase,0
759,53722.4,12918.35,7.0,0.292,0,60,8.88,MORTGAGE,debt_consolidation,0
789,39010.18,41542.46,0.6,0.204,0,60,5.96,MORTGAGE,major_purchase,0
599,141635.18,33355.32,6.2,0.237,0,60,15.59,RENT,major_purchase,0
647,54456.02,26438.15,2.7,0.232,0,36,10.13,MORTGAGE,credit_card,0
685,47676.05,30075.81,18.5,0.445,0,60,9.94,RENT,major_purchase,0
587,83774.42,5270.64,6.2,0.151,0,36,13.9,MORTGAGE,credit_card,0
401,41591.62,36580.48,17.7,0.609,1,60,19.47,RENT,debt_consolidation,1
536,77137.32,12004.7,6.2,0.23,0,36,14.09,MORTGAGE,debt_consolidation,0
433,23144.68,43073.42,8.0,0.067,1,60,16.95,RENT,debt_consolidation,0
555,39968.85,11180.48,0.2,0.039,0,36,14.4,MORTGAGE,debt_consolidation,0
638,78596.44,28516.03,11.2,0.613,0,36,12.08,RENT,home_improvement,0
415,99368.35,24994.28,20.1,0.774,3,60,20.32,RENT,debt_consolidation,0
437,34614.12,7296.54,12.9,0.058,0,60,16.67,RENT,home_improvement,0
753,32845.84,16968.8,1.5,0.074,0,36,8.85,RENT,credit_card,0
508,63281.66,35376.88,7.6,0.349,0,36,15.7,RENT,credit_card,0
409,37035.59,10353.88,17.5,0.188,0,60,19.23,RENT,home_improvement,0
692,43440.17,43365.72,7.3,0.435,2,60,10.21,MORTGAGE,major_purchase,0
694,72720.77,14001.28,5.0,0.71,0,36,11.75,MORTGAGE,credit_card,0
755,38374.71,28575.75,7.4,0.574,0,36,9.52,RENT,home_improvement,0
718,20242.88,28230.15,0.8,0.456,0,36,11.35,RENT,debt_consolidation,0
846,27296.45,21714.24,3.5,0.117,0,36,6.21,RENT,major_purchase,0
616,49240.91,29835.86,8.4,0.07,0,36,12.74,MORTGAGE,major_purchase,0
458,21193.71,33717.39,4.4,0.22,1,36,16.87,RENT,other,0
775,42885.02,28236.13,3.6,0.513,0,36,6.34,MORTGAGE,debt_consolidation,0
445,26201.1,25639.76,4.7,0.207,0,60,18.18,OWN,debt_consolidation,1
460,102536.34,27691.61,3.0,0.224,0,60,17.82,RENT,other,1
756,129873.24,18686.06,11.8,0.154,0,60,9.35,MORTGAGE,debt_consolidation,0
785,30449.09,4118.42,0.1,0.365,0,60,7.36,RENT,home_improvement,0
486,55024.92,8026.73,3.5,0.338,0,36,15.14,MORTGAGE,other,0
701,31818.98,27694.98,0.9,0.473,0,36,9.3,RENT,home_improvement,0
808,42651.08,41795.65,2.3,0.086,1,36,7.43,MORTGAGE,debt_consolidation,0
740,110366.42,2132.58,0.9,0.492,0,60,10.47,OWN,debt_consolidation,0
302,39735.1,24937.55,7.2,0.188,0,36,19.99,RENT,debt_consolidation,1
666,43100.21,12090.7,3.0,0.405,0,60,13.24,MORTGAGE,home_improvement,0
393,32075.95,25716.56,11.9,0.115,0,60,16.71,MORTGAGE,other,0
766,82107.55,33984.92,13.4,0.419,0,60,10.59,MORTGAGE,debt_consolidation,0
336,11288.39,33359.94,9.0,0.078,1,60,19.65,RENT,credit_card,0
847,40164.6,32894.98,8.7,0.235,0,60,7.79,RENT,major_purchase,0
397,48018.96,35272.63,4.8,0.321,1,60,18.59,MORTGAGE,major_purchase,1
531,36406.96,4194.87,3.6,0.209,0,36,16.92,RENT,major_purchase,0
428,72301.16,23421.42,7.8,0.052,1,60,15.45,MORTGAGE,major_purchase,0
748,84196.81,12518.25,1.6,0.504,0,60,9.62,MORTGAGE,debt_consolidation,0
516,25967.01,41535.9,5.6,0.144,1,60,16.89,RENT,credit_card,0
710,125752.25,35446.69,0.3,0.316,0,60,10.39,RENT,credit_card,0
337,25836.24,5731.97,5.0,0.342,0,60,21.59,RENT,debt_consolidation,1
549,87542.86,11702.83,1.5,0.351,0,60,15.97,RENT,credit_card,0
801,52439.87,21029.69,6.5,0.322,0,36,7.62,OWN,debt_consolidation,0
810,39078.77,43367.98,6.2,0.221,0,36,6.58,MORTGAGE,debt_consolidation,0
414,40773.39,5825.62,4.6,0.144,1,36,17.08,RENT,major_purchase,1
517,48287.08,25990.78,3.4,0.517,0,36,16.78,MORTGAGE,home_improvement,0
525,53840.87,16016.65,1.2,0.145,0,36,16.74,MORTGAGE,debt_consolidation,0
611,32400.55,29438.98,4.6,0.217,0,36,13.76,RENT,other,0
596,44122.58,29543.1,0.1,0.202,0,36,14.29,RENT,credit_card,0
358,34655.0,11586.03,2.5,0.206,0,36,20.6,MORTGAGE,home_improvement,1
720,28373.98,35575.61,3.0,0.199,0,60,9.22,RENT,home_improvement,0
424,33935.26,5015.55,0.5,0.228,1,60,19.74,RENT,debt_consolidation,1
473,29217.16,36998.11,1.7,0.066,0,60,16.37,MORTGAGE,major_purchase,0
763,40575.93,10326.54,9.0,0.39,0,36,8.66,MORTGAGE,home_improvement,0
679,59552.51,26941.49,12.1,0.194,0,60,11.62,MORTGAGE,debt_consolidation,0
518,51757.24,16281.63,2.9,0.247,0,36,17.31,MORTGAGE,debt_consolidation,0
802,119187.74,27830.31,21.6,0.093,2,60,4.0,MORTGAGE,other,0
517,18129.51,12766.39,1.8,0.122,0,60,16.72,RENT,other,0
611,60548.71,26034.4,5.6,0.23,0,60,12.41,RENT,home_improvement,0
435,49162.63,1360.72,0.7,0.036,0,60,18.67,MORTGAGE,credit_card,0
400,70760.18,17476.0,20.7,0.463,0,36,16.82,RENT,credit_card,0
570,67670.75,37361.13,4.0,0.471,1,60,13.24,RENT,credit_card,0
610,45513.02,21372.29,3.2,0.309,0,36,14.38,RENT,major_purchase,0
744,52981.24,22967.49,4.4,0.424,2,36,10.48,RENT,home_improvement,0
515,35072.37,28349.38,14.0,0.135,0,36,15.51,MORTGAGE,debt_consolidation,0
793,64612.04,20105.22,10.5,0.133,2,36,9.69,RENT,debt_consolidation,0
634,21046.84,39151.38,2.1,0.081,0,36,12.27,RENT,home_improvement,0
338,69534.05,18746.29,1.5,0.074,1,60,21.28,OWN,other,1
707,48512.27,42472.31,0.3,0.238,0,36,9.15,RENT,major_purchase,0
616,39372.47,39585.27,10.6,0.17,1,60,12.25,RENT,credit_card,0
514,44150.52,19527.86,1.2,0.194,0,36,16.26,RENT,major_purchase,0
557,45631.87,17095.24,1.7,0.247,0,36,11.73,MORTGAGE,home_improvement,0
466,87885.2,30771.63,2.0,0.079,0,36,17.28,MORTGAGE,home_improvement,0
638,210043.97,34233.5,0.6,0.359,1,60,12.69,OWN,other,0
612,84875.59,9177.91,2.3,0.177,0,60,12.92,RENT,home_improvement,0
546,38009.96,11605.99,7.3,0.132,1,60,16.56,RENT,credit_card,0
457,65081.9,7435.11,5.2,0.175,0,60,16.85,MORTGAGE,home_improvement,0
519,66369.85,34470.44,3.2,0.342,0,60,15.34,OWN,major_purchase,0
574,32327.63,32433.68,5.2,0.517,1,60,13.54,RENT,home_improvement,0
560,27795.8,9318.37,8.5,0.281,0,60,14.07,OWN,debt_consolidation,0
470,47644.55,24622.49,0.6,0.303,0,36,16.85,MORTGAGE,debt_consolidation,0
620,70507.08,34626.53,2.7,0.055,0,60,12.01,MORTGAGE,major_purchase,0
424,23734.53,42669.26,2.6,0.545,1,60,19.73,MORTGAGE,credit_card,1
576,35439.98,8855.0,5.5,0.361,2,36,15.64,OWN,other,0
366,63430.07,14390.51,0.2,0.337,0,36,21.45,RENT,debt_consolidation,1
560,49949.89,16326.95,8.3,0.158,0,36,15.28,OWN,home_improvement,0
731,92718.48,28499.0,1.7,0.12,0,60,8.28,RENT,credit_card,0
750,25974.87,7002.43,1.6,0.225,0,36,8.81,OWN,debt_consolidation,0
682,141276.5,9510.88,2.2,0.123,0,36,13.38,RENT,credit_card,0
710,24536.16,35339.22,2.9,0.204,1,60,9.81,MORTGAGE,debt_consolidation,0
336,19670.52,24850.36,10.2,0.326,0,36,21.41,RENT,credit_card,1
488,47738.3,8056.99,0.7,0.036,0,60,14.73,MORTGAGE,major_purchase,0
660,29421.87,18091.04,0.8,0.23,1,60,12.17,RENT,other,0
741,48173.29,6917.74,12.1,0.096,2,36,8.35,RENT,credit_card,0
621,47421.12,16958.36,12.4,0.257,0,36,12.34,MORTGAGE,other,0
770,44886.91,18608.77,8.6,0.1,0,60,5.01,OWN,major_purchase,0
450,33554.12,5932.86,0.6,0.62,0,36,17.57,MORTGAGE,debt_consolidation,1
384,59557.37,3632.67,2.5,0.011,2,60,20.63,MORTGAGE,debt_consolidation,1
347,42497.41,39790.48,1.4,0.378,2,36,21.75,RENT,major_purchase,1
621,80551.27,40056.52,0.2,0.315,0,60,12.18,MORTGAGE,credit_card,0
666,45199.1,1113.47,2.2,0.228,3,60,12.27,MORTGAGE,major_purchase,1
457,31758.28,29212.98,25.6,0.237,0,36,18.58,OWN,home_improvement,0
731,22937.54,5121.88,4.1,0.423,1,60,8.53,MORTGAGE,debt_consolidation,0
707,45367.48,36646.23,2.1,0.349,2,36,11.32,OWN,credit_card,0
498,27690.87,39700.75,0.8,0.051,0,36,15.83,OWN,credit_card,0
431,26702.63,28131.07,0.1,0.183,0,36,16.59,RENT,home_improvement,0
709,62153.09,27978.84,0.9,0.469,0,60,9.26,MORTGAGE,debt_consolidation,0
669,22027.53,17345.19,0.6,0.315,0,36,11.52,OWN,credit_card,0
394,92548.4,11976.63,5.3,0.15,3,60,17.45,RENT,debt_consolidation,1
440,52673.74,22967.92,1.5,0.312,0,36,15.45,MORTGAGE,home_improvement,0
567,48063.14,6883.56,6.0,0.257,1,36,14.7,RENT,credit_card,0
581,30771.84,30577.9,14.7,0.054,0,36,14.24,RENT,home_improvement,0
391,69145.45,21683.82,3.7,0.27,3,36,19.02,MORTGAGE,major_purchase,1
822,48956.76,8814.47,1.3,0.128,0,36,6.92,RENT,major_purchase,0
514,35999.36,26885.83,1.7,0.505,0,36,16.55,OWN,other,0
510,53633.07,35994.42,6.4,0.48,0,36,13.83,MORTGAGE,debt_consolidation,1
333,22988.44,26907.18,0.3,0.153,0,60,17.8,MORTGAGE,debt_consolidation,1
782,23484.66,24305.1,0.7,0.304,0,60,8.94,OWN,debt_consolidation,0
429,29611.45,38299.57,4.4,0.426,1,36,18.68,MORTGAGE,credit_card,1
843,57370.6,1473.24,5.3,0.29,1,60,6.82,RENT,credit_card,0
573,48948.98,28136.9,10.3,0.47,0,36,13.04,MORTGAGE,major_purchase,0
782,78593.22,19026.46,9.8,0.55,0,60,8.19,MORTGAGE,other,0
398,32402.94,9516.91,0.8,0.348,2,36,20.4,RENT,debt_consolidation,0
391,63487.64,44101.43,2.4,0.147,0,60,19.58,OWN,other,0
741,46572.16,18767.81,0.2,0.126,1,36,8.53,RENT,debt_consolidation,0
751,32068.5,15751.56,1.1,0.138,0,36,9.13,RENT,debt_consolidation,0
599,58301.81,8436.37,3.0,0.077,0,36,14.89,OWN,home_improvement,0
317,47586.04,44901.7,2.9,0.639,0,36,21.68,RENT,credit_card,1
819,36934.32,38666.26,2.0,0.273,2,36,5.53,MORTGAGE,major_purchase,0
516,49956.08,4078.79,3.1,0.557,1,60,17.76,MORTGAGE,other,0
815,46245.12,25893.17,3.2,0.301,2,60,6.63,MORTGAGE,credit_card,0
779,45745.12,7485.65,2.9,0.149,0,36,7.21,RENT,major_purchase,0
769,40714.24,32494.38,12.2,0.156,0,36,7.59,MORTGAGE,debt_consolidation,0
679,27249.03,22299.67,1.2,0.025,0,36,11.55,MORTGAGE,debt_consolidation,0
670,50698.14,5857.11,3.1,0.396,0,36,10.49,RENT,credit_card,0
593,34158.9,25509.71,3.5,0.416,3,36,11.49,MORTGAGE,other,1
313,30972.41,41069.73,3.8,0.47,0,36,22.14,RENT,home_improvement,1
513,43988.57,16012.57,0.3,0.314,2,60,16.04,OWN,home_improvement,0
702,68207.65,3235.45,14.3,0.184,0,36,10.4,OWN,other,0
747,53291.18,42589.11,9.9,0.337,0,60,7.74,MORTGAGE,major_purchase,0
608,38599.17,7239.16,2.6,0.345,0,60,12.52,RENT,home_improvement,0
690,37907.12,21902.29,1.4,0.11,0,60,11.17,RENT,major_purchase,0
311,65258.79,24965.79,4.8,0.219,0,60,21.78,MORTGAGE,debt_consolidation,1
558,16671.72,11431.85,9.1,0.336,2,60,14.85,RENT,credit_card,0
579,70179.69,8806.39,20.2,0.648,3,36,15.69,RENT,major_purchase,0
791,21092.92,5978.11,0.2,0.286,0,60,8.01,RENT,credit_card,0
471,25927.68,4078.03,0.7,0.237,0,60,17.6,MORTGAGE,major_purchase,0
426,38893.42,23357.57,9.5,0.457,0,60,17.2,RENT,home_improvement,1
494,130164.7,38048.91,8.7,0.677,0,36,14.97,RENT,debt_consolidation,0
393,104280.4,6577.39,0.6,0.446,0,36,20.09,OWN,home_improvement,0
607,67367.6,31827.24,17.0,0.316,0,60,12.48,OWN,credit_card,0
654,57551.99,19155.31,21.2,0.52,0,36,9.58,MORTGAGE,credit_card,0
741,21204.64,2549.87,11.9,0.438,2,60,9.74,MORTGAGE,home_improvement,0
835,52603.67,24582.78,4.2,0.134,0,60,7.66,RENT,debt_consolidation,0
340,38286.41,12088.36,3.9,0.175,1,36,19.55,OWN,home_improvement,1
436,33945.07,27631.18,0.3,0.303,0,60,15.96,OWN,debt_consolidation,1
465,52557.41,16370.21,11.1,0.102,0,60,18.9,RENT,credit_card,0
437,39656.12,30323.9,9.4,0.364,0,36,19.57,MORTGAGE,major_purchase,0
755,72488.62,41414.15,1.9,0.373,0,60,9.98,RENT,home_improvement,0
376,20513.13,11759.96,13.2,0.317,3,60,18.79,MORTGAGE,credit_card,0
316,50703.75,42352.98,1.2,0.363,0,36,21.18,RENT,credit_card,1
774,33004.73,9989.59,1.1,0.455,0,36,8.69,OWN,debt_consolidation,0
829,40768.45,4110.57,8.1,0.24,0,60,7.68,MORTGAGE,credit_card,0
424,56223.04,9478.84,5.7,0.406,3,60,18.23,MORTGAGE,other,1
483,29649.82,36856.33,2.2,0.148,0,60,19.85,MORTGAGE,major_purchase,0
577,52780.89,30812.47,10.9,0.369,1,60,14.66,MORTGAGE,debt_consolidation,0
589,44553.58,43716.7,8.6,0.315,0,60,13.75,MORTGAGE,debt_consolidation,0
845,36414.99,32232.4,1.4,0.501,0,36,5.96,RENT,debt_consolidation,0
522,39665.71,19155.78,8.9,0.252,2,60,15.82,MORTGAGE,credit_card,0
306,45727.34,40266.96,4.9,0.164,0,36,22.29,RENT,major_purchase,1
532,34699.26,43157.65,2.9,0.092,0,60,13.9,MORTGAGE,credit_card,1
606,49177.55,35832.82,8.1,0.29,0,36,11.66,OWN,debt_consolidation,0
584,43252.94,25492.14,0.1,0.436,0,36,12.85,MORTGAGE,credit_card,0
582,37231.96,37333.69,1.0,0.479,3,36,13.41,OWN,debt_consolidation,1
808,100250.67,8877.97,4.0,0.097,0,60,7.42,RENT,credit_card,0
744,59092.42,40615.4,4.0,0.332,0,36,8.55,RENT,credit_card,0
438,41265.39,44980.6,4.1,0.582,0,60,17.96,MORTGAGE,debt_consolidation,0
495,52346.33,30266.17,2.1,0.272,2,60,14.62,RENT,debt_consolidation,0
667,30882.07,9619.12,3.5,0.344,2,36,12.78,MORTGAGE,debt_consolidation,0
526,40273.65,7355.21,11.2,0.342,0,60,13.77,MORTGAGE,debt_consolidation,0
536,42445.03,43214.23,1.4,0.284,0,60,15.5,RENT,debt_consolidation,1
392,27971.54,39339.52,2.1,0.03,0,36,18.1,RENT,other,1
440,58355.53,33941.87,2.5,0.553,3,36,18.41,MORTGAGE,home_improvement,1
708,39045.16,42761.25,5.1,0.221,0,60,12.0,RENT,home_improvement,0
764,41774.44,23149.77,2.2,0.151,1,36,9.48,MORTGAGE,credit_card,0
732,37951.95,40060.84,0.5,0.242,0,36,8.37,OWN,debt_consolidation,0
469,185644.86,8164.09,0.8,0.172,0,36,17.36,MORTGAGE,credit_card,0
375,36381.77,9043.63,1.9,0.353,1,60,19.38,MORTGAGE,credit_card,1
387,19323.85,23543.09,2.6,0.286,0,60,17.89,RENT,debt_consolidation,1
516,23861.72,15630.43,22.2,0.453,0,36,16.91,RENT,major_purchase,0
585,68987.88,20030.85,24.0,0.463,2,60,16.51,MORTGAGE,debt_consolidation,0
791,89447.19,36120.67,13.1,0.24,1,36,9.27,RENT,home_improvement,0
795,36069.08,3349.93,11.8,0.183,0,60,6.14,MORTGAGE,debt_consolidation,0
301,87162.32,32717.13,3.6,0.248,0,60,24.46,RENT,credit_card,1
689,68440.19,4882.09,1.5,0.257,0,36,9.94,RENT,home_improvement,0
464,45014.23,38290.05,7.6,0.051,0,60,16.74,MORTGAGE,home_improvement,0
408,43599.42,9883.59,15.1,0.046,0,36,17.97,RENT,other,1
605,53177.55,33337.31,4.6,0.25,0,36,13.32,MORTGAGE,credit_card,0
318,72755.16,27042.69,4.4,0.131,3,36,19.01,RENT,credit_card,1
484,58617.15,17967.37,1.9,0.133,0,36,15.48,RENT,home_improvement,0
604,36150.15,12771.6,2.8,0.6,0,36,14.56,MORTGAGE,debt_consolidation,0
449,45324.67,3528.21,5.5,0.088,0,60,20.78,MORTGAGE,credit_card,1
626,119559.39,16548.73,0.9,0.239,0,36,9.86,MORTGAGE,major_purchase,0
553,54887.79,9823.27,12.2,0.087,1,60,15.91,RENT,debt_consolidation,0
740,72489.46,6980.15,0.9,0.516,0,36,7.75,MORTGAGE,credit_card,0
400,62501.65,33493.92,9.3,0.43,0,36,18.54,MORTGAGE,debt_consolidation,1
331,55437.47,10350.66,0.7,0.238,0,36,19.58,RENT,other,0
591,51478.24,10818.95,2.5,0.431,0,60,14.74,RENT,major_purchase,0
441,73410.76,15981.18,12.4,0.119,0,60,18.59,MORTGAGE,major_purchase,0
689,67737.08,21356.74,16.2,0.114,0,36,10.83,MORTGAGE,debt_consolidation,0
351,55201.87,23603.36,13.3,0.434,0,36,21.45,OWN,credit_card,1
616,35875.39,30240.04,1.8,0.149,0,36,13.56,MORTGAGE,debt_consolidation,1
845,58308.4,26894.97,3.6,0.005,0,60,4.79,RENT,other,0
351,47564.71,22194.09,9.2,0.105,0,36,20.91,MORTGAGE,other,0
466,42671.43,18333.37,21.5,0.092,0,60,16.41,RENT,home_improvement,1
765,163644.09,12694.59,0.5,0.543,0,60,7.56,MORTGAGE,home_improvement,0
593,24524.48,32237.48,0.0,0.448,0,36,14.09,MORTGAGE,debt_consolidation,0
396,75457.95,14970.06,4.9,0.252,0,36,20.81,RENT,debt_consolidation,0
417,33249.6,38381.58,0.4,0.183,0,36,18.51,RENT,major_purchase,0
721,52002.03,26791.15,7.3,0.137,0,60,11.74,RENT,debt_consolidation,0
774,155727.72,28893.55,9.8,0.173,3,36,7.82,RENT,debt_consolidation,0
498,31790.86,23386.77,3.6,0.182,0,36,14.21,RENT,debt_consolidation,0
561,35392.57,41856.47,2.8,0.137,0,60,12.79,RENT,debt_consolidation,0
731,48635.98,19550.21,16.1,0.78,1,36,7.57,MORTGAGE,debt_consolidation,0
397,33481.64,19786.61,9.0,0.23,3,60,19.67,OWN,debt_consolidation,1
413,72971.58,40292.64,2.7,0.21,0,36,21.03,RENT,debt_consolidation,1
726,38540.38,27615.9,7.5,0.253,0,60,11.01,RENT,major_purchase,0
402,65795.34,20762.54,10.7,0.14,0,36,20.13,RENT,other,1
724,26953.4,12534.65,3.2,0.38,0,60,11.64,MORTGAGE,debt_consolidation,0
573,21740.36,11781.96,5.3,0.195,0,36,14.88,OWN,credit_card,0
845,44221.07,36263.11,10.5,0.165,0,36,7.52,RENT,credit_card,0
318,24201.54,13296.51,7.4,0.298,2,36,21.61,OWN,credit_card,1
821,97073.24,1252.46,1.8,0.059,0,60,5.79,OWN,major_purchase,0
424,24626.75,1856.27,2.0,0.398,0,60,16.91,RENT,major_purchase,0
319,30731.42,44049.71,7.2,0.539,3,36,20.98,RENT,debt_consolidation,1
698,59049.36,25632.87,4.0,0.387,0,60,8.34,OWN,major_purchase,0
593,37651.81,22517.08,8.8,0.186,1,36,13.06,MORTGAGE,debt_consolidation,0
761,24753.58,41386.55,6.7,0.28,0,36,8.2,MORTGAGE,credit_card,0
359,122759.68,16474.25,8.0,0.19,0,36,21.35,RENT,debt_consolidation,0
344,31234.07,35979.89,5.2,0.11,0,36,20.54,RENT,home_improvement,0
612,44877.15,32759.63,10.7,0.666,1,36,14.45,RENT,credit_card,0
786,44616.69,21992.25,4.6,0.621,2,36,7.32,MORTGAGE,debt_consolidation,0
523,67483.55,35083.8,0.3,0.431,2,36,14.31,MORTGAGE,debt_consolidation,0
739,60358.59,43494.25,2.5,0.35,0,36,11.4,RENT,debt_consolidation,0
799,33790.65,9826.72,12.8,0.487,0,36,8.89,MORTGAGE,home_improvement,0
779,42335.35,1770.41,1.1,0.097,0,36,8.24,MORTGAGE,home_improvement,0
580,44262.14,37143.99,8.8,0.251,0,60,13.15,OWN,credit_card,0
684,68667.53,18757.83,3.2,0.205,0,36,13.58,MORTGAGE,major_purchase,0
589,28976.93,24953.71,1.3,0.494,0,36,13.64,OWN,debt_consolidation,0
671,121558.36,10788.34,0.9,0.238,2,36,12.27,RENT,home_improvement,0
612,34834.64,38038.71,10.4,0.152,0,60,14.74,OWN,home_improvement,0
589,48828.17,32733.07,10.0,0.192,0,60,14.14,MORTGAGE,credit_card,0
540,29085.78,42948.13,4.2,0.584,0,60,13.64,MORTGAGE,major_purchase,1
659,27332.41,21911.08,4.8,0.142,0,60,11.35,RENT,debt_consolidation,0
713,33074.15,43968.86,5.9,0.11,0,36,9.39,RENT,major_purchase,0
806,31674.42,23477.64,8.9,0.064,2,36,7.27,RENT,debt_consolidation,0
637,40683.76,28342.57,3.1,0.475,0,60,12.6,RENT,debt_consolidation,0
355,31554.32,30661.61,6.2,0.063,0,36,19.94,RENT,debt_consolidation,1
623,67036.91,22549.94,0.7,0.309,0,60,12.18,MORTGAGE,debt_consolidation,0
473,34463.54,25762.33,4.1,0.411,0,60,17.16,RENT,credit_card,0
314,32786.86,10825.51,1.9,0.206,0,36,19.79,RENT,home_improvement,0
339,41075.37,16943.97,1.5,0.167,0,36,20.48,RENT,debt_consolidation,0
625,76632.57,31887.7,7.4,0.124,0,60,12.89,OWN,debt_consolidation,1
820,53997.57,2715.51,1.6,0.273,0,60,7.1,RENT,debt_consolidation,0
578,46870.31,31818.18,3.7,0.284,0,36,13.01,MORTGAGE,major_purchase,0
545,25722.72,14366.13,7.8,0.323,0,36,14.27,RENT,major_purchase,0
348,29312.85,12960.78,2.5,0.24,0,60,18.8,MORTGAGE,debt_consolidation,1
672,27576.4,31513.49,1.3,0.01,0,36,10.25,RENT,major_purchase,0
330,88263.6,10457.59,0.6,0.304,0,36,18.88,OWN,debt_consolidation,0
763,62240.02,43314.07,10.1,0.532,0,36,8.24,RENT,credit_card,0
749,33265.32,44589.88,7.5,0.044,0,60,9.49,RENT,home_improvement,0
846,38026.28,21156.42,4.6,0.352,3,36,5.24,RENT,credit_card,0
456,33813.64,18662.41,0.5,0.128,0,36,14.74,OWN,debt_consolidation,1
389,32904.43,4477.65,1.1,0.386,0,36,20.44,RENT,major_purchase,0
465,60302.9,35241.62,0.5,0.09,0,36,17.45,MORTGAGE,major_purchase,0
740,43071.15,8159.86,0.3,0.081,2,36,8.15,OWN,debt_consolidation,0
420,125057.07,42054.11,9.0,0.499,0,36,17.41,OWN,debt_consolidation,0
788,86048.12,44586.08,1.2,0.615,0,36,8.88,OWN,other,0
384,88368.08,6386.03,0.6,0.237,0,36,20.08,RENT,debt_consolidation,0
326,66310.97,31052.26,9.8,0.499,1,36,22.09,MORTGAGE,debt_consolidation,1
420,40530.23,21503.65,1.7,0.286,1,60,16.69,MORTGAGE,credit_card,0
715,64151.7,24810.42,13.0,0.51,1,36,10.58,MORTGAGE,credit_card,0
631,41899.34,8901.29,6.6,0.344,0,60,11.11,MORTGAGE,credit_card,0
495,102091.45,32834.92,1.9,0.215,0,36,14.63,MORTGAGE,debt_consolidation,0
661,58801.68,8330.96,0.2,0.058,0,60,11.46,RENT,credit_card,0
657,55163.8,39953.2,1.2,0.204,0,36,12.19,MORTGAGE,other,0
605,51905.64,20974.88,2.2,0.149,0,60,13.17,MORTGAGE,major_purchase,0
583,107271.67,28934.2,1.5,0.595,1,60,13.86,OWN,debt_consolidation,1
355,25714.55,41558.81,0.5,0.428,0,36,19.0,MORTGAGE,major_purchase,1
443,112109.29,33469.34,1.8,0.367,0,36,15.47,OWN,credit_card,0
590,45081.66,24797.31,1.6,0.376,0,60,14.1,OWN,debt_consolidation,0
374,26035.93,18717.82,1.8,0.637,0,60,20.13,RENT,major_purchase,1
562,34944.12,21333.95,4.9,0.124,2,36,13.79,RENT,debt_consolidation,1
364,23321.63,16033.61,13.9,0.193,1,36,19.59,OWN,debt_consolidation,0
733,65784.9,42632.09,2.8,0.195,0,60,9.52,MORTGAGE,debt_consolidation,0
356,30723.04,12125.75,0.4,0.074,0,60,19.87,RENT,major_purchase,1
350,52886.34,19011.24,8.1,0.156,0,36,21.39,RENT,home_improvement,0
651,81666.38,35241.85,4.8,0.206,0,36,12.68,RENT,major_purchase,0
421,36228.17,17031.03,1.0,0.2,0,60,18.37,RENT,credit_card,0
493,43449.44,40010.88,5.3,0.008,0,60,16.11,OWN,credit_card,0
473,27268.43,11695.2,6.1,0.359,0,36,17.28,RENT,credit_card,0
419,41160.7,2379.17,0.8,0.205,0,36,15.08,MORTGAGE,debt_consolidation,0
719,156109.14,28665.05,2.0,0.316,0,36,9.73,OWN,major_purchase,0
681,69568.69,23363.15,3.5,0.304,1,60,8.98,OWN,major_purchase,0
431,43515.45,42054.56,2.3,0.02,2,60,18.69,RENT,debt_consolidation,1
678,37225.17,19617.82,0.6,0.425,0,60,12.09,RENT,other,0
693,48089.3,6965.97,10.7,0.306,0,36,7.51,RENT,credit_card,0
597,51975.25,15508.8,0.9,0.192,0,36,14.17,RENT,debt_consolidation,0
618,40595.75,18301.32,0.4,0.285,0,60,12.62,RENT,debt_consolidation,0
815,62225.9,26657.8,4.1,0.228,0,60,7.61,MORTGAGE,other,0
550,31918.74,13078.02,17.5,0.351,0,60,15.92,RENT,home_improvement,0
512,31847.86,25213.79,6.8,0.116,1,60,16.1,RENT,home_improvement,0
596,57906.68,40954.02,2.9,0.364,0,60,13.56,RENT,debt_consolidation,0
760,28972.76,19644.14,2.9,0.361,0,36,7.22,RENT,major_purchase,0
690,68054.07,29669.06,4.9,0.464,1,60,9.61,RENT,credit_card,0
341,48706.79,11071.54,10.0,0.362,1,60,23.21,MORTGAGE,credit_card,1
553,21535.13,36258.39,16.2,0.082,1,36,15.83,MORTGAGE,home_improvement,0
707,51496.78,12865.51,0.7,0.641,2,36,10.72,MORTGAGE,debt_consolidation,1
423,22964.02,26511.32,0.9,0.025,1,36,17.27,RENT,credit_card,0
844,66970.86,14210.89,3.0,0.159,0,60,6.6,MORTGAGE,debt_consolidation,0
745,43830.21,3965.7,4.2,0.708,1,36,8.53,OWN,debt_consolidation,0
766,112756.72,15065.16,7.3,0.41,0,60,11.12,MORTGAGE,other,0
345,79387.07,10329.35,3.4,0.308,0,60,22.35,MORTGAGE,debt_consolidation,1
619,30414.91,40277.65,5.4,0.095,0,36,11.72,MORTGAGE,debt_consolidation,0
590,19745.23,12711.13,10.2,0.5,0,36,12.68,RENT,debt_consolidation,0
645,34898.69,43874.62,9.1,0.223,0,36,11.69,OWN,credit_card,0
768,28294.81,22663.22,7.6,0.464,0,36,9.93,MORTGAGE,debt_consolidation,0
494,111477.96,10726.86,0.4,0.424,0,60,17.68,MORTGAGE,home_improvement,0
594,48793.79,18219.14,10.0,0.345,0,60,10.83,MORTGAGE,credit_card,0
674,74610.64,9070.97,3.0,0.666,0,36,11.62,RENT,debt_consolidation,0
715,43119.74,37682.06,0.5,0.375,2,36,11.32,RENT,major_purchase,0
724,45213.44,6278.65,0.8,0.294,3,36,9.41,MORTGAGE,debt_consolidation,0
485,48306.33,39435.22,2.0,0.283,3,60,17.28,MORTGAGE,debt_consolidation,1
850,80655.53,3020.35,2.3,0.523,0,36,8.28,OWN,debt_consolidation,0
305,56400.38,14182.75,4.7,0.376,1,36,23.53,MORTGAGE,major_purchase,1
571,30460.92,7155.02,25.9,0.297,0,60,14.7,RENT,debt_consolidation,0
635,101735.48,31151.68,1.3,0.334,0,60,12.66,MORTGAGE,other,0
333,42968.95,23542.16,6.6,0.203,0,36,21.0,RENT,debt_consolidation,0
548,39935.3,42330.94,7.1,0.38,0,36,15.46,MORTGAGE,credit_card,0
628,13721.55,17111.95,11.6,0.268,0,36,12.22,MORTGAGE,debt_consolidation,0
634,65217.28,2792.96,2.5,0.295,0,60,13.55,RENT,other,0
365,51300.5,34513.0,5.1,0.351,1,36,18.88,RENT,credit_card,1
452,51275.41,26498.03,1.3,0.347,3,36,16.84,MORTGAGE,debt_consolidation,1
434,40893.6,37407.15,1.9,0.32,0,36,17.62,OWN,debt_consolidation,0
652,37841.13,19750.1,1.4,0.483,0,60,13.24,RENT,credit_card,0
481,41509.97,33479.97,6.7,0.313,1,36,17.7,MORTGAGE,debt_consolidation,0
614,60380.55,8526.89,11.7,0.215,1,36,13.23,RENT,debt_consolidation,0
702,65355.9,44979.17,4.2,0.249,1,36,10.73,RENT,debt_consolidation,0
739,44180.37,8640.47,0.9,0.194,0,60,6.84,MORTGAGE,credit_card,0
401,75133.5,37511.23,7.7,0.287,1,60,19.85,OWN,debt_consolidation,1
797,47309.27,10347.28,7.4,0.19,1,36,6.21,RENT,credit_card,0
391,39069.53,35430.35,0.5,0.514,0,36,18.53,RENT,credit_card,0
312,53599.07,38895.11,13.9,0.026,3,60,25.38,RENT,debt_consolidation,1
324,26589.62,39572.2,3.0,0.088,1,60,21.88,MORTGAGE,credit_card,1
410,54432.86,21931.61,0.2,0.3,0,60,18.95,RENT,credit_card,0
781,24489.95,19867.77,7.5,0.19,0,36,7.71,RENT,credit_card,0
414,30869.47,37686.81,1.0,0.295,3,36,20.15,MORTGAGE,home_improvement,1
682,19763.44,26497.53,14.1,0.242,0,36,9.55,MORTGAGE,home_improvement,0
530,45306.12,28336.18,1.0,0.102,1,36,14.6,RENT,home_improvement,0
322,101147.5,11386.95,4.4,0.208,0,60,22.71,MORTGAGE,debt_consolidation,0
544,46505.02,20630.91,7.8,0.171,0,60,14.87,MORTGAGE,other,0
315,65487.43,17255.75,0.4,0.139,0,36,22.0,MORTGAGE,major_purchase,1
562,141285.97,30274.15,13.8,0.195,0,36,13.62,MORTGAGE,major_purchase,0
607,58795.77,9645.26,9.0,0.398,0,36,13.74,MORTGAGE,debt_consolidation,0
587,34740.26,18853.08,0.3,0.149,0,60,12.98,RENT,credit_card,0
455,36960.1,38344.21,14.7,0.277,0,36,15.53,RENT,other,0
722,49035.32,25043.61,1.6,0.217,0,36,10.88,RENT,other,0
628,36871.62,40425.94,9.2,0.387,0,60,11.34,MORTGAGE,credit_card,0
440,38133.97,11231.21,13.4,0.34,0,36,16.37,RENT,major_purchase,0
539,76371.45,20355.75,4.6,0.348,0,36,13.82,MORTGAGE,credit_card,0
359,77790.17,23018.31,0.3,0.293,0,60,20.32,MORTGAGE,debt_consolidation,0
808,23362.76,18624.97,11.1,0.409,0,60,6.29,RENT,other,0
714,33922.16,31117.72,20.5,0.369,0,60,12.14,RENT,debt_consolidation,0
458,39783.12,7543.67,2.7,0.373,0,60,18.7,MORTGAGE,debt_consolidation,0
671,64189.19,23853.62,2.4,0.513,2,60,11.31,RENT,major_purchase,0
674,81992.58,7105.98,1.0,0.214,2,60,9.98,RENT,home_improvement,0
635,165360.89,28684.69,7.9,0.436,1,60,13.38,RENT,credit_card,0
329,39753.26,37530.92,4.7,0.515,0,60,21.51,OWN,major_purchase,1
784,40656.83,1879.87,0.7,0.16,0,36,7.05,MORTGAGE,debt_consolidation,0
826,63886.06,21105.19,1.4,0.426,0,36,6.96,RENT,credit_card,0
836,36062.27,22678.96,1.8,0.075,0,36,6.64,MORTGAGE,debt_consolidation,0
840,46007.84,32691.19,0.0,0.191,0,36,5.36,RENT,credit_card,0
811,40669.47,4287.68,3.9,0.388,0,36,5.44,RENT,debt_consolidation,0
707,15066.9,18864.91,0.5,0.273,0,36,11.58,MORTGAGE,home_improvement,0
331,51816.04,35561.17,5.3,0.46,0,60,21.95,MORTGAGE,home_improvement,0
556,45158.67,24414.36,2.1,0.462,0,60,14.37,OWN,home_improvement,0
435,86860.09,33993.23,1.3,0.227,2,36,18.69,MORTGAGE,home_improvement,0
421,49142.07,17016.43,3.3,0.413,1,36,19.53,MORTGAGE,home_improvement,1
757,27871.6,41483.86,0.3,0.597,0,60,8.2,OWN,other,0
747,43645.5,4403.19,1.2,0.201,0,36,8.59,RENT,credit_card,0
587,19129.99,5011.23,0.7,0.261,2,36,15.73,MORTGAGE,major_purchase,0
705,28426.78,24253.38,10.4,0.249,0,60,9.42,OWN,debt_consolidation,0
371,65249.76,21716.25,9.4,0.416,0,36,22.18,MORTGAGE,other,1
422,43857.31,29092.57,2.1,0.652,2,60,22.47,RENT,major_purchase,1
774,74245.22,11078.47,0.3,0.317,1,36,8.53,OWN,debt_consolidation,0
548,20229.53,10945.24,6.4,0.578,0,36,12.72,RENT,major_purchase,0
601,43953.71,33960.82,3.0,0.308,0,60,13.12,RENT,credit_card,0
555,39577.63,13837.67,1.8,0.197,1,60,14.67,MORTGAGE,credit_card,1
411,75367.53,33000.84,1.0,0.104,1,36,18.67,RENT,debt_consolidation,1
755,66352.93,29191.11,1.6,0.399,0,36,10.33,RENT,home_improvement,0
717,65448.15,4666.39,14.0,0.452,0,36,9.29,RENT,credit_card,0
676,98089.39,32289.7,4.8,0.541,0,36,11.6,RENT,major_purchase,0
494,41537.87,39698.68,3.7,0.316,0,36,16.83,RENT,credit_card,0
654,89391.99,36932.44,4.2,0.483,1,36,12.22,RENT,credit_card,0
825,30641.4,1389.92,0.4,0.181,1,60,5.6,RENT,credit_card,0
658,30139.9,24747.41,9.7,0.168,0,60,12.7,MORTGAGE,debt_consolidation,0
572,68784.65,41186.84,2.8,0.126,0,60,12.88,RENT,credit_card,0
449,24906.07,27343.93,8.1,0.124,0,36,18.14,MORTGAGE,other,0
588,63433.32,13774.35,2.4,0.389,0,60,14.23,OWN,debt_consolidation,0
504,51307.43,9559.96,3.2,0.049,0,36,14.87,RENT,home_improvement,0
636,79406.36,31137.69,3.3,0.258,0,60,10.93,OWN,credit_card,0
325,47726.89,34935.17,0.1,0.464,2,60,20.85,MORTGAGE,debt_consolidation,1
404,50272.93,41153.73,2.0,0.389,0,36,20.31,OWN,home_improvement,1
733,61646.35,40851.53,0.4,0.376,0,60,9.91,RENT,credit_card,0
509,36381.21,15928.33,17.9,0.124,0,36,17.17,MORTGAGE,other,0
538,35675.06,27570.58,2.9,0.483,0,60,16.43,RENT,credit_card,1
599,60687.51,5466.84,7.2,0.144,0,60,14.2,OWN,credit_card,0
541,48378.97,5156.35,6.2,0.203,0,36,14.95,RENT,other,0
718,40811.07,4144.62,3.6,0.342,3,36,5.94,RENT,debt_consolidation,0
435,47228.23,41794.35,7.9,0.038,2,36,18.89,MORTGAGE,other,0
717,100463.7,7707.03,8.7,0.197,0,36,12.68,RENT,major_purchase,0
415,40160.6,22222.35,5.0,0.003,0,60,17.76,RENT,credit_card,0
504,39639.89,20055.18,0.7,0.284,0,36,16.02,RENT,credit_card,0
623,22734.76,15289.93,2.6,0.502,0,36,14.74,RENT,debt_consolidation,0
788,48095.37,24660.15,1.7,0.58,0,36,8.44,RENT,other,0
428,65880.49,1122.8,16.6,0.141,2,36,18.84,RENT,home_improvement,1
623,71416.85,17726.57,0.7,0.203,0,36,12.1,RENT,credit_card,0
335,51467.09,22091.14,5.1,0.163,0,36,21.32,MORTGAGE,home_improvement,1
341,75367.02,36345.39,8.5,0.256,1,60,21.05,RENT,major_purchase,0
722,68121.88,31842.39,1.8,0.322,0,36,10.22,MORTGAGE,debt_consolidation,0
696,80888.55,38389.52,0.2,0.167,0,36,9.1,MORTGAGE,credit_card,0
507,76338.77,17557.12,1.8,0.307,2,60,18.87,MORTGAGE,major_purchase,0
643,99358.54,7199.84,2.7,0.029,2,60,12.04,MORTGAGE,major_purchase,0
509,45416.83,18646.48,1.2,0.639,0,36,14.72,MORTGAGE,home_improvement,0
452,26979.26,43374.62,2.9,0.128,0,60,16.73,MORTGAGE,credit_card,1
537,66083.44,10430.41,5.7,0.168,0,60,13.78,RENT,credit_card,0
471,69650.76,8689.24,8.1,0.661,0,36,16.72,RENT,debt_consolidation,0
749,99359.31,42550.84,0.3,0.183,0,36,8.55,RENT,home_improvement,0
526,87254.17,42796.62,5.5,0.157,1,36,16.61,RENT,home_improvement,0
476,117649.2,7566.42,3.5,0.415,0,60,15.35,RENT,credit_card,0
595,64791.8,34855.93,4.4,0.442,0,60,11.76,MORTGAGE,other,0
717,54337.22,19908.67,2.2,0.291,0,36,7.45,MORTGAGE,debt_consolidation,0
450,26285.1,22657.49,16.6,0.331,3,36,18.07,RENT,credit_card,0
817,56310.9,22942.28,0.4,0.171,0,36,7.77,MORTGAGE,home_improvement,0
555,38229.91,43608.35,1.3,0.248,3,60,10.49,MORTGAGE,other,1
664,53915.84,9125.09,2.0,0.26,0,36,11.91,RENT,debt_consolidation,0
827,50238.2,35014.8,4.0,0.487,0,36,5.81,MORTGAGE,debt_consolidation,0
537,60613.94,1249.66,16.1,0.427,0,60,16.35,RENT,credit_card,0
410,46920.09,28658.84,1.2,0.065,0,60,21.11,RENT,home_improvement,1
712,74664.43,29717.83,3.1,0.167,0,36,7.96,OWN,debt_consolidation,0
303,14394.2,34163.07,6.6,0.188,0,60,21.22,MORTGAGE,credit_card,1
552,53396.32,41742.34,0.4,0.493,0,36,15.91,RENT,debt_consolidation,0
839,84214.33,34168.74,3.7,0.414,0,60,7.56,MORTGAGE,other,0
528,113723.1,33214.34,9.1,0.356,2,36,15.19,MORTGAGE,debt_consolidation,0
676,68144.29,12166.65,8.4,0.202,2,36,12.17,RENT,debt_consolidation,0
589,104631.23,44684.95,2.8,0.414,0,60,14.16,RENT,credit_card,0
418,52892.73,21609.99,9.4,0.282,0,60,19.75,RENT,debt_consolidation,0
475,49083.99,19367.8,0.9,0.284,0,36,18.17,MORTGAGE,other,0
588,62207.89,23082.61,0.1,0.333,0,36,13.47,RENT,home_improvement,0
357,48950.39,18338.48,2.4,0.171,0,60,21.35,RENT,home_improvement,0
528,34473.26,27120.05,0.5,0.22,0,60,15.23,RENT,debt_consolidation,0
528,38876.37,16383.48,2.9,0.242,0,60,16.42,OWN,debt_consolidation,0
760,29718.68,11557.57,1.7,0.235,0,60,7.73,RENT,debt_consolidation,0
368,62178.82,41831.78,16.6,0.444,3,36,20.56,RENT,debt_consolidation,1
764,49272.74,41824.45,0.9,0.148,0,36,9.01,MORTGAGE,credit_card,0
526,41683.94,22834.8,2.5,0.433,0,36,16.56,MORTGAGE,credit_card,0
658,37986.74,43334.48,5.6,0.705,0,36,11.45,RENT,home_improvement,0
606,61529.71,19291.56,2.1,0.218,0,60,11.97,MORTGAGE,credit_card,0
465,69647.47,18044.67,11.3,0.106,0,36,17.11,MORTGAGE,other,1
812,29474.14,41343.87,11.9,0.166,1,36,5.37,RENT,credit_card,0
423,27461.54,28848.35,2.9,0.343,0,36,17.92,MORTGAGE,credit_card,0
319,75322.15,34550.76,0.8,0.191,0,36,19.56,OWN,debt_consolidation,1
713,26401.87,19160.73,12.4,0.152,0,36,10.08,RENT,home_improvement,0
642,62715.82,18908.07,2.7,0.118,0,36,13.37,RENT,major_purchase,0
790,101479.2,4665.36,5.1,0.633,0,36,8.88,RENT,other,0
552,101585.46,43536.73,1.3,0.319,1,60,12.63,OWN,debt_consolidation,0
309,68325.8,11030.19,14.7,0.482,0,36,22.04,MORTGAGE,debt_consolidation,0
311,67438.02,22747.75,4.1,0.568,0,36,24.69,MORTGAGE,other,1
538,135044.33,6042.85,32.4,0.126,0,60,14.41,OWN,credit_card,0
437,17146.03,29465.96,0.6,0.079,1,60,18.58,RENT,home_improvement,0
808,39777.19,18198.52,2.1,0.332,1,60,8.68,OWN,other,0
365,71813.04,34777.12,8.6,0.245,1,36,18.32,OWN,debt_consolidation,1
785,42117.59,24248.66,0.5,0.193,0,36,8.33,MORTGAGE,debt_consolidation,0
419,85639.36,6697.09,0.1,0.142,0,36,19.69,RENT,major_purchase,0
365,48160.32,1472.58,5.1,0.319,1,36,19.71,OWN,home_improvement,1
451,52014.86,10347.74,0.5,0.076,0,60,15.85,RENT,credit_card,0
379,43321.16,32871.25,8.1,0.309,2,36,21.22,RENT,other,1
521,38749.38,37454.62,12.4,0.185,1,36,13.44,RENT,home_improvement,1
482,38322.81,16018.74,3.7,0.376,0,36,13.99,RENT,debt_consolidation,0
591,55382.83,24580.7,0.6,0.37,0,36,11.82,MORTGAGE,debt_consolidation,0
595,34594.35,11560.58,3.2,0.187,1,36,12.92,RENT,major_purchase,0
300,75277.92,39739.5,5.1,0.319,0,60,20.11,MORTGAGE,other,1
368,65772.14,43469.11,15.5,0.314,0,36,18.57,RENT,debt_consolidation,1
389,80397.42,34129.36,0.7,0.346,0,36,18.56,RENT,debt_consolidation,0
407,29495.24,4911.02,0.0,0.468,1,60,20.48,RENT,debt_consolidation,0
351,22816.42,20233.22,0.9,0.31,0,60,21.07,RENT,debt_consolidation,1
473,48928.55,44582.25,2.6,0.209,0,36,17.24,MORTGAGE,debt_consolidation,0
602,180675.93,11092.93,0.2,0.539,0,36,15.2,RENT,other,0
470,86664.01,30500.75,1.6,0.36,0,36,19.11,RENT,debt_consolidation,0
481,38196.5,42296.79,1.9,0.286,0,36,15.59,MORTGAGE,debt_consolidation,0
558,59339.5,35020.95,0.6,0.291,0,36,13.28,MORTGAGE,other,0
602,68010.28,27789.85,2.5,0.383,0,60,12.44,MORTGAGE,debt_consolidation,0
482,26482.13,23295.03,1.6,0.338,0,36,17.01,MORTGAGE,debt_consolidation,0
422,90792.47,41867.83,1.0,0.3,0,36,20.15,MORTGAGE,credit_card,0
525,45463.23,18368.27,2.7,0.214,0,60,14.15,MORTGAGE,debt_consolidation,0
313,47060.7,40655.84,6.1,0.525,0,60,21.52,RENT,credit_card,1
571,49548.29,19966.33,5.1,0.281,0,36,13.95,MORTGAGE,credit_card,0
818,82046.63,34287.98,4.6,0.231,0,36,8.7,RENT,credit_card,0
519,34897.41,41291.41,13.7,0.359,0,36,16.72,RENT,debt_consolidation,0
359,22739.61,25228.29,0.4,0.064,2,60,19.01,OWN,major_purchase,1
689,56688.68,14634.71,2.4,0.27,0,60,11.69,OWN,credit_card,0
369,19542.64,3243.42,0.7,0.351,1,60,19.64,MORTGAGE,other,0
406,42808.99,36607.44,10.9,0.086,0,36,19.25,MORTGAGE,major_purchase,1
380,83624.63,28368.44,8.2,0.429,0,36,18.12,OWN,debt_consolidation,0
786,63614.22,12574.01,10.2,0.303,0,36,5.39,RENT,major_purchase,0
840,78359.32,39606.11,3.0,0.105,0,36,5.92,MORTGAGE,debt_consolidation,0
613,64806.3,41493.32,2.3,0.114,0,36,11.69,RENT,debt_consolidation,0
640,145023.42,40035.31,2.2,0.117,1,36,11.87,OWN,debt_consolidation,0
655,37620.04,27466.79,4.6,0.463,0,60,10.85,MORTGAGE,major_purchase,0
636,58639.23,43969.59,4.8,0.124,0,60,12.28,MORTGAGE,credit_card,0
599,40249.22,39491.45,6.5,0.359,0,36,13.6,MORTGAGE,debt_consolidation,0
843,75399.85,5587.46,1.8,0.333,1,36,7.09,MORTGAGE,major_purchase,0
703,47681.14,44168.66,9.5,0.132,1,60,11.15,RENT,other,0
348,106242.57,25147.48,10.6,0.448,0,60,22.21,MORTGAGE,major_purchase,1
515,38604.84,41481.58,1.4,0.238,0,36,15.87,RENT,other,0
836,92337.62,34455.02,3.6,0.588,2,60,4.89,RENT,debt_consolidation,0
522,64017.57,29492.93,5.6,0.28,0,36,16.76,RENT,credit_card,0
412,48309.94,15373.58,3.7,0.337,0,60,19.08,RENT,debt_consolidation,0
778,62573.62,2189.32,23.5,0.25,0,36,9.05,MORTGAGE,home_improvement,0
643,55136.6,13176.4,9.9,0.49,0,60,13.03,RENT,other,0
609,57536.78,31176.09,1.9,0.047,2,36,12.68,RENT,other,0
531,44663.33,38977.06,1.5,0.259,0,36,14.93,MORTGAGE,home_improvement,0
368,35749.27,1103.25,1.3,0.46,0,36,22.48,RENT,major_purchase,0
511,42159.61,10150.85,1.4,0.139,1,36,14.27,RENT,major_purchase,0
541,22984.72,30614.98,0.3,0.402,1,36,14.43,MORTGAGE,credit_card,1
813,71601.89,13479.94,7.6,0.497,0,60,8.13,OWN,credit_card,0
469,28118.31,7234.93,0.2,0.51,0,36,16.85,RENT,major_purchase,0
382,44447.27,4605.19,1.0,0.024,0,36,18.92,RENT,credit_card,0
535,65618.98,29066.68,10.1,0.151,0,36,16.15,MORTGAGE,credit_card,1
849,71519.72,27173.83,2.5,0.09,0,60,7.7,OWN,major_purchase,0
565,22057.47,38779.0,8.1,0.11,0,36,14.51,OWN,major_purchase,0
508,47035.99,14852.86,4.3,0.205,0,36,14.06,MORTGAGE,major_purchase,0
667,60287.8,7015.62,1.0,0.11,1,36,11.47,RENT,credit_card,0
657,50181.78,36162.82,2.2,0.376,0,36,12.12,MORTGAGE,credit_card,0
464,89754.53,44480.18,3.0,0.453,0,60,15.98,MORTGAGE,debt_consolidation,0
833,33866.68,16857.14,7.1,0.388,0,36,8.36,MORTGAGE,debt_consolidation,0
626,19495.35,39075.38,1.0,0.226,1,60,13.19,RENT,debt_consolidation,0
331,70590.21,34552.0,13.3,0.272,0,60,19.91,RENT,debt_consolidation,0
524,38496.06,41109.75,1.6,0.458,0,36,16.18,RENT,major_purchase,1
808,22217.97,19672.39,5.7,0.291,0,60,7.89,RENT,home_improvement,0
516,45645.92,5457.27,4.6,0.231,0,36,14.96,RENT,debt_consolidation,0
612,85284.76,6207.67,10.7,0.135,0,60,11.38,MORTGAGE,debt_consolidation,0
637,27765.13,34580.73,1.7,0.308,0,36,11.85,MORTGAGE,credit_card,0
688,140252.29,38986.6,4.3,0.263,0,36,9.94,RENT,credit_card,0
780,33622.58,21108.74,7.2,0.155,1,36,8.36,MORTGAGE,major_purchase,0
382,50978.28,3621.12,4.0,0.191,0,60,19.28,RENT,debt_consolidation,1
584,28321.89,3935.07,5.0,0.642,1,36,14.35,RENT,debt_consolidation,0
593,49947.35,27338.42,4.0,0.256,0,60,13.76,RENT,major_purchase,0
383,46157.44,41419.47,14.4,0.342,0,60,20.52,OWN,credit_card,1
671,25077.54,18581.67,16.3,0.112,0,60,11.94,MORTGAGE,debt_consolidation,0
365,174839.23,29627.27,1.6,0.136,0,36,21.34,RENT,credit_card,0
551,39226.13,24848.34,3.5,0.365,0,60,13.63,MORTGAGE,other,0
481,39241.57,40149.35,3.6,0.176,2,36,18.03,RENT,other,1
385,75816.11,37625.05,6.7,0.256,0,36,21.92,RENT,credit_card,0
753,110903.39,9771.34,2.6,0.005,0,36,10.33,OWN,debt_consolidation,0
434,81380.96,30811.9,4.2,0.438,0,60,16.28,OWN,debt_consolidation,1
440,28551.62,38290.14,2.0,0.153,0,36,19.95,MORTGAGE,debt_consolidation,0
770,53974.07,41930.97,5.0,0.383,0,60,9.28,RENT,major_purchase,0
783,21023.21,26956.79,3.4,0.064,0,36,9.2,RENT,major_purchase,0
318,73553.42,8740.09,4.9,0.204,0,60,20.49,RENT,other,1
453,23486.13,25562.21,0.5,0.153,0,60,15.77,RENT,credit_card,0
690,34151.42,30296.04,4.2,0.173,0,36,12.46,OWN,credit_card,0
728,48950.23,12989.52,2.3,0.253,0,36,8.96,RENT,debt_consolidation,0
850,59889.29,43812.07,10.6,0.137,0,36,4.98,MORTGAGE,credit_card,0
605,43589.84,11090.36,1.0,0.074,0,36,11.21,RENT,home_improvement,0
304,97108.84,41099.51,9.1,0.519,2,60,19.76,MORTGAGE,debt_consolidation,1
781,67877.36,19707.95,0.5,0.165,0,60,8.01,MORTGAGE,major_purchase,0
388,65521.01,1024.38,0.3,0.401,0,60,20.55,RENT,home_improvement,0
366,28191.33,24904.72,6.6,0.23,0,60,20.44,RENT,debt_consolidation,1
671,105315.47,28644.58,1.0,0.303,1,60,11.04,MORTGAGE,debt_consolidation,0
632,34153.51,39251.99,0.0,0.13,0,36,13.98,RENT,other,0
333,107140.26,24784.78,2.1,0.721,0,60,22.85,RENT,debt_consolidation,1
393,121781.99,5141.69,3.2,0.174,2,60,18.17,MORTGAGE,credit_card,0
624,61740.5,41779.8,1.3,0.252,0,36,12.81,MORTGAGE,credit_card,0
440,77995.46,25875.61,3.7,0.333,3,60,18.08,MORTGAGE,credit_card,0
676,12242.71,12947.37,3.6,0.29,0,60,10.69,MORTGAGE,credit_card,0
526,44902.51,40549.78,7.0,0.378,0,60,15.99,RENT,credit_card,0
624,80496.95,6320.19,9.3,0.023,1,60,14.36,MORTGAGE,debt_consolidation,0
561,74312.14,5289.24,7.0,0.364,0,36,11.98,RENT,debt_consolidation,0
501,28314.36,24540.4,6.4,0.385,0,36,16.43,RENT,major_purchase,0
488,42951.42,28494.91,5.4,0.251,0,36,16.71,OWN,major_purchase,0
684,15656.41,23482.2,3.8,0.302,1,36,10.54,OWN,other,0
583,59032.7,41875.65,0.2,0.196,0,60,14.69,RENT,home_improvement,0
627,21004.72,12564.12,6.4,0.115,0,36,12.17,MORTGAGE,debt_consolidation,0
618,81529.08,44570.34,1.5,0.372,0,36,11.88,MORTGAGE,major_purchase,0
414,83468.63,1851.37,0.5,0.457,0,36,19.64,RENT,other,1
803,39598.04,6215.5,0.2,0.197,0,36,5.85,RENT,debt_consolidation,0
610,61980.44,9169.76,0.7,0.329,3,60,12.14,MORTGAGE,credit_card,0
695,44458.24,4501.33,1.0,0.198,0,60,9.5,MORTGAGE,credit_card,0
785,54658.43,20281.59,0.3,0.284,2,36,9.93,MORTGAGE,credit_card,0
809,29252.88,39076.38,6.7,0.461,0,36,7.37,RENT,credit_card,0
667,64868.78,37113.41,3.8,0.144,0,36,9.66,MORTGAGE,other,0
733,23422.83,33769.3,0.8,0.205,0,60,9.71,RENT,other,0
559,21515.55,1326.01,3.6,0.487,0,36,13.11,MORTGAGE,debt_consolidation,0
706,46403.6,39091.07,0.1,0.195,0,36,10.53,MORTGAGE,home_improvement,0
477,44575.54,18445.96,8.6,0.166,0,36,15.24,MORTGAGE,debt_consolidation,0
692,55411.13,33192.06,3.4,0.159,0,60,8.76,RENT,debt_consolidation,0
347,36597.0,32984.42,3.5,0.563,0,36,21.49,MORTGAGE,credit_card,1
803,114526.47,8810.93,1.1,0.29,0,60,6.61,MORTGAGE,other,0
434,52694.81,23677.37,3.6,0.201,0,36,19.61,RENT,credit_card,0
661,54436.86,41751.96,3.1,0.071,1,60,8.85,RENT,home_improvement,0
306,53570.58,12574.14,8.9,0.25,0,60,22.52,MORTGAGE,home_improvement,1
385,76980.66,32461.23,1.5,0.439,2,36,18.94,RENT,credit_card,0
843,63526.21,43154.25,10.3,0.11,0,60,7.08,MORTGAGE,home_improvement,0
759,59808.8,16867.77,15.6,0.412,0,36,8.14,RENT,credit_card,0
422,68267.76,18055.88,3.0,0.348,0,36,19.18,RENT,debt_consolidation,1
372,21567.08,20912.75,17.0,0.061,0,60,19.57,RENT,credit_card,1
748,21936.75,36597.73,10.7,0.15,0,60,9.08,RENT,debt_consolidation,0
845,47371.38,20328.53,3.9,0.514,0,60,7.72,MORTGAGE,debt_consolidation,0
392,44848.56,22394.82,5.2,0.236,0,36,19.39,MORTGAGE,credit_card,0
665,63634.71,10781.97,3.4,0.083,0,60,10.63,RENT,other,0
456,49464.36,44487.18,6.3,0.096,1,36,16.32,RENT,credit_card,1
710,63693.59,40263.58,0.2,0.455,1,36,10.66,RENT,major_purchase,0
530,27986.63,27411.19,3.3,0.691,0,36,16.66,MORTGAGE,debt_consolidation,0
369,48784.35,43264.64,0.2,0.153,0,60,20.8,RENT,credit_card,1
478,26809.85,31227.9,18.7,0.055,0,36,18.91,OWN,debt_consolidation,0
596,58342.5,43200.65,11.6,0.32,0,36,13.74,MORTGAGE,credit_card,0
739,21052.44,8107.58,1.0,0.122,0,36,8.56,OWN,home_improvement,0
311,57339.19,10920.13,1.1,0.343,0,36,23.32,RENT,debt_consolidation,1
827,25309.88,39948.03,2.6,0.263,2,36,5.05,OWN,debt_consolidation,0
657,41250.25,19474.47,5.4,0.073,0,60,10.65,OWN,debt_consolidation,0
782,73329.44,17330.94,4.9,0.206,0,36,8.07,RENT,debt_consolidation,0
812,54302.25,34190.76,1.6,0.206,1,60,5.88,OWN,home_improvement,0
384,23375.71,28734.33,2.3,0.235,1,36,20.2,RENT,credit_card,0
351,36222.03,16139.15,0.8,0.2,0,36,20.0,RENT,other,1
727,24943.78,18505.87,1.0,0.302,0,36,10.85,RENT,debt_consolidation,0
403,22864.91,18968.89,1.3,0.344,1,36,19.59,RENT,other,0
381,51686.32,6558.58,13.0,0.458,0,60,21.92,MORTGAGE,major_purchase,1
558,63078.44,11100.37,10.8,0.357,0,36,12.38,MORTGAGE,major_purchase,0
803,59770.81,24651.33,5.8,0.419,1,60,7.93,RENT,home_improvement,0
738,64291.46,35400.39,5.6,0.184,1,36,9.42,RENT,debt_consolidation,0
585,48758.76,19438.12,2.5,0.075,0,36,13.86,RENT,major_purchase,0
408,43346.2,17867.52,0.3,0.626,0,36,18.36,MORTGAGE,debt_consolidation,1
485,30245.99,29622.71,3.7,0.229,0,36,17.01,RENT,debt_consolidation,0
679,40213.75,7919.17,0.4,0.104,1,60,8.61,MORTGAGE,debt_consolidation,0
386,27048.67,17753.01,0.0,0.127,2,36,17.09,MORTGAGE,credit_card,1
588,33512.56,10157.99,1.2,0.107,0,60,12.62,MORTGAGE,debt_consolidation,0
306,51022.25,29672.43,3.8,0.267,2,36,19.41,MORTGAGE,major_purchase,1
479,46489.76,5944.02,7.9,0.212,0,36,17.25,OWN,home_improvement,1
436,194682.95,20704.2,2.6,0.422,0,60,16.84,MORTGAGE,home_improvement,0
675,26752.73,27232.01,6.6,0.473,0,36,10.99,RENT,home_improvement,0
803,46337.44,37681.72,0.4,0.348,3,36,7.7,OWN,debt_consolidation,0
380,25830.74,32880.26,2.1,0.48,0,36,19.46,MORTGAGE,credit_card,1
739,41171.29,42485.98,6.3,0.372,2,60,10.0,RENT,home_improvement,0
661,41932.15,30914.65,1.5,0.247,1,36,10.9,MORTGAGE,credit_card,0
834,71696.41,16364.34,8.5,0.137,1,36,6.36,RENT,credit_card,0
802,40040.63,11195.85,0.2,0.266,0,60,6.75,RENT,debt_consolidation,0
355,44976.98,3489.63,20.1,0.329,0,36,21.49,RENT,credit_card,0
709,40390.78,13213.86,12.4,0.381,0,36,8.47,RENT,credit_card,0
626,26095.72,7021.34,8.2,0.093,0,60,12.93,RENT,debt_consolidation,0
362,36554.29,17245.89,1.8,0.187,0,60,22.01,MORTGAGE,debt_consolidation,1
441,41279.8,31913.44,0.2,0.215,0,36,18.43,MORTGAGE,credit_card,0
810,50676.71,31449.5,1.3,0.313,0,36,6.41,RENT,debt_consolidation,0
599,63040.1,14999.32,5.5,0.186,0,36,13.67,MORTGAGE,credit_card,0
486,44109.55,23376.3,3.7,0.516,0,36,15.77,RENT,debt_consolidation,0
476,43761.98,10537.95,0.5,0.273,0,36,18.15,MORTGAGE,debt_consolidation,0
761,22598.39,23130.98,0.5,0.395,0,60,9.1,MORTGAGE,major_purchase,0
456,62497.42,23443.6,8.9,0.524,0,60,17.63,RENT,major_purchase,0
387,35840.93,14257.06,2.3,0.616,0,36,21.13,MORTGAGE,debt_consolidation,0
616,68610.82,12416.58,2.2,0.482,0,60,12.86,RENT,debt_consolidation,0
846,88645.27,44101.28,3.0,0.164,0,36,4.33,MORTGAGE,credit_card,0
401,45045.94,24633.43,15.5,0.389,0,36,19.1,RENT,debt_consolidation,0
440,30930.87,25731.37,10.1,0.463,0,60,17.56,RENT,credit_card,1
558,48653.82,1342.94,17.9,0.453,0,36,14.43,RENT,other,0
410,57349.3,9000.99,11.9,0.265,0,36,19.36,MORTGAGE,major_purchase,0
658,42532.17,16691.37,3.4,0.268,0,36,12.39,MORTGAGE,debt_consolidation,0
439,38031.98,43503.15,4.1,0.316,0,36,16.62,RENT,credit_card,1
370,63170.3,8710.64,4.5,0.265,1,60,19.95,RENT,debt_consolidation,0
443,61323.0,14344.75,3.7,0.878,0,36,17.57,RENT,home_improvement,1
812,41947.31,44566.91,4.9,0.125,2,36,7.33,OWN,debt_consolidation,0
815,23287.46,22168.78,5.3,0.269,2,60,7.49,MORTGAGE,major_purchase,0
578,60196.54,15009.94,7.9,0.209,0,36,13.8,OWN,home_improvement,0
520,34707.21,28911.79,3.2,0.277,1,60,14.1,MORTGAGE,credit_card,0
751,53984.57,22837.3,6.7,0.192,0,36,8.74,RENT,credit_card,0
407,52471.25,43127.76,3.4,0.351,0,36,20.25,MORTGAGE,debt_consolidation,0
660,20951.67,4660.58,16.3,0.107,0,60,10.16,MORTGAGE,credit_card,0
674,50842.44,35784.11,5.6,0.366,0,60,12.72,OWN,other,0
691,61792.65,13279.8,5.1,0.183,2,36,8.56,MORTGAGE,home_improvement,0
420,65298.12,36493.45,2.8,0.52,2,60,18.71,MORTGAGE,credit_card,0
694,51679.4,38299.69,0.9,0.12,0,36,9.76,MORTGAGE,credit_card,0
637,20136.04,38365.81,0.6,0.189,1,36,12.13,OWN,home_improvement,0
782,87089.05,39134.61,0.9,0.254,2,36,8.82,RENT,other,0
396,58980.38,32597.61,10.5,0.664,0,36,20.3,OWN,credit_card,1
638,28524.15,7265.78,0.9,0.323,0,36,13.67,RENT,home_improvement,0
757,34389.5,3283.71,10.2,0.581,0,60,6.81,RENT,other,0
453,54396.27,15993.67,2.8,0.407,0,36,16.45,RENT,credit_card,0
709,66562.92,22783.07,8.3,0.297,0,36,9.37,RENT,home_improvement,0
354,39356.51,14315.32,4.5,0.165,0,60,19.48,MORTGAGE,major_purchase,0
695,71074.68,33657.11,4.8,0.228,0,36,10.98,RENT,credit_card,0
634,21878.4,32787.51,6.9,0.324,2,36,13.19,RENT,debt_consolidation,0
406,30665.5,43764.68,2.0,0.27,0,60,16.64,RENT,credit_card,0
336,19361.39,18625.22,0.4,0.269,0,36,19.6,RENT,debt_consolidation,0
710,32733.94,35572.02,5.3,0.431,0,36,9.83,MORTGAGE,major_purchase,0
432,96629.05,33612.8,2.3,0.266,0,60,18.1,RENT,major_purchase,1
574,123749.05,44504.98,4.2,0.14,3,60,15.88,OWN,major_purchase,0
333,54478.73,35039.07,5.9,0.176,0,36,19.51,RENT,credit_card,0
830,36779.9,13477.28,1.3,0.323,0,60,5.88,MORTGAGE,major_purchase,0
602,44367.48,1671.99,2.7,0.058,2,60,14.73,OWN,credit_card,0
813,60657.77,43599.31,2.1,0.414,1,36,6.41,RENT,debt_consolidation,0
388,24261.81,32507.04,0.4,0.055,2,60,20.26,MORTGAGE,debt_consolidation,1
413,37887.46,36754.69,3.0,0.4,1,36,18.09,MORTGAGE,major_purchase,0
636,93498.61,35902.74,5.8,0.121,0,60,11.85,MORTGAGE,major_purchase,0
633,30620.67,33373.49,0.0,0.511,1,36,12.94,OWN,home_improvement,1
735,34994.24,34064.88,2.6,0.384,0,36,8.96,RENT,debt_consolidation,0
811,49312.71,41896.16,2.1,0.147,0,36,6.18,MORTGAGE,other,0
752,55682.1,41220.9,4.3,0.506,0,36,9.63,MORTGAGE,major_purchase,0
377,37002.77,17685.98,0.7,0.466,1,36,18.62,MORTGAGE,home_improvement,1
470,50748.33,2362.31,1.3,0.747,0,60,17.9,RENT,major_purchase,0
803,64445.35,2701.99,5.5,0.178,1,36,6.89,RENT,debt_consolidation,0
602,118498.23,20652.09,2.8,0.226,0,36,12.06,RENT,major_purchase,1
777,46313.56,37739.1,3.6,0.321,0,60,9.08,MORTGAGE,major_purchase,0
610,48118.22,38294.89,4.8,0.058,0,60,12.39,MORTGAGE,home_improvement,0
327,97475.23,18793.14,0.5,0.365,0,36,20.92,RENT,other,1
560,38287.37,14270.91,5.1,0.227,0,36,12.0,RENT,debt_consolidation,0
754,27012.13,23290.46,5.7,0.551,0,60,7.32,RENT,debt_consolidation,0
660,54863.97,37631.9,3.2,0.315,0,36,12.85,RENT,other,0
373,79560.96,29005.83,4.3,0.097,0,36,20.04,RENT,major_purchase,0
415,57668.78,7151.46,11.3,0.405,0,60,19.97,MORTGAGE,debt_consolidation,0
770,46926.74,16938.29,10.5,0.047,0,36,8.15,MORTGAGE,other,0
839,25545.67,25438.74,5.3,0.257,2,60,6.35,MORTGAGE,debt_consolidation,0
714,47749.98,24683.55,7.3,0.133,0,36,11.89,RENT,credit_card,0
354,85384.49,37547.9,10.4,0.308,2,60,20.88,RENT,debt_consolidation,0
641,28131.56,42015.56,8.4,0.157,0,36,14.0,RENT,other,0
756,43908.53,5420.38,5.7,0.617,0,60,8.13,RENT,other,0
652,41176.87,10873.93,7.2,0.066,1,60,11.41,OWN,debt_consolidation,0
627,35811.81,18254.9,6.1,0.268,0,36,11.51,OWN,major_purchase,0
557,54806.57,14041.52,4.1,0.272,0,36,15.13,RENT,debt_consolidation,0
434,59843.46,18964.78,3.6,0.348,0,36,16.97,OWN,other,1
454,59561.94,2791.73,9.4,0.227,0,60,19.49,RENT,other,0
710,31584.94,3904.58,7.7,0.384,0,36,8.07,MORTGAGE,major_purchase,0
338,23372.31,37887.91,1.6,0.219,0,60,20.84,RENT,debt_consolidation,1
346,55164.49,5513.6,8.6,0.369,1,36,19.91,MORTGAGE,debt_consolidation,0
518,39039.78,37259.3,20.7,0.662,1,36,15.92,MORTGAGE,credit_card,0
726,112110.53,14486.53,3.9,0.47,0,36,8.65,OWN,credit_card,0
662,114465.57,14605.83,3.7,0.211,0,36,11.69,OWN,credit_card,0
625,120067.63,5432.87,2.8,0.112,0,36,12.99,RENT,home_improvement,0
594,32110.88,1583.59,6.7,0.849,0,36,14.06,MORTGAGE,debt_consolidation,0
361,63336.44,16632.7,1.2,0.401,0,36,22.3,RENT,home_improvement,1
482,72542.55,37755.7,0.6,0.164,0,36,16.6,RENT,debt_consolidation,1
343,68958.45,41478.04,2.7,0.444,0,36,20.37,RENT,debt_consolidation,1
717,41794.54,3709.76,15.4,0.707,2,60,9.6,RENT,credit_card,0
713,87170.76,2359.95,4.4,0.363,0,60,8.2,MORTGAGE,home_improvement,0
442,49031.28,7987.23,7.2,0.218,1,36,18.98,MORTGAGE,debt_consolidation,1
461,51929.78,34716.75,6.3,0.201,0,60,16.1,RENT,debt_consolidation,0
474,24537.92,10014.84,1.9,0.586,0,36,18.17,MORTGAGE,major_purchase,1
790,65522.2,11155.66,5.8,0.111,0,60,6.65,RENT,credit_card,0
569,43600.1,40113.48,1.0,0.172,0,60,12.14,OWN,debt_consolidation,0
719,60424.53,39497.76,0.3,0.46,3,36,6.88,MORTGAGE,credit_card,0
547,54491.56,30492.73,1.1,0.35,0,36,15.83,RENT,debt_consolidation,0
684,53179.14,8216.61,4.8,0.414,0,60,12.34,MORTGAGE,credit_card,0
591,48022.69,17770.56,2.4,0.301,0,60,13.95,RENT,major_purchase,0
453,69840.54,11391.81,3.2,0.524,0,36,16.28,RENT,major_purchase,0
782,44823.97,30561.21,3.0,0.228,0,60,6.53,OWN,debt_consolidation,0
690,25467.57,35316.97,3.0,0.291,0,36,10.07,RENT,home_improvement,0
723,63324.65,7253.88,6.8,0.355,0,60,10.76,MORTGAGE,debt_consolidation,0
822,34062.34,40510.06,4.7,0.254,0,60,6.45,MORTGAGE,home_improvement,0
437,27013.23,21364.34,17.4,0.325,0,60,16.21,MORTGAGE,major_purchase,1
350,30945.74,35980.26,3.1,0.449,0,60,19.45,RENT,other,1
620,55686.86,3272.05,5.0,0.2,2,60,12.89,MORTGAGE,debt_consolidation,0
479,46937.23,16865.57,8.5,0.671,0,36,18.21,MORTGAGE,debt_consolidation,0
540,18775.21,1650.36,0.2,0.475,0,36,15.75,OWN,credit_card,0
429,41247.87,32613.33,0.3,0.286,0,36,17.2,RENT,debt_consolidation,1
519,82963.34,4495.84,5.0,0.604,2,36,15.56,MORTGAGE,credit_card,1
516,40011.29,15884.57,0.5,0.733,0,36,16.91,RENT,debt_consolidation,1
493,45503.09,35396.94,2.0,0.134,2,60,16.3,MORTGAGE,major_purchase,1
709,78381.73,33954.53,12.5,0.579,0,36,8.14,OWN,home_improvement,0
626,70120.48,29172.74,12.8,0.052,0,60,11.67,RENT,credit_card,0
561,77636.11,31536.91,0.4,0.236,1,60,10.49,RENT,home_improvement,0
362,14077.75,29654.18,2.9,0.293,0,60,20.54,MORTGAGE,debt_consolidation,1
614,106946.65,29216.14,3.9,0.524,2,36,14.42,MORTGAGE,credit_card,0
396,65276.03,16384.8,10.2,0.068,0,60,20.96,RENT,credit_card,0
473,148399.67,2239.29,9.2,0.276,2,36,16.87,OWN,debt_consolidation,0
528,34473.74,20440.34,3.5,0.549,0,36,14.28,RENT,debt_consolidation,1
377,22168.93,3000.22,3.2,0.305,0,60,19.48,OWN,debt_consolidation,0
514,49180.29,21630.17,2.4,0.063,0,36,15.93,RENT,credit_card,0
447,43307.56,21419.47,5.6,0.222,0,60,19.2,MORTGAGE,debt_consolidation,0
768,65785.11,8863.75,2.5,0.517,0,60,8.81,RENT,other,0
773,79516.34,35507.51,0.6,0.268,0,36,6.21,MORTGAGE,debt_consolidation,0
302,47132.48,31985.21,3.2,0.252,0,36,22.89,MORTGAGE,credit_card,0
631,43988.41,25619.74,2.0,0.497,0,60,10.06,RENT,home_improvement,0
652,62020.73,41739.98,12.3,0.459,0,60,11.98,RENT,debt_consolidation,0
508,43680.28,13636.23,2.2,0.158,0,36,17.95,MORTGAGE,credit_card,0
558,42066.55,12529.42,0.8,0.185,0,36,12.53,RENT,home_improvement,0
735,78175.43,9071.18,16.0,0.119,0,36,9.18,RENT,other,0
508,86413.57,24955.35,11.8,0.38,0,60,15.86,RENT,credit_card,0
335,79840.39,10035.72,2.2,0.186,0,60,20.97,MORTGAGE,home_improvement,1
505,45446.75,39231.41,1.7,0.03,0,36,17.01,RENT,major_purchase,0
439,18715.27,14389.63,2.5,0.034,0,36,17.13,MORTGAGE,debt_consolidation,0
510,45858.11,22600.96,7.7,0.489,1,60,16.69,MORTGAGE,credit_card,0
426,34853.51,24298.47,7.7,0.293,0,36,18.0,RENT,major_purchase,0
382,46241.07,14536.45,0.1,0.158,0,36,19.76,MORTGAGE,home_improvement,0
842,36243.27,33490.46,6.2,0.262,0,60,4.54,MORTGAGE,debt_consolidation,0
371,48565.42,31451.21,0.4,0.421,1,60,21.21,RENT,major_purchase,1
689,30709.46,34475.69,2.6,0.231,0,36,10.87,MORTGAGE,credit_card,0
695,27547.78,27660.5,1.3,0.442,0,60,11.21,RENT,home_improvement,0
640,84983.4,21248.02,1.0,0.379,0,36,13.45,MORTGAGE,debt_consolidation,0
802,31686.76,20752.35,4.1,0.343,2,36,7.05,OWN,credit_card,0
302,49028.12,32527.52,7.7,0.254,0,60,21.64,MORTGAGE,credit_card,1
466,75322.31,17589.55,2.9,0.167,0,36,15.02,RENT,debt_consolidation,0
401,73971.63,20239.43,6.9,0.183,0,60,19.27,MORTGAGE,credit_card,0
617,70100.25,8201.53,3.8,0.336,0,36,14.42,OWN,debt_consolidation,0
650,56178.53,30903.74,4.5,0.692,2,36,11.75,MORTGAGE,credit_card,0
794,67900.69,4384.69,1.7,0.429,0,60,6.63,MORTGAGE,other,0
509,90934.04,44582.54,12.9,0.289,0,36,16.98,RENT,major_purchase,0
429,59353.13,7324.45,12.7,0.43,2,36,16.52,MORTGAGE,other,1
809,21445.26,17851.05,3.6,0.373,0,36,6.46,RENT,credit_card,0
670,38644.51,11462.35,3.3,0.106,0,36,10.43,MORTGAGE,debt_consolidation,0
721,67061.58,13788.96,0.1,0.151,0,36,10.82,MORTGAGE,debt_consolidation,0
545,36967.96,15187.94,2.1,0.038,2,36,15.15,RENT,credit_card,0
546,101625.3,32606.81,10.8,0.457,1,36,14.14,MORTGAGE,credit_card,0
514,47646.72,8776.97,9.6,0.211,0,36,15.16,MORTGAGE,credit_card,0
712,50937.87,12609.69,2.7,0.246,1,36,10.22,MORTGAGE,major_purchase,0
416,81318.99,5453.07,0.3,0.19,0,36,18.87,MORTGAGE,debt_consolidation,0
837,45148.74,15584.24,12.3,0.23,0,36,6.56,OWN,debt_consolidation,0
396,53067.75,42414.64,1.4,0.307,0,60,18.4,MORTGAGE,other,1
554,73468.03,17724.8,1.0,0.284,0,60,15.9,MORTGAGE,home_improvement,0
473,25272.65,35202.89,16.6,0.231,0,36,18.88,MORTGAGE,credit_card,1
654,43114.55,21314.97,3.4,0.299,0,60,13.4,MORTGAGE,debt_consolidation,0
675,71190.81,20782.39,8.4,0.133,0,60,12.56,MORTGAGE,credit_card,0
806,50489.47,37254.72,8.5,0.049,0,60,10.13,OWN,major_purchase,0
734,94873.55,2180.06,11.6,0.24,1,60,8.54,MORTGAGE,other,0
437,24120.91,39055.01,1.0,0.2,1,36,17.25,RENT,debt_consolidation,1
413,22913.9,22349.17,2.4,0.16,0,60,17.04,OWN,major_purchase,0
788,69311.0,16449.6,0.3,0.153,2,60,7.52,MORTGAGE,debt_consolidation,0
568,72374.79,40900.74,4.9,0.138,0,36,12.72,MORTGAGE,major_purchase,0
353,44937.93,15953.81,18.3,0.274,0,36,22.05,MORTGAGE,major_purchase,1
754,58698.97,44018.68,4.6,0.379,1,36,9.06,MORTGAGE,debt_consolidation,0
657,68551.68,42199.69,4.9,0.482,0,36,11.22,MORTGAGE,home_improvement,0
314,33987.96,12788.62,7.7,0.419,0,36,20.29,OWN,other,1
731,35664.76,15986.52,3.7,0.238,0,36,7.93,MORTGAGE,home_improvement,0
634,53389.9,36735.37,2.9,0.166,0,36,11.66,MORTGAGE,credit_card,0
638,73632.37,9606.84,4.0,0.113,1,36,14.12,MORTGAGE,debt_consolidation,0
776,29007.78,33205.87,1.6,0.268,1,60,9.53,MORTGAGE,debt_consolidation,0
573,44843.04,6682.65,1.7,0.295,0,36,14.97,MORTGAGE,debt_consolidation,0
554,43918.61,10046.64,2.8,0.397,0,36,12.01,OWN,debt_consolidation,0
640,59164.77,23022.26,3.2,0.224,0,36,12.0,MORTGAGE,debt_consolidation,0
408,48829.3,33818.8,7.0,0.446,0,36,18.57,RENT,major_purchase,0
383,38343.96,33534.86,3.4,0.132,0,36,18.75,RENT,debt_consolidation,0
764,85978.68,27792.58,11.8,0.394,0,60,8.57,RENT,major_purchase,0
418,38458.47,12972.96,5.2,0.206,0,60,17.49,MORTGAGE,other,1
577,42982.86,19276.63,8.6,0.361,0,36,13.3,RENT,credit_card,0
448,23952.45,11833.43,1.4,0.093,1,60,16.66,OWN,debt_consolidation,0
426,35556.15,13188.77,4.8,0.518,0,36,17.57,RENT,major_purchase,0
629,61835.58,15221.86,17.4,0.584,0,36,8.47,MORTGAGE,other,0
742,56628.68,27349.3,0.2,0.369,2,36,9.23,OWN,debt_consolidation,0
543,64201.55,10134.18,3.8,0.39,0,36,15.69,OWN,debt_consolidation,0
376,62814.55,2873.06,2.7,0.078,0,36,18.83,RENT,major_purchase,0
434,125426.01,31468.0,0.4,0.43,1,36,19.45,MORTGAGE,debt_consolidation,0
390,35012.61,1959.48,0.5,0.085,0,36,18.34,MORTGAGE,credit_card,0
786,23653.33,43714.53,4.3,0.148,0,60,6.4,OWN,debt_consolidation,0
476,30554.01,16412.56,6.3,0.335,0,36,18.14,MORTGAGE,major_purchase,0
506,35716.09,1289.58,11.9,0.394,2,60,15.38,RENT,debt_consolidation,1
339,31620.25,39921.75,8.3,0.476,1,60,21.15,RENT,home_improvement,0
545,51131.06,27391.4,16.4,0.201,1,36,13.12,RENT,credit_card,0
803,86137.03,36965.26,0.2,0.096,0,36,7.18,MORTGAGE,other,0
525,98012.14,20141.09,17.6,0.211,0,36,15.07,OWN,debt_consolidation,0
658,61509.0,16584.0,4.8,0.302,0,36,11.13,MORTGAGE,credit_card,0
400,128485.65,29828.34,4.5,0.114,0,60,18.66,OWN,major_purchase,0
378,41757.41,18864.04,2.2,0.453,0,36,19.95,MORTGAGE,credit_card,0
703,23514.36,25473.18,5.8,0.139,0,36,10.42,MORTGAGE,other,0
336,78741.86,13224.21,15.1,0.352,0,60,21.57,RENT,debt_consolidation,0
547,21431.83,15636.4,5.2,0.587,1,60,12.43,MORTGAGE,credit_card,0
474,34900.23,4616.39,1.5,0.366,0,36,18.74,RENT,major_purchase,0
308,61947.99,35380.37,5.3,0.423,0,36,21.5,RENT,credit_card,0
592,46813.57,16349.44,3.7,0.128,1,36,12.88,OWN,debt_consolidation,0
831,44984.41,43899.96,1.9,0.266,0,36,6.97,RENT,debt_consolidation,0
338,28814.8,12429.39,4.0,0.227,0,36,20.68,OWN,major_purchase,1
749,48783.09,21902.32,2.8,0.636,1,36,9.08,RENT,debt_consolidation,0
597,77006.73,14443.42,1.5,0.346,0,36,12.91,RENT,debt_consolidation,0
698,49463.27,31532.72,0.2,0.225,0,60,11.11,MORTGAGE,credit_card,0
353,33738.62,36568.1,0.8,0.077,1,36,18.53,OWN,other,1
778,27962.17,22428.47,9.9,0.457,0,60,8.38,RENT,credit_card,0
306,34053.31,17144.81,2.9,0.211,0,36,21.21,RENT,credit_card,1
799,58486.44,33769.06,1.7,0.343,0,36,5.3,MORTGAGE,other,0
662,57217.84,9424.02,3.9,0.588,0,60,12.79,OWN,debt_consolidation,0
485,34192.85,27376.52,5.6,0.233,0,36,16.17,RENT,debt_consolidation,0
303,18127.01,33279.48,5.0,0.321,3,36,23.13,MORTGAGE,credit_card,1
636,59219.48,12847.86,1.7,0.414,0,60,13.1,RENT,home_improvement,0
348,32729.49,29850.77,24.7,0.072,0,36,19.72,RENT,major_purchase,0
635,66841.41,33349.95,1.7,0.08,3,60,13.65,RENT,home_improvement,0
726,34882.85,6166.33,1.9,0.14,3,36,9.33,MORTGAGE,credit_card,0
447,31427.7,15251.93,2.7,0.299,0,36,16.92,OWN,home_improvement,0
431,52518.85,18877.47,11.6,0.192,0,60,17.0,RENT,debt_consolidation,0
422,141628.78,35142.13,4.2,0.065,0,36,17.49,MORTGAGE,major_purchase,0
423,68669.71,25970.23,1.0,0.376,0,36,18.87,MORTGAGE,credit_card,0
362,52119.72,20780.7,2.4,0.292,0,60,19.31,RENT,credit_card,0
437,57611.83,15025.99,1.2,0.391,1,36,18.53,RENT,home_improvement,0
663,22292.33,1178.7,2.7,0.357,0,60,10.82,OWN,debt_consolidation,0
466,29582.75,1889.68,2.4,0.106,0,36,18.31,RENT,home_improvement,1
730,15836.65,11579.63,0.3,0.162,0,60,9.03,RENT,debt_consolidation,0
751,106771.17,6134.39,1.8,0.274,0,36,8.66,RENT,credit_card,0
719,97472.32,6261.81,5.7,0.308,0,36,9.65,MORTGAGE,major_purchase,0
597,58499.2,27520.54,9.8,0.293,3,60,13.58,MORTGAGE,debt_consolidation,0
474,52093.83,27640.03,2.2,0.094,0,60,16.98,OWN,credit_card,0
812,24386.49,2969.97,2.8,0.318,1,36,5.96,MORTGAGE,home_improvement,0
413,44414.22,27133.15,8.7,0.124,0,60,21.0,RENT,home_improvement,0
555,109817.63,7416.02,6.1,0.353,1,36,15.37,RENT,debt_consolidation,0
549,52007.19,17597.93,13.3,0.254,0,36,15.87,OWN,debt_consolidation,1
710,38021.58,44546.09,2.8,0.111,0,60,11.49,MORTGAGE,debt_consolidation,0
601,22222.67,23968.24,0.6,0.12,0,60,12.99,MORTGAGE,major_purchase,0
740,91229.86,2504.27,0.8,0.381,0,36,10.19,MORTGAGE,major_purchase,0
806,47498.92,16296.96,2.5,0.44,0,60,8.9,RENT,credit_card,0
515,22236.04,30519.52,7.7,0.242,0,60,17.46,MORTGAGE,other,0
782,32340.66,10882.31,8.5,0.298,0,60,9.1,RENT,debt_consolidation,0
393,27587.22,43435.77,1.6,0.158,0,36,19.03,MORTGAGE,home_improvement,1
804,46199.09,19712.92,1.2,0.322,0,36,8.96,OWN,debt_consolidation,0
398,53814.73,1927.84,9.7,0.724,0,60,17.62,OWN,debt_consolidation,1
768,39087.28,24784.91,6.0,0.344,0,60,7.62,RENT,debt_consolidation,0
515,69540.94,30752.34,0.6,0.465,0,36,12.98,RENT,debt_consolidation,0
831,50790.32,21063.61,2.8,0.096,0,36,6.26,MORTGAGE,credit_card,0
371,79066.19,41839.52,4.7,0.274,1,60,19.44,MORTGAGE,credit_card,1
556,41741.98,40685.02,10.2,0.115,0,60,13.99,MORTGAGE,credit_card,0
796,192990.55,7114.24,0.6,0.07,0,36,7.31,MORTGAGE,other,0
326,38024.28,4517.72,10.0,0.159,0,36,19.93,RENT,major_purchase,1
446,32646.78,14741.6,0.9,0.504,0,60,18.5,RENT,debt_consolidation,1
346,30889.29,27757.84,1.8,0.209,0,36,20.39,MORTGAGE,debt_consolidation,0
477,44581.61,27470.19,7.5,0.175,0,60,16.46,MORTGAGE,other,0
515,22611.38,12952.3,18.4,0.23,0,60,14.14,RENT,credit_card,0
641,55969.0,42848.42,0.2,0.268,1,36,10.85,RENT,other,0
441,20798.02,14522.6,14.8,0.197,2,60,16.77,RENT,debt_consolidation,1
387,52720.09,36384.78,1.7,0.263,1,36,20.04,OWN,other,0
393,26687.13,37607.13,5.1,0.53,0,36,22.61,RENT,home_improvement,1
817,41291.75,5331.14,2.4,0.385,0,60,7.25,RENT,credit_card,0
825,64346.84,11232.33,4.7,0.326,0,36,7.67,MORTGAGE,debt_consolidation,0
421,138249.73,10468.43,5.5,0.761,0,36,19.51,RENT,credit_card,0
407,30178.94,41464.66,7.0,0.248,0,36,16.93,RENT,home_improvement,0
329,45814.56,16448.62,0.1,0.348,1,60,22.54,OWN,debt_consolidation,0
828,35394.39,37804.74,4.9,0.453,1,36,6.94,MORTGAGE,major_purchase,0
689,33142.06,22032.79,2.2,0.521,0,36,11.97,MORTGAGE,major_purchase,0
719,35534.59,21117.64,3.3,0.415,0,36,8.58,MORTGAGE,home_improvement,0
460,71028.03,40750.54,14.4,0.302,0,36,17.67,MORTGAGE,credit_card,1
653,39354.86,20399.66,7.0,0.353,0,36,12.56,RENT,other,0
332,134886.74,33773.48,2.8,0.315,0,60,20.96,OWN,credit_card,1
672,59112.08,19672.61,4.5,0.1,2,36,9.79,RENT,home_improvement,0
619,31116.55,5482.27,9.2,0.234,0,36,10.63,RENT,credit_card,0
482,41563.71,3336.17,11.7,0.53,0,36,17.55,RENT,debt_consolidation,1
691,34172.24,10162.57,2.2,0.493,0,60,11.32,MORTGAGE,other,0
656,70265.13,32779.79,0.5,0.319,0,36,10.81,MORTGAGE,debt_consolidation,0
541,23448.2,17440.59,5.8,0.503,0,60,15.96,MORTGAGE,home_improvement,0
402,26811.12,20980.73,2.6,0.249,1,36,18.36,MORTGAGE,debt_consolidation,1
312,37564.11,5482.56,0.7,0.163,0,60,20.46,RENT,home_improvement,1
816,66657.71,28413.65,5.0,0.224,0,36,7.49,MORTGAGE,major_purchase,0
455,85380.85,36351.72,1.0,0.463,0,60,15.4,RENT,credit_card,1
466,91239.57,28486.06,0.9,0.243,1,36,17.41,OWN,credit_card,1
675,62218.69,44323.02,8.0,0.397,0,60,9.05,MORTGAGE,credit_card,0
440,47225.99,1719.02,4.0,0.229,0,60,16.52,RENT,credit_card,0
507,70093.24,1689.47,3.5,0.053,0,36,15.51,RENT,credit_card,0
691,29289.22,23000.25,1.4,0.061,1,36,11.46,RENT,debt_consolidation,0
628,21373.44,12721.95,6.0,0.024,0,60,10.0,RENT,credit_card,0
661,59664.17,31206.46,3.8,0.382,0,36,12.37,MORTGAGE,major_purchase,0
302,31177.27,35901.25,3.9,0.137,0,36,23.36,RENT,home_improvement,1
548,47601.14,5507.18,1.2,0.134,0,36,15.07,RENT,home_improvement,0
561,51732.02,41362.88,17.0,0.635,0,36,14.19,RENT,credit_card,0
648,54811.42,2316.61,5.9,0.247,0,60,11.84,RENT,credit_card,0
383,74757.6,31289.77,1.2,0.167,0,60,17.86,RENT,major_purchase,1
387,71284.47,17918.03,2.8,0.149,0,36,19.4,MORTGAGE,debt_consolidation,0
720,53516.75,30367.33,11.0,0.456,0,60,10.15,OWN,credit_card,0
671,40178.73,5296.0,11.6,0.169,0,36,15.61,MORTGAGE,credit_card,0
746,51456.54,42231.53,3.5,0.314,1,60,10.56,MORTGAGE,home_improvement,0
449,37485.34,42245.97,17.9,0.298,0,36,17.46,MORTGAGE,home_improvement,0
849,44873.69,23853.64,4.5,0.436,2,60,4.82,RENT,debt_consolidation,0
450,159241.63,23421.72,2.6,0.265,2,60,18.04,MORTGAGE,debt_consolidation,0
658,53209.13,28931.56,1.1,0.25,0,36,11.51,MORTGAGE,debt_consolidation,0
389,60030.63,26523.03,3.1,0.205,0,36,19.84,MORTGAGE,home_improvement,0
806,35686.71,24916.05,14.4,0.101,0,36,6.03,RENT,credit_card,0
483,77577.52,26924.41,11.8,0.315,2,36,14.67,MORTGAGE,debt_consolidation,0
742,69018.0,38779.73,11.5,0.185,1,60,9.6,RENT,credit_card,0
482,69238.24,27886.94,1.2,0.647,0,60,16.11,MORTGAGE,major_purchase,0
735,53997.93,9616.71,5.7,0.33,0,60,9.32,MORTGAGE,debt_consolidation,0
550,78071.91,41212.13,10.6,0.576,0,60,13.42,MORTGAGE,debt_consolidation,0
334,86877.85,10502.27,12.3,0.251,0,36,22.32,MORTGAGE,debt_consolidation,1
404,55681.01,8267.11,3.9,0.277,1,60,17.43,RENT,home_improvement,0
676,46556.62,44870.54,5.4,0.201,2,36,12.07,MORTGAGE,major_purchase,0
406,73317.67,10390.33,0.2,0.644,0,60,18.83,RENT,debt_consolidation,1
451,32635.1,5404.11,9.4,0.296,0,60,17.32,MORTGAGE,major_purchase,0
598,35486.86,25728.32,7.7,0.133,1,60,13.52,RENT,credit_card,0
439,47859.02,37396.52,9.0,0.344,0,36,17.69,RENT,major_purchase,0
371,22390.44,3673.03,0.6,0.299,0,36,19.55,RENT,major_purchase,0
643,71140.91,22564.58,17.9,0.115,1,36,11.97,RENT,home_improvement,0
679,31783.06,4014.1,1.7,0.477,0,36,10.37,OWN,debt_consolidation,0
703,39649.32,19862.41,2.9,0.195,0,60,10.64,RENT,debt_consolidation,0
820,44534.71,16134.25,4.6,0.382,2,36,8.41,OWN,debt_consolidation,0
368,49895.15,7033.69,5.9,0.302,1,36,23.05,MORTGAGE,debt_consolidation,1
535,41997.11,41964.93,5.1,0.156,0,60,16.36,OWN,major_purchase,0
428,47556.94,28935.03,1.9,0.351,0,36,19.08,MORTGAGE,home_improvement,0
796,47722.94,38094.48,10.0,0.549,0,36,5.07,RENT,credit_card,0
597,40088.15,40861.56,1.4,0.513,0,36,13.17,RENT,debt_consolidation,0
354,34615.7,41928.15,0.9,0.394,0,36,19.61,RENT,debt_consolidation,1
681,79750.9,33917.04,3.6,0.153,1,36,9.08,MORTGAGE,other,0
323,19015.65,14505.73,0.8,0.402,0,36,22.57,MORTGAGE,home_improvement,1
451,44686.57,37473.04,17.3,0.557,0,36,15.62,MORTGAGE,other,0
697,39695.58,23888.05,6.1,0.195,0,36,9.46,MORTGAGE,credit_card,0
578,59186.94,12952.77,1.8,0.203,0,36,11.81,RENT,debt_consolidation,0
719,25477.94,17974.05,2.0,0.462,3,60,9.64,RENT,major_purchase,0
614,39147.69,14253.84,9.2,0.247,2,36,14.23,MORTGAGE,other,0
764,46814.03,21512.98,1.9,0.229,0,36,7.03,MORTGAGE,credit_card,0
609,79342.81,35378.75,3.9,0.374,1,36,12.37,RENT,debt_consolidation,0
331,56924.62,22334.16,10.3,0.352,0,36,22.06,MORTGAGE,home_improvement,1
339,28779.84,12785.78,3.6,0.136,0,36,22.37,RENT,major_purchase,1
728,39365.12,4845.74,3.7,0.286,1,36,9.57,RENT,major_purchase,0
321,73037.12,38653.27,1.9,0.226,0,60,19.9,RENT,major_purchase,1
507,28556.83,19364.22,4.5,0.197,2,36,15.59,RENT,other,0
308,47316.3,20444.59,4.5,0.252,0,36,21.26,RENT,credit_card,1
467,48820.02,34603.75,19.7,0.35,0,36,16.41,MORTGAGE,home_improvement,0
627,41208.41,38387.97,7.5,0.181,0,36,10.9,MORTGAGE,home_improvement,0
395,164898.98,23490.38,6.4,0.163,0,36,20.1,OWN,credit_card,0
556,40711.7,28824.18,0.4,0.055,0,60,14.14,RENT,major_purchase,0
848,60017.67,11522.89,6.1,0.55,0,60,4.0,RENT,debt_consolidation,0
338,34723.24,42142.99,1.1,0.559,0,36,21.58,MORTGAGE,home_improvement,1
335,62161.22,25988.54,5.1,0.334,0,36,22.99,MORTGAGE,credit_card,1
449,72537.17,32662.62,0.3,0.738,0,36,18.0,MORTGAGE,debt_consolidation,0
755,37624.71,6025.37,0.7,0.316,0,36,7.53,RENT,debt_consolidation,0
523,47828.84,29024.52,11.0,0.037,0,60,18.05,RENT,debt_consolidation,0
652,32765.26,17233.79,3.3,0.348,0,36,11.73,MORTGAGE,debt_consolidation,0
318,29290.49,20802.77,3.8,0.26,0,60,22.4,MORTGAGE,home_improvement,1
705,78163.49,31015.13,10.0,0.173,0,60,9.75,RENT,credit_card,0
337,38204.16,36038.41,8.6,0.461,2,36,20.14,MORTGAGE,major_purchase,1
692,16545.58,16372.07,5.4,0.146,0,60,11.47,MORTGAGE,other,0
381,108489.67,39422.42,2.6,0.32,0,60,18.48,RENT,debt_consolidation,0
772,34168.42,10635.57,4.9,0.1,0,60,7.75,MORTGAGE,debt_consolidation,0
463,43876.41,25767.52,8.1,0.236,0,60,17.11,RENT,debt_consolidation,0
401,102580.99,7655.68,14.0,0.495,0,36,20.58,MORTGAGE,credit_card,0
485,45991.69,13726.99,6.7,0.443,0,60,14.93,RENT,major_purchase,0
300,45546.93,40398.1,0.4,0.255,0,36,23.27,MORTGAGE,debt_consolidation,0
390,28206.91,1508.5,12.0,0.101,0,60,20.31,MORTGAGE,major_purchase,0
629,23489.88,41286.89,0.0,0.651,0,36,13.13,RENT,debt_consolidation,0
465,45484.47,15449.69,8.8,0.162,0,36,18.04,OWN,home_improvement,0
494,57714.54,31615.0,4.0,0.244,0,60,15.0,MORTGAGE,major_purchase,0
744,56245.79,5035.6,6.7,0.221,1,60,7.4,MORTGAGE,other,0
368,39475.38,29215.94,0.7,0.184,0,60,17.84,MORTGAGE,credit_card,0
518,49469.72,41016.3,3.7,0.243,0,36,15.19,MORTGAGE,debt_consolidation,0
402,21445.19,25428.88,3.4,0.23,0,60,19.39,MORTGAGE,credit_card,1
566,60299.26,16933.35,2.7,0.493,0,36,13.07,RENT,credit_card,0
482,52713.8,35917.42,3.0,0.308,0,60,17.39,RENT,home_improvement,0
325,119151.06,32359.92,7.8,0.294,0,36,21.06,OWN,credit_card,0
338,49186.08,6178.47,6.9,0.339,0,36,20.88,MORTGAGE,debt_consolidation,0
769,32073.93,30290.87,1.7,0.357,2,36,9.08,RENT,debt_consolidation,0
331,47914.55,30244.86,2.6,0.478,2,36,21.1,OWN,other,1
731,42297.79,34084.53,4.0,0.066,3,60,8.03,RENT,credit_card,0
804,59612.38,14917.5,2.3,0.113,0,36,9.2,MORTGAGE,credit_card,0
556,49617.63,18656.23,23.4,0.018,0,60,15.19,RENT,debt_consolidation,0
471,27806.47,43241.67,1.5,0.072,0,36,15.67,RENT,debt_consolidation,0
727,23480.26,26232.1,2.6,0.388,1,36,9.31,MORTGAGE,credit_card,0
841,55177.4,23374.22,8.9,0.144,0,60,6.45,RENT,credit_card,0
366,91345.25,44421.39,21.8,0.14,0,36,18.63,OWN,debt_consolidation,0
831,50802.79,11100.54,2.8,0.209,0,36,7.48,OWN,major_purchase,0
819,70684.66,18509.22,3.4,0.386,0,36,5.55,RENT,other,0
378,77324.34,34434.88,9.4,0.242,3,36,21.76,OWN,debt_consolidation,1
330,55273.91,32376.43,0.0,0.255,0,36,22.24,OWN,home_improvement,1
693,33978.35,43534.83,1.0,0.292,0,60,9.74,RENT,debt_consolidation,0
342,53524.17,29789.21,9.3,0.501,0,36,19.49,RENT,debt_consolidation,0
631,84388.19,14776.18,1.5,0.368,0,36,12.53,MORTGAGE,debt_consolidation,0
335,62221.18,18496.69,3.8,0.111,0,36,19.29,RENT,debt_consolidation,1
680,68645.47,4947.37,20.0,0.401,0,60,10.73,MORTGAGE,credit_card,0
427,39809.23,41643.69,1.1,0.352,0,60,18.27,MORTGAGE,debt_consolidation,1
353,44754.21,6661.39,1.8,0.474,0,36,20.9,MORTGAGE,debt_consolidation,1
336,46470.49,25010.96,17.5,0.239,0,60,22.12,MORTGAGE,debt_consolidation,1
403,47901.3,18661.39,12.2,0.166,0,36,20.01,MORTGAGE,home_improvement,0
597,82915.83,6905.84,2.8,0.373,0,36,14.51,MORTGAGE,other,0
342,17047.72,13891.66,3.0,0.247,2,36,21.22,OWN,debt_consolidation,1
742,49699.11,28877.04,0.9,0.248,0,60,9.32,RENT,debt_consolidation,0
632,47298.16,2375.07,7.4,0.317,0,36,11.54,RENT,debt_consolidation,0
463,26445.06,43503.54,0.4,0.558,1,60,14.88,RENT,other,1
843,66323.21,41000.21,15.6,0.406,0,36,6.36,MORTGAGE,major_purchase,0
662,35382.58,4722.46,2.6,0.508,0,36,10.0,RENT,credit_card,0
670,41745.01,39207.56,0.4,0.254,1,60,11.36,MORTGAGE,debt_consolidation,0
395,112639.96,15457.13,6.4,0.368,1,36,16.52,RENT,credit_card,1
691,77225.74,3970.2,8.2,0.154,3,60,9.16,RENT,debt_consolidation,0
608,63482.47,14468.96,2.7,0.335,0,36,12.12,MORTGAGE,debt_consolidation,0
842,58183.07,36591.05,5.3,0.099,1,36,10.02,RENT,credit_card,0
563,45519.4,30296.58,4.0,0.31,0,36,13.44,MORTGAGE,home_improvement,0
673,120537.93,11496.62,10.2,0.041,0,60,10.61,MORTGAGE,major_purchase,0
487,70331.53,32643.76,3.3,0.055,0,36,16.62,MORTGAGE,debt_consolidation,0
322,34985.97,32144.13,15.1,0.249,0,60,22.3,OWN,credit_card,0
370,26106.88,33685.9,7.8,0.162,0,36,19.08,RENT,home_improvement,0
777,63264.34,24788.89,4.5,0.314,0,36,5.77,RENT,other,0
706,47803.73,37033.61,1.6,0.365,1,60,8.31,RENT,other,0
500,25770.3,29219.94,1.2,0.137,0,36,15.77,OWN,debt_consolidation,0
684,59448.39,6517.57,9.6,0.273,1,60,12.65,MORTGAGE,credit_card,0
302,43431.39,36651.26,1.4,0.242,0,60,20.72,OWN,other,0
320,62242.87,15245.8,3.3,0.451,0,36,22.34,OWN,credit_card,0
579,59801.32,32021.53,1.8,0.495,0,36,13.27,OWN,debt_consolidation,0
644,37282.57,30705.8,2.8,0.21,1,60,11.75,RENT,home_improvement,0
816,65171.67,15780.15,0.1,0.514,0,36,5.59,MORTGAGE,credit_card,0
718,39180.82,8114.08,1.2,0.278,1,36,10.29,RENT,major_purchase,0
441,40344.21,31578.16,5.5,0.176,1,36,18.58,RENT,other,0
749,38579.56,38357.03,6.8,0.118,0,60,6.91,RENT,credit_card,0
570,81547.3,37882.18,11.3,0.261,0,36,13.14,OWN,credit_card,0
755,43206.34,28566.21,1.4,0.28,0,60,8.61,MORTGAGE,credit_card,0
395,90907.65,11005.92,0.5,0.666,0,36,19.85,MORTGAGE,credit_card,0
314,109378.34,14913.24,1.0,0.515,0,60,24.44,MORTGAGE,credit_card,1
331,35156.91,34203.62,3.5,0.424,0,36,20.3,MORTGAGE,home_improvement,0
845,13168.09,19077.57,1.0,0.416,0,60,4.0,RENT,debt_consolidation,0
344,78435.29,33229.89,3.2,0.408,0,36,20.01,MORTGAGE,major_purchase,1
817,42028.9,14615.8,8.2,0.095,0,36,7.37,RENT,major_purchase,0
700,33197.04,1278.0,9.8,0.347,0,36,10.93,MORTGAGE,debt_consolidation,0
380,37611.94,27553.56,5.3,0.385,1,60,19.42,RENT,debt_consolidation,0
776,40673.57,27440.32,3.8,0.469,0,60,6.85,MORTGAGE,home_improvement,0
379,87880.82,28612.41,3.4,0.248,0,36,20.14,MORTGAGE,other,0
378,52678.36,12800.17,4.3,0.091,0,60,19.84,OWN,debt_consolidation,0
617,87344.85,36687.12,3.2,0.497,0,60,13.06,RENT,major_purchase,0
458,61230.4,22448.54,0.1,0.258,0,36,16.52,RENT,other,0
460,42652.71,34545.07,3.1,0.016,0,36,18.36,RENT,major_purchase,0
407,41123.67,27888.11,1.6,0.215,1,36,19.11,MORTGAGE,credit_card,1
634,63115.64,19307.12,0.1,0.406,1,36,12.15,MORTGAGE,other,0
314,70911.76,30903.58,1.3,0.62,0,36,22.84,MORTGAGE,debt_consolidation,1
435,76769.04,26299.0,4.7,0.368,0,60,17.64,RENT,major_purchase,0
604,43578.0,23471.29,0.0,0.344,1,60,14.22,RENT,home_improvement,0
568,53042.18,29536.66,0.5,0.363,0,60,13.51,RENT,credit_card,0
685,63755.98,4781.31,1.9,0.237,0,60,9.43,MORTGAGE,major_purchase,0
419,41242.14,41051.49,4.2,0.328,1,36,18.51,MORTGAGE,home_improvement,1
656,29415.5,15743.61,4.0,0.244,0,60,9.17,OWN,major_purchase,0
718,34104.27,10886.49,3.6,0.432,0,60,10.25,RENT,debt_consolidation,0
513,43981.93,34959.04,5.0,0.096,0,36,17.04,RENT,credit_card,0
441,66038.5,11173.76,0.1,0.35,0,36,20.79,RENT,credit_card,0
605,86382.46,44813.86,0.5,0.356,0,36,14.35,MORTGAGE,home_improvement,1
618,26629.6,19501.67,11.9,0.231,0,60,14.91,MORTGAGE,home_improvement,0
351,37466.21,14051.47,1.6,0.181,0,60,20.87,MORTGAGE,home_improvement,0
611,41729.43,3730.86,6.8,0.627,1,36,14.63,RENT,major_purchase,0
385,70096.12,2839.38,0.3,0.313,0,36,19.75,MORTGAGE,debt_consolidation,1
613,38651.86,5186.18,2.6,0.205,0,60,14.6,MORTGAGE,credit_card,0
813,40401.43,1221.44,3.1,0.028,0,36,4.48,RENT,credit_card,0
595,25967.56,15391.96,5.0,0.451,0,60,12.08,OWN,home_improvement,0
719,60933.19,14659.99,9.9,0.32,0,60,9.36,RENT,credit_card,0
470,45586.66,19924.04,2.6,0.35,0,60,18.11,RENT,debt_consolidation,0
808,36522.35,11248.61,0.8,0.134,0,36,8.09,RENT,debt_consolidation,0
747,43617.73,3760.61,3.1,0.507,0,60,7.87,MORTGAGE,debt_consolidation,0
805,81401.42,4131.15,0.3,0.402,0,60,5.61,MORTGAGE,credit_card,0
708,31188.38,9014.44,8.1,0.489,0,36,9.97,MORTGAGE,home_improvement,0
657,33565.47,14929.94,3.0,0.065,1,60,11.05,RENT,credit_card,0
589,86121.43,7511.65,0.5,0.121,0,36,13.11,MORTGAGE,debt_consolidation,0
811,50721.17,17065.18,1.4,0.04,0,60,6.8,MORTGAGE,debt_consolidation,0
767,66263.16,41577.69,5.3,0.306,0,60,8.14,RENT,home_improvement,0
529,58734.84,12510.53,4.8,0.305,0,60,16.5,OWN,debt_consolidation,0
347,48247.51,8409.57,0.7,0.21,1,60,21.71,OWN,debt_consolidation,0
301,41909.4,30250.16,0.3,0.512,0,60,21.44,RENT,debt_consolidation,1
428,71267.89,22598.77,8.4,0.504,0,60,17.81,MORTGAGE,debt_consolidation,0
334,82706.33,3079.18,0.0,0.387,1,36,21.97,RENT,major_purchase,0
416,79848.37,35663.52,2.2,0.137,0,60,18.95,MORTGAGE,debt_consolidation,0
360,28754.16,32475.09,2.0,0.573,3,60,21.37,RENT,debt_consolidation,1
840,88186.57,44001.13,2.0,0.116,1,60,6.89,RENT,debt_consolidation,0
352,41728.06,42285.49,1.6,0.155,0,36,20.45,RENT,major_purchase,0
645,34899.81,26706.92,4.7,0.316,0,60,12.21,RENT,major_purchase,0
493,45424.3,31184.94,9.1,0.121,0,36,14.11,RENT,credit_card,0
395,71254.11,19018.3,4.5,0.419,0,36,18.48,MORTGAGE,home_improvement,0
686,62517.94,40092.56,2.8,0.338,0,60,12.54,RENT,major_purchase,0
834,43698.81,25323.59,6.6,0.245,0,36,7.72,RENT,debt_consolidation,0
735,71464.04,15324.26,1.5,0.308,1,36,9.04,RENT,credit_card,0
837,52205.19,1417.63,2.1,0.393,1,36,5.05,MORTGAGE,debt_consolidation,0
625,37879.41,26803.79,3.2,0.373,0,36,13.33,RENT,debt_consolidation,0
671,35645.71,24119.09,9.8,0.364,0,36,8.89,MORTGAGE,credit_card,0
380,58959.48,36722.6,0.3,0.25,0,36,20.25,OWN,debt_consolidation,1
769,47233.89,9228.2,0.8,0.139,2,60,8.42,OWN,debt_consolidation,0
712,26397.45,36877.66,3.5,0.38,0,36,9.69,RENT,debt_consolidation,0
439,71770.06,1672.48,0.3,0.161,0,60,19.22,OWN,major_purchase,0
495,39492.9,26841.79,4.8,0.385,0,36,17.41,OWN,major_purchase,0
636,100353.46,18461.51,0.3,0.261,1,36,13.15,RENT,major_purchase,0
307,26072.97,15586.9,2.0,0.067,0,36,23.67,OWN,home_improvement,0
750,45192.26,20065.02,6.7,0.061,0,36,8.24,OWN,debt_consolidation,0
454,35775.19,10838.03,4.8,0.238,0,60,16.88,MORTGAGE,home_improvement,0
341,31604.66,9070.73,5.4,0.034,2,60,20.89,MORTGAGE,credit_card,1
482,39377.28,36424.7,8.0,0.273,0,60,18.87,OWN,debt_consolidation,0
760,108744.4,11021.37,7.1,0.139,0,60,6.65,RENT,debt_consolidation,0
451,52287.71,33426.77,8.9,0.394,0,36,16.97,MORTGAGE,debt_consolidation,1
597,34328.51,32299.86,5.6,0.489,0,36,12.62,OWN,major_purchase,1
747,21528.16,2469.62,0.8,0.325,0,60,9.59,MORTGAGE,home_improvement,0
318,22592.81,39767.19,1.2,0.384,0,36,20.1,RENT,credit_card,1
718,38506.86,35731.63,6.2,0.139,0,60,9.92,RENT,other,0
459,36858.46,36026.96,11.6,0.596,0,36,19.43,OWN,credit_card,0
683,44319.37,36604.41,2.7,0.071,1,36,9.38,MORTGAGE,credit_card,0
403,17632.82,26632.34,4.1,0.488,0,36,17.97,MORTGAGE,credit_card,0
376,47039.52,44708.76,9.1,0.335,0,36,19.94,RENT,debt_consolidation,0
734,77845.27,8882.69,6.2,0.456,2,36,10.47,MORTGAGE,debt_consolidation,0
745,101750.45,4182.78,7.7,0.217,0,36,9.28,RENT,debt_consolidation,0
840,20899.89,31983.37,0.9,0.149,1,60,7.44,OWN,debt_consolidation,0
673,34179.22,13933.24,0.6,0.494,0,36,12.28,MORTGAGE,debt_consolidation,0
556,33376.08,27762.26,12.1,0.121,1,36,13.19,MORTGAGE,debt_consolidation,0
407,52343.06,18234.87,1.9,0.385,1,60,18.72,OWN,credit_card,0
462,28313.74,15675.06,1.2,0.278,0,60,14.88,MORTGAGE,debt_consolidation,0
657,104507.95,40302.94,0.3,0.258,0,36,12.25,MORTGAGE,debt_consolidation,0
490,49990.34,7249.91,0.4,0.246,0,36,19.03,MORTGAGE,credit_card,1
566,46378.17,9315.37,4.5,0.103,1,36,13.55,OWN,debt_consolidation,0
392,100380.29,30385.0,17.2,0.535,0,60,18.95,OWN,credit_card,1
542,48668.08,35434.44,2.3,0.498,0,36,14.12,MORTGAGE,credit_card,0
431,58696.57,37617.44,9.5,0.233,2,60,19.98,RENT,debt_consolidation,0
361,34966.33,11170.59,9.3,0.424,0,36,21.0,MORTGAGE,debt_consolidation,0
372,26456.95,39812.99,2.5,0.09,0,60,19.55,RENT,debt_consolidation,1
585,37247.39,27820.23,2.8,0.136,0,36,12.06,RENT,major_purchase,0
501,131155.53,37221.61,3.0,0.707,2,60,15.82,RENT,credit_card,1
355,65176.84,4014.97,12.3,0.247,0,36,19.12,MORTGAGE,home_improvement,0
583,55466.84,16703.35,1.5,0.435,0,60,13.64,RENT,major_purchase,0
390,31591.14,24094.02,0.5,0.219,3,36,19.56,MORTGAGE,major_purchase,1
308,73870.06,26386.11,1.3,0.157,0,36,20.73,OWN,major_purchase,1
373,26609.88,5359.15,4.8,0.408,0,36,19.41,RENT,debt_consolidation,0
547,24217.35,24700.96,5.0,0.071,0,36,15.99,MORTGAGE,home_improvement,0
825,38120.25,30281.4,8.0,0.617,0,36,5.97,RENT,debt_consolidation,0
433,118127.63,16910.18,4.4,0.514,2,36,20.03,RENT,home_improvement,1
456,115157.08,23032.53,0.1,0.375,0,36,18.09,RENT,credit_card,0
433,40012.35,13872.92,15.7,0.338,0,60,18.55,MORTGAGE,other,0
495,36192.62,39302.01,21.1,0.096,0,36,16.9,MORTGAGE,credit_card,0
695,23431.51,27365.09,3.5,0.161,0,60,7.84,MORTGAGE,major_purchase,0
477,50772.69,25256.05,2.1,0.15,2,36,17.98,RENT,debt_consolidation,0
662,52728.2,42551.73,0.6,0.215,1,60,12.88,RENT,debt_consolidation,0
794,69933.52,30256.99,0.3,0.187,2,36,8.29,MORTGAGE,major_purchase,0
821,73852.0,13312.23,0.6,0.398,0,60,5.18,RENT,home_improvement,0
610,44853.65,29237.14,12.9,0.328,0,60,13.53,MORTGAGE,debt_consolidation,0
692,62957.33,43311.43,15.7,0.107,0,36,9.36,OWN,debt_consolidation,0
806,35764.55,2036.56,1.2,0.266,0,36,8.14,MORTGAGE,major_purchase,0
733,62421.76,28570.0,1.6,0.391,0,36,10.14,MORTGAGE,credit_card,0
465,39016.72,7900.74,5.3,0.434,0,60,16.76,RENT,credit_card,0
372,60280.04,36924.22,3.6,0.308,0,60,20.21,MORTGAGE,debt_consolidation,1
363,58123.52,29190.12,20.0,0.037,0,36,20.54,MORTGAGE,debt_consolidation,0
786,50562.31,42227.54,4.0,0.307,0,36,9.4,MORTGAGE,major_purchase,0
606,70090.52,30461.43,2.0,0.463,0,36,13.69,MORTGAGE,debt_consolidation,0
463,24180.95,1757.63,14.4,0.447,0,36,16.1,OWN,home_improvement,1
490,30357.16,23455.57,0.5,0.102,3,36,14.36,RENT,debt_consolidation,0
455,43411.22,40761.39,0.6,0.132,0,60,19.15,RENT,debt_consolidation,0
741,25604.71,11221.33,1.7,0.735,0,60,7.6,RENT,credit_card,0
637,40819.33,4647.44,4.1,0.352,0,36,10.81,RENT,credit_card,0
784,41415.74,32675.07,19.4,0.275,0,36,7.37,RENT,other,0
466,88376.18,23110.38,5.5,0.183,1,36,16.65,RENT,debt_consolidation,0
560,52268.03,3094.19,1.2,0.08,0,60,12.55,RENT,home_improvement,0
367,77904.84,13316.27,7.6,0.194,0,36,20.13,MORTGAGE,major_purchase,0
835,56148.41,15376.94,1.6,0.327,0,36,4.95,OWN,debt_consolidation,0
582,38520.65,30385.91,3.1,0.316,0,36,14.27,MORTGAGE,home_improvement,0
604,52061.06,21750.41,10.0,0.233,0,36,13.75,MORTGAGE,major_purchase,0
527,68066.6,22436.37,0.0,0.274,0,60,16.72,RENT,debt_consolidation,0
449,83870.62,36490.56,8.0,0.227,0,36,18.22,RENT,major_purchase,1
822,46187.31,13250.35,4.6,0.184,0,36,7.59,RENT,other,0
569,23356.26,30593.2,4.4,0.282,2,60,12.4,RENT,debt_consolidation,0
671,22629.03,17172.52,6.6,0.03,0,36,10.22,MORTGAGE,debt_consolidation,0
320,42324.2,19408.28,1.8,0.19,0,36,21.24,MORTGAGE,other,0
452,17119.0,25459.71,0.4,0.18,0,60,18.61,RENT,debt_consolidation,1
743,109951.76,31608.46,0.1,0.217,0,36,9.05,MORTGAGE,debt_consolidation,0
348,64126.95,42588.59,11.3,0.474,2,60,20.28,RENT,credit_card,1
355,36825.65,12836.49,6.5,0.312,0,60,21.1,RENT,home_improvement,1
746,29752.21,5564.79,1.9,0.482,0,60,6.73,RENT,other,0
470,77858.91,19866.84,2.8,0.442,0,36,15.83,MORTGAGE,credit_card,0
450,29698.84,25055.5,9.2,0.077,0,60,17.85,RENT,major_purchase,0
611,31001.72,11032.16,1.6,0.247,0,36,12.99,OWN,debt_consolidation,0
407,34728.79,40181.81,2.4,0.203,0,36,19.45,RENT,home_improvement,1
323,51603.22,36149.27,5.9,0.568,0,36,21.65,OWN,debt_consolidation,1
302,64819.31,22721.21,2.2,0.19,0,36,22.42,RENT,major_purchase,1
343,83843.1,20802.81,2.4,0.352,0,36,20.05,OWN,credit_card,0
387,78451.59,2792.62,13.9,0.418,0,36,21.07,RENT,home_improvement,0
683,49037.87,24623.15,2.0,0.238,0,60,9.59,RENT,credit_card,0
464,77593.19,27212.87,3.0,0.518,0,60,16.94,RENT,credit_card,1
339,36244.76,40231.8,4.4,0.273,0,36,20.9,RENT,home_improvement,0
307,21603.49,23048.31,0.7,0.147,0,60,22.56,MORTGAGE,debt_consolidation,0
562,36242.62,7924.61,7.1,0.243,0,60,13.26,OWN,debt_consolidation,0
762,34104.44,8922.5,0.4,0.318,0,36,8.46,RENT,debt_consolidation,0
486,36886.68,8034.17,5.1,0.217,0,60,17.84,RENT,credit_card,0
335,31833.72,42295.53,0.4,0.318,0,60,20.98,RENT,debt_consolidation,1
425,39834.98,35909.13,15.0,0.353,0,36,18.56,OWN,other,0
575,64796.56,37289.71,18.7,0.209,1,36,13.54,RENT,debt_consolidation,0
404,106071.18,37979.07,9.3,0.145,0,60,18.98,RENT,credit_card,0
839,22552.34,5207.92,1.5,0.554,0,60,6.28,RENT,debt_consolidation,0
720,27460.93,31895.78,6.6,0.188,0,36,10.27,RENT,credit_card,0
489,34332.55,31990.82,7.4,0.264,0,60,15.02,RENT,other,0
824,69188.08,10892.16,3.3,0.171,0,36,6.59,MORTGAGE,home_improvement,0
479,44702.01,22589.29,3.0,0.365,1,36,16.96,RENT,credit_card,0
377,35388.81,30146.96,0.9,0.158,0,36,20.72,OWN,home_improvement,0
816,67678.91,40482.8,8.7,0.492,0,36,7.79,MORTGAGE,credit_card,0
828,75385.91,5858.72,3.6,0.192,0,36,8.31,RENT,debt_consolidation,0
472,48608.71,40256.5,5.3,0.151,0,36,17.02,RENT,debt_consolidation,0
627,33951.94,41586.26,1.0,0.499,0,36,10.92,RENT,credit_card,0
395,55360.73,41638.83,0.4,0.208,0,36,19.15,MORTGAGE,home_improvement,1
653,44135.92,1212.74,0.0,0.54,0,60,9.79,MORTGAGE,debt_consolidation,0
680,43982.37,10723.95,9.1,0.38,0,36,8.99,RENT,credit_card,0
691,38926.09,31414.79,10.3,0.478,0,36,9.86,RENT,debt_consolidation,0
613,74327.96,15156.55,7.0,0.374,0,36,13.18,OWN,home_improvement,0
687,54854.86,3687.66,7.3,0.531,0,60,9.45,RENT,debt_consolidation,0
605,78125.0,34569.45,8.1,0.436,1,60,14.72,RENT,debt_consolidation,1
751,89442.1,2258.06,6.7,0.696,0,60,9.15,RENT,credit_card,0
398,60267.08,20624.94,4.9,0.093,1,36,20.64,OWN,credit_card,0
566,39029.98,42693.35,8.7,0.547,0,36,16.35,MORTGAGE,credit_card,1
529,78287.78,20370.24,4.8,0.306,0,60,16.52,MORTGAGE,debt_consolidation,0
593,60448.63,41123.04,5.7,0.142,3,36,12.9,MORTGAGE,major_purchase,0
378,158184.21,18996.19,0.2,0.268,0,36,18.47,RENT,credit_card,0
478,56361.77,16254.19,0.9,0.148,0,60,15.69,RENT,credit_card,0
825,67101.36,5724.84,0.6,0.437,0,36,6.89,RENT,debt_consolidation,0
357,55864.86,16756.0,6.7,0.262,0,36,19.81,RENT,debt_consolidation,1
650,46882.78,15827.41,9.9,0.302,0,60,10.57,MORTGAGE,home_improvement,0
666,43631.9,38248.25,0.2,0.144,1,36,12.06,MORTGAGE,credit_card,0
561,55960.97,41476.27,0.1,0.159,0,36,15.02,MORTGAGE,credit_card,0
318,61977.65,1964.92,15.2,0.179,0,60,20.37,OWN,credit_card,1
318,82411.03,5323.28,12.6,0.092,0,36,20.81,OWN,home_improvement,0
451,56330.01,29302.05,1.7,0.114,1,36,15.84,OWN,credit_card,0
356,39803.09,22328.69,2.2,0.196,2,36,20.47,MORTGAGE,credit_card,1
351,42315.8,14062.66,3.4,0.184,0,36,19.97,MORTGAGE,other,1
388,27029.34,12435.91,4.5,0.185,0,60,20.62,RENT,credit_card,0
405,103522.7,10885.68,14.8,0.661,0,36,18.92,RENT,debt_consolidation,0
762,38425.32,24119.84,0.8,0.606,0,60,7.64,OWN,debt_consolidation,0
651,75761.7,1769.12,2.2,0.334,0,60,11.8,RENT,credit_card,0
316,55517.18,33510.91,8.0,0.239,0,60,21.16,RENT,debt_consolidation,1
646,56200.41,14217.07,9.6,0.205,2,36,11.0,RENT,debt_consolidation,0
375,46497.25,19780.58,0.4,0.439,0,36,19.62,RENT,credit_card,0
532,34388.95,24190.3,3.6,0.056,0,60,13.63,OWN,credit_card,0
320,31702.76,10299.82,2.9,0.204,0,36,21.56,OWN,major_purchase,0
349,106703.52,39882.92,3.2,0.57,1,36,20.81,RENT,debt_consolidation,1
373,51600.29,31012.1,3.6,0.275,2,60,21.12,MORTGAGE,home_improvement,1
538,81338.15,39293.04,0.3,0.268,0,36,15.24,MORTGAGE,home_improvement,0
555,91418.96,21919.83,2.2,0.086,2,60,13.36,RENT,major_purchase,0
494,40746.24,20028.26,0.1,0.155,1,36,12.64,RENT,major_purchase,0
641,59312.63,11434.27,3.2,0.321,0,36,10.72,RENT,other,0
696,50023.83,24972.98,3.9,0.284,0,36,10.83,RENT,debt_consolidation,0
701,29122.13,27099.2,6.8,0.297,2,60,11.77,MORTGAGE,debt_consolidation,0
619,45095.33,19476.63,3.9,0.517,0,36,12.81,RENT,other,0
600,63855.5,7396.83,9.7,0.412,0,60,12.26,OWN,major_purchase,0
570,39161.01,13016.6,2.0,0.435,0,60,14.41,MORTGAGE,major_purchase,0
431,42354.1,1627.07,0.9,0.159,0,36,15.27,RENT,credit_card,0
568,45341.81,15042.11,1.2,0.301,0,36,14.23,MORTGAGE,other,0
305,126777.42,26553.39,3.9,0.421,0,36,22.55,RENT,credit_card,0
832,21475.71,43051.29,1.2,0.361,1,60,5.56,OWN,debt_consolidation,0
503,61435.28,8827.46,9.8,0.488,0,60,17.26,MORTGAGE,other,0
716,43739.09,3440.44,16.5,0.405,1,36,11.58,OWN,debt_consolidation,0
827,36743.08,14037.7,1.6,0.253,3,60,7.34,MORTGAGE,other,0
573,43258.8,7899.1,17.3,0.344,0,60,14.5,MORTGAGE,credit_card,0
774,66192.29,31602.84,3.9,0.364,1,36,4.04,MORTGAGE,home_improvement,0
564,67916.59,1252.96,1.4,0.27,0,36,14.68,MORTGAGE,credit_card,0
372,53300.86,44158.15,1.2,0.188,0,36,21.06,RENT,credit_card,0
314,80156.29,38649.33,3.6,0.093,0,36,21.44,RENT,other,0
374,86766.41,22589.51,2.5,0.317,0,36,20.82,MORTGAGE,home_improvement,0
819,70782.65,41521.46,19.0,0.086,0,60,7.07,MORTGAGE,major_purchase,0
561,38338.63,28634.61,4.3,0.766,0,36,14.46,RENT,credit_card,1
475,61236.5,44725.65,3.3,0.187,0,60,17.49,MORTGAGE,debt_consolidation,0
545,61367.78,13245.47,1.9,0.547,0,60,14.65,RENT,other,0
441,33960.92,44863.87,10.0,0.326,0,36,16.98,MORTGAGE,other,0
779,24191.4,8930.88,12.5,0.131,1,60,7.76,RENT,debt_consolidation,0
850,19727.15,16550.41,6.0,0.4,0,60,5.58,MORTGAGE,major_purchase,0
346,50586.24,42154.26,9.6,0.215,0,36,21.12,MORTGAGE,credit_card,0
695,56056.64,17303.86,3.1,0.119,0,36,9.44,RENT,credit_card,0
484,28801.95,10232.8,5.5,0.175,1,36,18.04,RENT,debt_consolidation,0
326,78489.06,3617.43,7.6,0.217,1,60,21.63,RENT,major_purchase,1
808,52496.31,7554.16,2.7,0.146,0,60,8.66,RENT,other,0
334,89971.99,16629.83,21.8,0.301,0,36,20.71,OWN,debt_consolidation,0
413,57915.55,19534.21,3.4,0.254,0,36,17.12,RENT,debt_consolidation,0
314,30337.8,24867.85,1.4,0.018,2,36,20.11,RENT,debt_consolidation,1
559,60248.11,36797.87,4.0,0.043,0,60,13.69,MORTGAGE,other,0
630,66273.79,1590.25,4.9,0.26,0,36,11.13,MORTGAGE,major_purchase,0
476,38313.95,38009.11,12.3,0.03,0,36,15.0,MORTGAGE,credit_card,0
339,25618.2,26398.97,4.2,0.613,3,60,21.09,RENT,major_purchase,1
364,51283.96,34285.03,0.9,0.26,1,36,20.54,MORTGAGE,debt_consolidation,0
814,31245.16,34307.09,1.1,0.12,2,36,6.78,OWN,credit_card,0
744,81177.99,40740.92,6.7,0.287,0,36,10.77,RENT,home_improvement,0
816,40813.59,5108.73,2.0,0.035,0,36,6.96,RENT,debt_consolidation,0
592,106518.13,26146.67,2.3,0.108,0,60,13.11,RENT,debt_consolidation,0
600,18847.37,40997.3,4.4,0.421,0,60,12.92,RENT,debt_consolidation,0
733,52086.34,32645.08,2.1,0.055,0,36,10.3,RENT,other,0
639,93267.47,5249.74,0.4,0.132,0,36,10.5,RENT,credit_card,0
540,32838.7,28014.43,0.1,0.474,0,60,12.82,MORTGAGE,debt_consolidation,0
460,45631.78,36194.76,0.6,0.569,0,36,17.6,MORTGAGE,debt_consolidation,1
567,40889.72,13093.92,5.8,0.235,0,60,14.49,OWN,other,0
335,36037.11,28829.7,8.0,0.219,0,60,21.69,OWN,debt_consolidation,1
406,54725.23,37978.14,5.7,0.306,0,60,18.89,OWN,other,0
706,27366.1,24050.15,2.3,0.278,0,60,12.3,MORTGAGE,credit_card,0
778,46633.02,9544.24,1.1,0.362,0,60,9.08,RENT,credit_card,0
356,61833.3,25186.01,2.3,0.345,0,60,17.61,MORTGAGE,debt_consolidation,0
353,44498.37,26872.17,3.0,0.477,0,60,18.81,OWN,debt_consolidation,1
347,31254.17,18725.52,1.9,0.383,3,36,18.39,MORTGAGE,major_purchase,1
736,77931.34,30903.13,10.3,0.193,0,36,9.41,MORTGAGE,credit_card,0
471,68092.04,20066.65,6.5,0.137,2,60,17.25,RENT,debt_consolidation,1
480,30683.05,39605.82,3.2,0.234,0,36,18.81,OWN,home_improvement,0
306,27382.29,35831.52,0.2,0.429,0,36,20.94,MORTGAGE,credit_card,1
835,31940.63,36409.96,2.8,0.15,1,60,5.36,MORTGAGE,credit_card,0
539,62653.38,24147.38,11.7,0.244,0,36,15.35,MORTGAGE,debt_consolidation,0
739,55492.76,9639.3,5.8,0.13,1,36,7.99,RENT,home_improvement,0
689,69950.09,32874.56,3.4,0.236,0,36,10.38,RENT,home_improvement,0
378,42329.2,4032.54,10.8,0.131,3,36,20.84,OWN,other,1
741,32333.84,23773.3,3.8,0.136,0,60,10.1,RENT,debt_consolidation,0
603,74122.98,3331.08,2.1,0.314,0,36,14.46,RENT,other,0
632,38213.65,24250.42,0.6,0.1,0,36,10.78,OWN,credit_card,0
410,53313.59,31180.58,0.2,0.517,0,36,19.47,RENT,debt_consolidation,1
766,24404.77,19444.72,1.8,0.101,0,36,8.45,OWN,major_purchase,0
813,37933.33,19343.74,1.4,0.514,1,36,9.92,OWN,credit_card,0
523,77205.68,6402.93,0.4,0.307,0,36,16.38,RENT,debt_consolidation,0
350,35513.79,14281.38,3.9,0.317,0,36,20.55,RENT,debt_consolidation,1
767,70723.04,20548.04,11.1,0.32,0,60,9.65,RENT,other,0
788,17172.1,38996.73,6.8,0.162,3,36,8.5,RENT,home_improvement,0
579,38111.59,40511.12,0.6,0.062,0,36,14.8,RENT,other,0
619,45382.89,42957.52,0.2,0.368,0,60,13.33,OWN,major_purchase,0
422,107381.49,5411.6,4.7,0.207,0,36,18.0,OWN,home_improvement,1
337,28967.27,14033.28,6.5,0.281,0,36,20.46,RENT,debt_consolidation,1
820,66300.12,21368.17,7.7,0.446,2,36,7.72,RENT,credit_card,0
566,78874.98,29236.73,3.2,0.375,0,60,13.52,RENT,debt_consolidation,0
451,35430.55,31923.13,0.9,0.448,0,36,17.83,MORTGAGE,debt_consolidation,1
681,41436.37,35584.72,5.3,0.544,0,36,11.53,RENT,credit_card,0
314,52246.75,22818.45,4.7,0.256,2,36,20.92,RENT,debt_consolidation,1
344,25168.08,25489.71,10.5,0.156,2,36,21.27,RENT,other,1
433,39942.79,43265.11,2.7,0.099,0,36,18.18,MORTGAGE,debt_consolidation,0
548,87051.09,11561.24,1.3,0.241,0,36,14.34,MORTGAGE,debt_consolidation,0
502,62018.91,36365.43,0.3,0.365,0,60,17.06,OWN,home_improvement,0
403,45682.1,32319.99,1.3,0.23,0,60,17.5,RENT,debt_consolidation,1
493,51579.65,7163.95,6.9,0.442,0,36,14.88,RENT,credit_card,0
483,63666.09,41765.63,3.2,0.163,0,60,16.74,RENT,major_purchase,0
589,69396.0,38635.67,3.3,0.106,0,36,12.26,RENT,debt_consolidation,0
610,38162.69,35298.2,4.5,0.09,2,36,14.54,MORTGAGE,debt_consolidation,1
786,97794.58,6578.04,1.9,0.118,0,36,7.48,RENT,other,0
744,88641.61,7145.5,4.2,0.258,0,36,7.42,MORTGAGE,major_purchase,0
461,66487.28,31060.73,4.4,0.155,0,36,17.14,MORTGAGE,debt_consolidation,1
797,33545.84,5719.88,17.4,0.284,0,60,9.69,RENT,credit_card,0
586,30973.87,5985.89,5.4,0.437,0,36,12.63,RENT,debt_consolidation,0
403,42320.56,18612.3,3.7,0.395,0,36,18.27,OWN,major_purchase,0
487,50379.74,1236.63,3.6,0.12,0,36,17.24,RENT,debt_consolidation,0
708,22118.7,32745.27,1.0,0.126,0,60,11.83,MORTGAGE,major_purchase,0
752,61243.43,24769.11,5.2,0.312,1,36,7.66,OWN,debt_consolidation,0
506,87496.85,4439.66,1.7,0.305,0,60,15.11,RENT,debt_consolidation,0
386,63539.27,24917.64,1.9,0.253,2,36,17.65,MORTGAGE,debt_consolidation,1
405,36162.44,3379.87,5.5,0.458,1,36,18.93,MORTGAGE,credit_card,0
357,34286.89,4110.63,4.4,0.279,0,36,20.65,RENT,major_purchase,1
685,56102.38,22360.51,1.4,0.486,1,36,11.9,RENT,debt_consolidation,0
577,45753.03,22992.22,5.9,0.487,0,60,14.46,RENT,debt_consolidation,0
548,59836.34,15915.77,7.0,0.291,0,60,14.92,RENT,credit_card,0
670,64265.27,28357.94,1.1,0.394,2,36,11.56,RENT,debt_consolidation,0
756,80125.6,18043.77,1.3,0.217,0,36,9.46,MORTGAGE,debt_consolidation,0
738,29452.81,26826.27,5.6,0.35,0,36,7.85,RENT,credit_card,0
375,54161.66,16390.54,2.1,0.462,0,36,20.13,MORTGAGE,credit_card,0
624,41624.17,32458.55,0.6,0.337,0,36,10.59,RENT,home_improvement,0
786,46892.56,26488.59,13.5,0.271,0,36,9.24,MORTGAGE,debt_consolidation,0
726,72329.26,8041.92,1.5,0.114,0,36,11.78,RENT,debt_consolidation,0
481,75955.78,31195.83,12.5,0.162,0,36,16.04,MORTGAGE,credit_card,0
516,91977.54,35493.18,2.8,0.426,0,36,16.1,MORTGAGE,credit_card,0
790,59368.3,3898.46,3.5,0.187,0,36,8.72,RENT,home_improvement,0
318,46653.0,27838.27,1.5,0.171,1,36,23.35,OWN,debt_consolidation,0
589,43748.15,35778.9,14.1,0.266,0,60,13.44,MORTGAGE,debt_consolidation,0
363,22457.06,6044.73,2.4,0.459,1,36,19.33,MORTGAGE,debt_consolidation,0
792,89579.41,40672.71,1.1,0.288,0,60,8.26,MORTGAGE,credit_card,0
321,42410.27,19251.15,0.5,0.374,0,60,22.98,RENT,debt_consolidation,1
312,61552.99,33464.95,7.6,0.391,0,36,21.75,RENT,debt_consolidation,0
481,66539.33,40558.19,5.4,0.554,0,36,18.36,RENT,major_purchase,1
410,27990.15,44544.03,0.8,0.305,1,60,20.02,MORTGAGE,other,1
573,32354.04,26692.7,9.8,0.261,0,36,14.95,OWN,debt_consolidation,0
465,98337.33,31988.05,2.5,0.09,2,36,17.17,MORTGAGE,debt_consolidation,1
496,55865.15,12074.79,2.7,0.286,0,36,16.01,RENT,credit_card,0
611,37749.84,13762.04,5.6,0.276,2,36,15.02,MORTGAGE,other,0
608,46311.42,38433.85,17.2,0.341,0,36,12.0,RENT,credit_card,0
815,79922.01,18522.73,3.5,0.278,1,36,7.64,OWN,credit_card,0
564,74640.72,37187.09,6.1,0.394,0,36,14.86,RENT,major_purchase,0
610,25343.14,3226.26,12.6,0.12,0,60,13.4,MORTGAGE,major_purchase,0
673,102275.74,10603.15,9.5,0.37,0,60,9.85,MORTGAGE,major_purchase,0
396,75717.65,8484.14,6.0,0.453,3,60,19.3,RENT,debt_consolidation,0
667,45770.09,24190.97,5.2,0.21,0,60,10.69,MORTGAGE,home_improvement,0
774,28673.39,4543.34,8.2,0.058,0,36,9.33,RENT,debt_consolidation,0
475,78771.29,16130.3,2.2,0.075,0,36,17.22,MORTGAGE,credit_card,0
398,60742.1,44394.78,4.5,0.124,0,60,20.93,OWN,major_purchase,1
490,25437.78,35945.55,9.3,0.211,0,60,18.2,MORTGAGE,major_purchase,0
451,44159.57,34466.02,1.1,0.406,0,60,17.13,RENT,credit_card,0
622,200141.09,6945.05,2.4,0.102,0,60,14.36,RENT,major_purchase,0
775,49386.17,17040.6,3.3,0.328,0,36,7.45,MORTGAGE,debt_consolidation,0
628,35105.5,30945.87,1.1,0.27,0,36,14.06,RENT,major_purchase,0
369,31137.76,1951.51,4.2,0.118,0,36,18.59,MORTGAGE,major_purchase,0
473,108819.36,20094.97,0.1,0.265,0,36,18.76,OWN,home_improvement,0
679,71789.38,41857.95,23.5,0.304,0,36,10.13,MORTGAGE,debt_consolidation,0
482,92350.61,4622.95,3.3,0.093,0,36,16.3,RENT,debt_consolidation,0
623,54813.04,40875.41,0.9,0.151,0,60,12.4,MORTGAGE,debt_consolidation,0
682,86189.93,9558.95,3.9,0.17,0,36,10.18,RENT,home_improvement,0
481,33465.01,9320.72,6.4,0.163,0,36,18.37,RENT,debt_consolidation,0
656,52741.92,9599.18,14.3,0.215,0,36,9.6,RENT,debt_consolidation,0
519,55780.19,41975.27,2.0,0.167,0,60,16.25,MORTGAGE,credit_card,0
374,91317.81,27564.78,4.0,0.328,0,60,20.57,MORTGAGE,credit_card,1
505,56583.88,34034.71,0.6,0.145,0,60,14.78,OWN,credit_card,0
543,36994.32,17121.93,1.4,0.329,0,36,14.39,RENT,home_improvement,0
301,50454.8,39423.04,1.6,0.282,0,36,20.78,MORTGAGE,debt_consolidation,0
791,23054.45,26605.23,0.0,0.369,0,36,7.33,RENT,other,0
590,17249.94,27392.74,3.8,0.106,1,36,14.65,RENT,home_improvement,0
320,71260.94,34102.13,0.9,0.294,0,60,20.96,MORTGAGE,major_purchase,0
778,41413.63,35040.28,3.0,0.046,0,60,8.44,RENT,credit_card,0
771,43580.38,31002.0,10.1,0.499,0,60,8.18,RENT,credit_card,0
306,71248.28,6232.04,2.0,0.35,0,60,24.24,RENT,major_purchase,0
389,91918.23,39135.97,0.0,0.228,0,36,19.57,RENT,debt_consolidation,0
500,62350.04,12479.56,3.6,0.394,0,36,15.15,RENT,credit_card,0
579,116731.62,44832.54,7.6,0.302,2,36,14.17,MORTGAGE,debt_consolidation,0
699,61464.2,17962.35,12.7,0.263,3,60,11.23,MORTGAGE,major_purchase,0
533,56162.02,6279.88,0.7,0.387,0,60,14.57,MORTGAGE,other,0
637,54621.07,14907.81,11.0,0.461,1,60,13.74,MORTGAGE,other,0
305,27488.61,26235.51,11.2,0.209,0,60,19.91,MORTGAGE,other,0
662,75372.62,18223.63,6.3,0.497,0,60,10.96,RENT,credit_card,0
804,16310.11,37461.99,4.0,0.143,0,36,7.36,RENT,credit_card,0
589,37653.69,31017.08,5.1,0.263,0,36,14.77,OWN,credit_card,0
550,49529.25,10391.82,0.7,0.389,0,60,16.42,MORTGAGE,credit_card,1
463,34358.58,24709.55,15.3,0.059,1,36,18.92,RENT,debt_consolidation,1
825,40003.0,35651.41,10.7,0.622,0,60,6.92,MORTGAGE,credit_card,0
318,112164.18,40214.29,3.2,0.348,0,36,22.84,MORTGAGE,major_purchase,0
457,80564.29,18377.55,1.3,0.058,2,60,18.23,RENT,credit_card,0
376,36003.72,41676.45,29.2,0.358,0,60,19.95,MORTGAGE,major_purchase,1
777,39683.67,2582.66,3.8,0.448,0,60,7.53,RENT,credit_card,0
565,27593.85,30774.41,5.4,0.088,0,36,14.57,OWN,home_improvement,0
808,67322.33,35407.33,18.6,0.754,0,36,8.74,RENT,debt_consolidation,0
666,43809.94,19706.22,0.8,0.162,0,60,11.46,MORTGAGE,home_improvement,0
606,20233.4,1482.88,3.6,0.281,0,60,12.64,RENT,debt_consolidation,0
585,51295.21,31229.55,5.9,0.226,0,36,15.1,OWN,major_purchase,0
411,59727.06,16072.83,2.6,0.178,0,36,18.24,MORTGAGE,debt_consolidation,0
609,75615.26,7679.77,4.1,0.088,0,36,13.68,RENT,debt_consolidation,0
677,47429.06,7912.79,8.8,0.018,0,60,11.5,RENT,major_purchase,0
831,41452.27,34843.22,0.3,0.159,0,36,7.64,RENT,credit_card,0
602,119828.77,9245.13,0.9,0.423,0,36,14.18,MORTGAGE,debt_consolidation,0
817,49166.3,22300.33,3.5,0.506,0,36,7.76,RENT,debt_consolidation,0
820,67765.12,43697.13,8.3,0.064,0,36,6.48,MORTGAGE,credit_card,0
587,38453.58,34388.02,1.6,0.036,1,60,13.03,MORTGAGE,major_purchase,0
542,66866.9,25076.52,2.5,0.033,0,60,15.35,RENT,credit_card,0
378,25462.62,24244.12,6.7,0.192,0,36,20.02,RENT,debt_consolidation,0
447,39817.81,8362.41,1.5,0.338,0,36,20.69,OWN,credit_card,1
784,28460.62,20642.64,10.9,0.124,0,60,8.35,RENT,debt_consolidation,0
376,37337.82,7375.58,6.6,0.404,0,60,19.9,RENT,debt_consolidation,1
518,86052.39,4677.61,3.8,0.318,0,36,14.98,RENT,credit_card,0
684,37214.49,5802.04,3.3,0.162,0,60,9.61,RENT,debt_consolidation,0
432,67725.31,27690.89,2.5,0.509,3,60,16.36,RENT,home_improvement,1
836,97029.4,9516.33,2.6,0.457,0,36,5.13,MORTGAGE,debt_consolidation,0
657,48416.22,7571.2,8.6,0.17,0,60,11.27,RENT,debt_consolidation,0
315,76664.59,39153.76,0.1,0.455,0,36,22.73,MORTGAGE,debt_consolidation,1
436,62254.66,6368.57,5.3,0.244,0,36,18.55,MORTGAGE,major_purchase,0
707,51657.81,32047.95,14.5,0.247,2,60,8.99,MORTGAGE,other,0
775,68709.45,19348.01,12.9,0.373,0,60,7.46,MORTGAGE,debt_consolidation,0
810,112192.58,26479.51,4.1,0.298,0,36,7.04,MORTGAGE,credit_card,0
768,36799.11,2027.64,0.9,0.161,0,60,7.98,RENT,other,0
341,31836.21,1000.85,1.3,0.356,0,60,19.79,MORTGAGE,other,1
702,31006.08,36958.94,3.4,0.22,0,60,7.36,OWN,debt_consolidation,0
360,76687.39,21919.41,1.4,0.318,0,60,18.98,RENT,credit_card,1
342,81488.36,4137.51,0.7,0.361,0,60,19.57,OWN,credit_card,0
681,38496.91,16112.07,0.5,0.063,0,60,12.29,MORTGAGE,credit_card,0
563,18747.09,23279.6,3.4,0.427,0,36,16.03,OWN,major_purchase,0
657,36183.54,6961.71,10.1,0.286,0,36,9.37,RENT,debt_consolidation,0
769,62726.19,25038.87,3.8,0.193,0,60,9.26,RENT,major_purchase,0
337,47570.81,24265.03,4.8,0.019,0,60,22.39,RENT,debt_consolidation,1
590,53165.05,27524.75,0.2,0.032,2,36,12.64,RENT,debt_consolidation,0
759,38734.85,36651.52,2.5,0.586,0,60,6.7,MORTGAGE,home_improvement,0
542,77368.9,19162.27,1.8,0.114,2,36,16.93,RENT,other,0
588,57207.27,40096.64,6.0,0.32,0,60,13.4,MORTGAGE,credit_card,0
574,63825.53,21885.65,0.5,0.408,0,36,15.56,MORTGAGE,other,0
799,52658.32,21114.55,6.0,0.605,0,60,7.59,OWN,home_improvement,0
327,62066.75,29850.17,1.1,0.588,0,60,22.98,OWN,credit_card,1
783,60255.99,28170.93,0.3,0.514,0,60,8.51,RENT,debt_consolidation,0
749,32285.27,1503.14,2.9,0.158,0,36,8.51,OWN,debt_consolidation,0
747,57981.45,44226.95,3.5,0.089,1,36,8.42,RENT,home_improvement,0
527,69994.97,42478.52,6.1,0.156,0,36,14.7,MORTGAGE,debt_consolidation,0
584,82438.98,13376.58,0.2,0.061,1,36,13.5,MORTGAGE,other,0
503,59115.49,25577.67,5.4,0.038,2,36,16.01,RENT,debt_consolidation,0
438,31749.66,34901.35,2.9,0.503,0,60,18.43,MORTGAGE,credit_card,1
782,34026.92,41500.58,19.3,0.109,0,36,7.51,RENT,debt_consolidation,0
578,40303.09,26779.89,7.4,0.099,0,36,16.02,MORTGAGE,credit_card,0
698,53383.59,1833.37,9.3,0.499,0,60,12.36,MORTGAGE,debt_consolidation,0
355,46397.17,30949.83,16.1,0.229,0,60,20.75,RENT,major_purchase,1
734,29564.23,5095.44,7.2,0.451,0,36,11.6,RENT,debt_consolidation,0
663,29484.68,30531.82,1.6,0.407,1,60,13.2,MORTGAGE,credit_card,0
849,19066.06,26846.81,11.0,0.339,1,36,5.68,RENT,major_purchase,0
373,12042.97,29189.46,10.9,0.177,0,36,20.46,RENT,major_purchase,0
597,46198.3,9327.34,3.9,0.252,0,36,13.3,RENT,other,0
581,139260.79,22718.83,0.4,0.393,1,36,15.57,MORTGAGE,debt_consolidation,0
596,110034.67,28190.1,1.4,0.321,0,60,12.37,RENT,debt_consolidation,0
329,31564.74,14212.89,1.0,0.096,0,60,19.47,MORTGAGE,debt_consolidation,1
560,52441.65,8991.42,1.8,0.368,1,36,14.43,MORTGAGE,other,0
465,25360.27,10797.95,5.6,0.289,1,60,16.19,MORTGAGE,other,0
640,27161.36,38752.73,0.9,0.816,0,60,11.13,OWN,credit_card,0
427,28599.29,21439.91,0.0,0.19,0,36,18.1,MORTGAGE,home_improvement,0
539,44290.5,30087.23,13.2,0.146,0,36,14.53,RENT,credit_card,0
641,45156.67,23655.11,0.7,0.123,0,36,11.74,OWN,other,0
335,54924.56,37701.6,1.8,0.431,0,36,20.74,RENT,debt_consolidation,0
733,66068.5,23373.77,1.2,0.461,0,36,9.75,MORTGAGE,major_purchase,0
694,42125.29,5106.31,3.8,0.549,1,36,9.77,RENT,credit_card,0
331,49825.93,9711.33,1.7,0.18,0,36,20.44,MORTGAGE,credit_card,1
335,29964.97,1583.68,3.1,0.517,1,36,22.05,MORTGAGE,credit_card,0
768,26768.37,37587.07,0.4,0.172,0,36,9.82,RENT,credit_card,0
456,24970.8,30184.0,4.1,0.313,0,36,19.62,MORTGAGE,major_purchase,0
774,65654.51,34404.88,1.1,0.113,0,36,8.27,MORTGAGE,debt_consolidation,0
575,42105.83,32460.89,2.3,0.347,0,36,15.37,RENT,debt_consolidation,0
488,21120.43,37277.11,3.0,0.291,0,36,16.18,MORTGAGE,home_improvement,0
450,47648.67,44426.66,2.4,0.83,0,36,18.21,RENT,major_purchase,1
663,27946.03,29752.74,3.7,0.275,0,36,11.58,OWN,credit_card,0
360,103483.81,12099.69,9.2,0.116,1,36,22.36,MORTGAGE,home_improvement,0
521,37779.81,5461.16,1.8,0.341,0,36,14.84,RENT,credit_card,0
490,66614.51,26948.91,4.4,0.299,0,60,15.5,RENT,major_purchase,0
384,80020.12,34913.31,3.6,0.402,1,60,19.62,RENT,home_improvement,1
494,31897.48,25709.16,5.5,0.465,0,60,14.05,MORTGAGE,other,0
591,50727.39,14356.41,0.9,0.152,0,60,13.63,OWN,home_improvement,0
673,62884.85,32668.33,3.4,0.038,0,60,8.22,MORTGAGE,home_improvement,0
347,51637.1,20710.79,0.7,0.263,0,36,19.59,MORTGAGE,credit_card,0
780,57670.17,13609.92,4.9,0.534,0,60,8.03,RENT,credit_card,0
784,26948.06,38007.72,0.9,0.22,0,36,5.95,RENT,debt_consolidation,0
681,62900.93,26366.83,1.1,0.155,0,36,11.23,MORTGAGE,credit_card,0
809,39388.38,13471.71,2.3,0.152,1,36,4.58,RENT,debt_consolidation,0
535,57368.64,15458.59,3.8,0.512,0,36,15.08,OWN,other,0
752,74161.1,26153.27,2.0,0.29,0,60,9.74,RENT,major_purchase,0
700,66234.97,19608.64,6.0,0.348,3,36,11.77,MORTGAGE,credit_card,0
609,57349.76,8062.84,0.8,0.321,3,36,14.85,MORTGAGE,debt_consolidation,0
398,65444.5,27860.68,4.6,0.184,2,60,18.09,MORTGAGE,credit_card,0
607,66821.82,31320.84,6.7,0.121,0,60,12.58,RENT,other,0
796,96083.75,1004.79,5.8,0.209,0,36,6.74,RENT,debt_consolidation,0
842,48275.39,24622.25,2.9,0.151,0,36,7.26,MORTGAGE,other,0
546,52774.35,26395.11,6.9,0.232,0,60,15.09,MORTGAGE,debt_consolidation,0
436,74565.27,15610.82,2.6,0.384,0,36,18.03,RENT,credit_card,0
711,39313.59,15904.18,0.4,0.336,0,36,9.97,OWN,major_purchase,0
341,26879.78,14976.99,2.1,0.269,0,36,21.49,MORTGAGE,home_improvement,1
383,61203.13,20594.44,2.7,0.177,0,36,18.56,RENT,debt_consolidation,0
609,44680.36,36725.35,0.1,0.159,2,36,13.96,MORTGAGE,other,0
845,28470.18,21637.15,3.0,0.221,0,60,6.54,OWN,major_purchase,0
481,61404.84,44720.54,0.3,0.438,2,36,17.99,RENT,debt_consolidation,1
544,93340.54,17550.98,8.3,0.377,0,36,14.47,OWN,credit_card,0
477,23543.75,31767.54,0.2,0.474,0,36,16.91,MORTGAGE,home_improvement,0
542,77656.17,25154.49,2.7,0.166,0,36,16.28,MORTGAGE,credit_card,0
303,15651.46,34540.7,4.9,0.582,0,60,20.53,MORTGAGE,credit_card,1
627,40940.33,40088.04,9.6,0.296,0,60,13.95,RENT,major_purchase,0
628,112221.76,23514.06,2.1,0.517,0,36,12.15,MORTGAGE,debt_consolidation,0
473,42287.81,22757.09,2.8,0.224,0,60,17.91,MORTGAGE,debt_consolidation,0
445,51045.48,42479.64,1.3,0.349,0,36,18.76,MORTGAGE,credit_card,0
719,69098.6,42081.02,5.3,0.573,0,36,9.6,MORTGAGE,debt_consolidation,0
403,22642.57,44867.86,1.3,0.299,1,36,19.04,MORTGAGE,debt_consolidation,0
325,50637.25,7884.94,5.0,0.551,1,36,19.65,RENT,other,1
322,50457.96,1157.02,4.8,0.44,0,60,19.21,RENT,credit_card,0
785,113328.33,20241.65,11.7,0.136,0,60,8.02,OWN,credit_card,0
500,28111.01,33266.97,3.3,0.034,0,60,17.59,MORTGAGE,other,0
356,41287.18,4205.66,1.6,0.412,0,36,20.16,MORTGAGE,other,0
784,32281.19,17438.47,1.7,0.24,1,60,5.43,RENT,major_purchase,0
381,30776.75,26584.22,18.2,0.275,0,36,19.08,RENT,credit_card,1
485,81416.34,10352.09,1.7,0.217,0,36,16.02,RENT,debt_consolidation,0
311,49612.26,33170.25,5.2,0.112,0,36,21.26,OWN,debt_consolidation,1
674,38177.24,11099.66,6.9,0.49,0,60,9.89,RENT,debt_consolidation,1
685,38830.81,37989.57,10.9,0.118,0,60,9.93,OWN,credit_card,0
716,38045.87,16324.03,3.1,0.18,2,60,8.1,MORTGAGE,debt_consolidation,0
444,39608.09,27340.53,20.2,0.241,0,60,20.28,OWN,major_purchase,1
480,27750.24,24942.78,1.5,0.421,0,60,18.77,RENT,other,1
816,43633.12,14043.66,2.8,0.358,0,60,5.84,OWN,home_improvement,0
752,41704.19,20319.15,6.8,0.22,1,36,8.91,RENT,home_improvement,0
320,34856.38,38222.82,12.9,0.439,0,60,20.7,RENT,credit_card,1
681,52563.16,25127.15,1.0,0.092,1,36,10.73,MORTGAGE,debt_consolidation,0
747,54608.8,3445.83,9.0,0.485,1,36,9.47,OWN,major_purchase,0
608,38158.69,32373.42,1.9,0.181,1,60,13.27,MORTGAGE,debt_consolidation,0
652,45942.21,9027.91,3.2,0.279,0,36,12.94,MORTGAGE,home_improvement,0
300,129492.82,22386.76,4.5,0.122,0,60,21.39,OWN,debt_consolidation,1
316,127286.4,21615.71,14.9,0.075,0,60,21.55,OWN,major_purchase,0
319,30505.41,22405.42,14.5,0.056,0,60,18.48,MORTGAGE,home_improvement,0
387,32483.86,2364.62,4.8,0.289,2,36,19.66,MORTGAGE,debt_consolidation,1
845,30432.56,12985.09,5.3,0.142,0,60,4.0,RENT,major_purchase,0
649,78879.31,3232.36,28.1,0.289,1,60,10.33,MORTGAGE,major_purchase,0
731,40972.72,19258.09,6.5,0.155,0,60,10.99,MORTGAGE,credit_card,0
462,54603.51,28338.82,6.1,0.317,0,36,18.83,MORTGAGE,credit_card,0
816,120407.28,29779.26,3.7,0.332,2,60,5.78,MORTGAGE,debt_consolidation,0
409,48790.5,3840.11,1.4,0.491,0,36,20.89,OWN,credit_card,1
797,67360.36,6231.12,1.7,0.552,1,36,8.41,RENT,home_improvement,0
316,61956.59,30106.3,5.2,0.372,1,60,22.11,MORTGAGE,debt_consolidation,1
311,37620.42,24372.26,3.1,0.362,3,36,20.29,MORTGAGE,credit_card,1
343,78954.17,37670.13,5.3,0.113,0,36,22.93,MORTGAGE,credit_card,0
736,33444.23,10026.26,9.2,0.203,1,60,10.19,MORTGAGE,home_improvement,0
441,89585.24,6295.06,0.9,0.286,0,60,16.95,MORTGAGE,credit_card,0
548,37633.39,16929.06,0.9,0.35,0,60,12.0,MORTGAGE,other,0
559,39533.93,29030.95,12.2,0.092,0,36,13.07,MORTGAGE,major_purchase,0
735,30036.86,22382.56,2.3,0.307,0,60,9.53,OWN,credit_card,0
492,32340.75,5338.1,9.2,0.104,0,36,16.16,RENT,home_improvement,1
303,40455.43,4136.85,4.1,0.377,2,36,23.71,RENT,debt_consolidation,1
512,16414.05,30818.52,5.1,0.238,0,36,14.55,MORTGAGE,credit_card,0
458,44134.65,14066.6,6.6,0.235,0,36,17.77,RENT,credit_card,0
702,39003.69,30457.23,3.8,0.468,1,60,11.56,RENT,debt_consolidation,0
713,69947.83,13976.25,1.3,0.324,1,36,8.41,RENT,major_purchase,0
350,59298.62,14850.95,5.5,0.139,2,60,21.28,MORTGAGE,credit_card,1
736,35652.09,10231.85,20.4,0.179,1,36,9.3,RENT,credit_card,0
338,39880.87,44283.55,5.0,0.383,1,36,20.23,RENT,debt_consolidation,1
641,44109.12,1707.09,0.4,0.139,0,60,9.45,MORTGAGE,major_purchase,0
514,95671.95,6599.11,1.6,0.329,0,36,16.32,RENT,debt_consolidation,0
465,33859.09,37796.77,9.6,0.228,0,36,16.39,RENT,debt_consolidation,0
566,35458.12,7079.12,8.0,0.387,0,36,13.81,OWN,debt_consolidation,0
471,29499.75,13350.66,1.2,0.599,0,36,18.71,RENT,major_purchase,1
737,25161.8,12562.54,6.7,0.545,0,60,9.25,OWN,debt_consolidation,0
832,56283.21,31667.37,1.7,0.268,2,36,6.82,OWN,home_improvement,0
749,53707.42,19092.85,9.8,0.392,0,36,11.28,RENT,other,0
542,87311.97,37985.86,2.3,0.26,1,36,15.16,MORTGAGE,debt_consolidation,0
577,78325.94,33886.8,4.1,0.28,0,60,12.99,RENT,home_improvement,0
546,144163.38,24368.46,4.1,0.253,0,60,16.36,RENT,credit_card,0
737,47418.0,11958.72,7.0,0.571,1,36,9.37,MORTGAGE,debt_consolidation,0
604,43597.79,35866.43,9.7,0.213,0,36,12.54,MORTGAGE,debt_consolidation,0
557,27306.99,39103.58,4.6,0.259,0,36,13.45,OWN,debt_consolidation,0
525,67067.86,37796.43,1.6,0.245,0,60,15.11,MORTGAGE,debt_consolidation,0
506,51706.58,3275.41,5.0,0.111,0,36,17.15,MORTGAGE,major_purchase,0
604,65714.17,31710.18,14.7,0.213,0,36,12.49,MORTGAGE,debt_consolidation,0
679,29360.16,31973.3,22.8,0.497,0,60,11.18,RENT,debt_consolidation,0
538,57424.25,42495.32,5.3,0.243,0,60,14.07,RENT,major_purchase,1
744,53762.95,12593.05,0.2,0.259,1,36,10.79,MORTGAGE,other,0
755,52185.8,35599.26,0.7,0.176,0,36,7.11,MORTGAGE,credit_card,0
536,36045.25,31320.25,1.5,0.463,0,36,13.96,MORTGAGE,credit_card,0
800,83716.9,39663.99,5.7,0.24,0,36,6.66,OWN,major_purchase,0
395,123332.4,31505.55,2.7,0.029,0,60,17.6,MORTGAGE,debt_consolidation,1
813,29742.88,38508.0,9.3,0.239,0,60,7.71,RENT,home_improvement,0
462,67792.02,16821.32,10.5,0.319,0,60,18.11,RENT,debt_consolidation,0
610,13426.26,7935.47,8.3,0.271,0,36,13.76,MORTGAGE,major_purchase,1
456,66229.05,16987.49,0.8,0.503,0,60,18.29,MORTGAGE,major_purchase,0
543,21129.61,36862.27,4.1,0.022,0,36,13.15,RENT,major_purchase,0
487,38706.57,6792.6,7.1,0.307,0,36,16.87,MORTGAGE,other,1
688,27150.18,29069.59,1.6,0.508,0,36,12.37,OWN,major_purchase,0
344,44488.0,44452.47,3.1,0.177,1,36,20.31,RENT,debt_consolidation,1
761,71500.32,40380.65,1.7,0.213,0,36,9.88,RENT,home_improvement,0
798,21252.06,30532.07,0.5,0.248,0,36,7.32,MORTGAGE,other,0
610,41699.07,35875.73,4.0,0.123,0,36,12.83,OWN,debt_consolidation,0
601,38909.12,6124.96,2.3,0.111,0,36,11.79,RENT,debt_consolidation,0
685,99854.75,22948.69,2.9,0.31,0,36,10.23,MORTGAGE,home_improvement,0
409,59533.38,24404.15,0.4,0.275,1,60,20.37,RENT,home_improvement,1
713,28861.17,35438.61,2.0,0.302,2,36,9.22,RENT,credit_card,0
420,39652.83,13434.11,5.4,0.451,0,36,20.78,RENT,debt_consolidation,1
672,98740.15,5685.35,10.1,0.136,0,60,10.98,OWN,major_purchase,0
468,67606.84,31717.01,6.7,0.118,0,36,18.73,RENT,debt_consolidation,0
711,32428.56,22674.14,5.5,0.237,0,36,10.06,RENT,other,0
735,43469.65,38060.94,1.8,0.218,0,36,6.57,MORTGAGE,credit_card,0
414,44099.37,22185.55,0.6,0.221,0,60,17.81,OWN,major_purchase,0
640,38480.55,38235.91,2.2,0.086,0,36,11.24,RENT,debt_consolidation,0
574,22706.46,23344.74,1.0,0.372,0,60,13.2,OWN,home_improvement,0
462,36136.92,35438.73,5.7,0.269,0,36,15.78,OWN,other,0
624,91595.71,32712.79,14.3,0.226,0,60,11.39,RENT,debt_consolidation,0
846,41294.52,12707.63,8.0,0.55,1,60,6.85,RENT,home_improvement,0
301,46795.2,14613.53,3.2,0.249,0,60,25.12,RENT,credit_card,1
827,52220.82,40564.6,2.1,0.308,2,60,6.91,MORTGAGE,debt_consolidation,0
771,133007.88,11164.31,4.3,0.392,0,60,7.88,RENT,major_purchase,0
591,49216.96,31690.02,1.5,0.292,0,36,10.57,MORTGAGE,credit_card,0
636,80199.73,7385.29,14.1,0.301,0,36,14.6,OWN,debt_consolidation,0
503,37452.13,34226.97,17.1,0.064,0,60,17.37,MORTGAGE,major_purchase,0
371,43619.97,10824.75,5.0,0.283,0,36,19.39,RENT,debt_consolidation,0
614,49298.49,27138.88,5.5,0.519,0,36,13.24,RENT,credit_card,0
749,34601.08,25826.71,9.9,0.355,2,36,8.37,MORTGAGE,debt_consolidation,0
427,44726.75,9954.63,4.3,0.086,1,60,16.89,MORTGAGE,other,0
695,73102.87,22621.75,1.0,0.439,0,60,10.03,RENT,major_purchase,0
712,34195.04,39686.91,8.0,0.25,0,60,11.04,MORTGAGE,home_improvement,0
717,49022.77,30943.29,2.0,0.314,0,36,10.31,RENT,credit_card,0
487,67435.72,44676.79,3.7,0.164,0,60,16.3,RENT,major_purchase,0
516,33826.18,35520.39,5.9,0.634,0,36,16.5,MORTGAGE,home_improvement,0
529,80252.74,29312.04,0.3,0.143,0,60,14.95,MORTGAGE,credit_card,0
770,50655.22,25780.89,8.9,0.353,0,36,9.82,RENT,debt_consolidation,0
796,45510.34,42246.86,19.9,0.364,1,60,6.31,MORTGAGE,major_purchase,0
528,19857.43,24188.59,1.2,0.189,0,60,14.94,RENT,home_improvement,0
834,41434.72,18717.6,6.2,0.073,2,36,7.42,RENT,debt_consolidation,0
614,57943.09,37717.72,12.0,0.207,1,36,13.73,RENT,credit_card,0
512,107517.11,42370.75,0.8,0.709,0,36,15.02,MORTGAGE,home_improvement,0
300,63294.27,22072.34,0.2,0.386,1,36,20.95,MORTGAGE,home_improvement,0
636,81372.88,7038.5,1.0,0.074,0,60,12.84,RENT,other,0
655,28449.99,27768.4,10.2,0.405,0,60,13.39,RENT,debt_consolidation,0
833,46301.51,33598.82,10.3,0.383,0,60,7.58,OWN,home_improvement,0
695,84909.04,17439.99,17.9,0.116,0,60,9.09,RENT,credit_card,0
316,32876.71,33906.67,2.2,0.137,0,36,20.73,RENT,debt_consolidation,1
612,75686.13,24366.26,3.4,0.46,0,36,11.62,MORTGAGE,major_purchase,0
709,68185.9,14259.67,3.0,0.322,1,36,11.8,RENT,credit_card,0
573,55471.55,28698.93,1.6,0.155,0,60,13.98,MORTGAGE,credit_card,0
536,42280.61,18113.69,13.6,0.052,0,60,14.77,MORTGAGE,debt_consolidation,0
746,31450.41,35620.32,8.6,0.353,1,60,9.35,MORTGAGE,home_improvement,0
636,108980.11,1135.52,6.7,0.381,0,36,12.79,RENT,credit_card,0
675,65142.87,36999.84,3.5,0.258,1,60,10.62,MORTGAGE,credit_card,0
555,57141.0,14489.31,2.6,0.368,1,36,14.92,MORTGAGE,home_improvement,0
453,40709.53,43223.57,1.1,0.436,0,36,17.67,RENT,home_improvement,1
586,49863.38,34403.25,3.1,0.37,0,60,15.65,RENT,other,0
828,52792.41,11605.77,25.2,0.256,0,60,6.68,RENT,debt_consolidation,0
632,58685.27,44067.16,1.5,0.347,2,36,12.83,MORTGAGE,other,0
689,68217.28,22981.55,0.7,0.096,0,36,9.93,MORTGAGE,credit_card,0
368,34471.49,24008.65,0.4,0.428,0,36,19.28,MORTGAGE,debt_consolidation,1
844,25337.26,41018.8,2.2,0.213,0,60,6.73,RENT,home_improvement,0
434,50915.69,41409.73,22.8,0.368,0,60,17.01,OWN,credit_card,1
835,22331.47,31662.83,1.1,0.165,0,60,6.84,MORTGAGE,major_purchase,0
545,42376.64,44051.78,0.2,0.464,0,36,14.58,RENT,credit_card,0
806,38982.36,15470.29,7.5,0.573,1,36,8.02,RENT,debt_consolidation,0
791,61162.33,11222.81,1.1,0.093,0,36,5.37,OWN,home_improvement,0
716,119631.17,2287.3,6.1,0.153,1,60,11.63,RENT,debt_consolidation,0
804,20433.57,16239.18,2.1,0.567,0,60,5.36,RENT,home_improvement,0
635,136404.94,27515.87,1.2,0.257,0,36,14.41,MORTGAGE,debt_consolidation,0
767,44139.76,14436.68,6.1,0.243,0,60,8.51,OWN,debt_consolidation,0
394,57326.25,26503.29,1.3,0.082,0,60,19.88,RENT,credit_card,0
338,25934.4,3128.97,2.2,0.148,2,60,20.84,RENT,credit_card,1
599,76771.76,16580.01,11.8,0.12,1,60,13.4,MORTGAGE,other,0
746,49944.25,33912.22,9.3,0.267,0,36,7.88,RENT,credit_card,0
721,47683.45,5590.38,0.1,0.444,0,36,10.5,OWN,home_improvement,0
590,20499.93,32452.85,0.2,0.434,0,36,14.1,OWN,major_purchase,0
586,50676.04,34585.69,1.0,0.218,0,36,14.19,OWN,debt_consolidation,0
636,71727.02,26025.51,13.5,0.171,0,60,14.02,RENT,other,0
778,44076.17,39987.85,7.2,0.525,0,36,6.41,OWN,debt_consolidation,0
763,83149.02,43000.79,1.7,0.37,1,36,8.63,MORTGAGE,major_purchase,0
360,81617.81,2525.81,2.8,0.4,0,60,18.47,RENT,credit_card,0
628,36735.8,30879.65,6.4,0.273,0,60,13.86,MORTGAGE,major_purchase,1
509,100488.77,11435.68,6.1,0.443,0,36,16.8,OWN,credit_card,0
740,50030.23,18960.07,0.7,0.343,1,36,8.92,RENT,major_purchase,0
578,50130.52,28418.79,3.4,0.073,1,36,14.98,MORTGAGE,other,0
846,51253.62,32339.98,2.7,0.256,0,36,6.72,RENT,debt_consolidation,0
538,50573.96,37968.4,5.1,0.424,0,36,13.29,MORTGAGE,home_improvement,1
674,15009.52,32037.02,2.3,0.057,0,36,11.91,MORTGAGE,debt_consolidation,0
359,45094.8,35205.56,3.4,0.51,2,60,19.26,RENT,home_improvement,1
813,26535.11,27359.13,12.5,0.261,0,60,7.27,RENT,other,0
384,101910.58,6150.6,3.1,0.241,1,60,20.69,MORTGAGE,home_improvement,0
508,100081.22,1942.93,7.9,0.406,0,36,16.01,RENT,home_improvement,0
761,71924.5,24310.45,6.9,0.487,0,36,8.51,RENT,major_purchase,0
833,44032.78,32483.81,0.3,0.085,0,36,8.2,OWN,home_improvement,0
566,31144.51,5790.09,7.8,0.355,0,60,14.47,MORTGAGE,debt_consolidation,0
567,36464.28,19889.02,7.3,0.444,0,60,13.92,MORTGAGE,home_improvement,0
326,117499.44,12271.81,5.9,0.123,0,60,19.35,RENT,other,1
839,35900.67,25952.09,12.6,0.234,0,36,6.35,RENT,home_improvement,0
309,16983.24,18182.12,10.5,0.306,0,36,22.58,RENT,debt_consolidation,0
314,77930.64,9864.57,7.9,0.437,0,36,23.39,OWN,major_purchase,0
560,96300.27,1193.28,8.4,0.078,1,60,12.56,MORTGAGE,other,0
302,103429.66,15147.1,0.5,0.064,1,60,22.48,RENT,debt_consolidation,1
390,78218.12,23711.13,19.2,0.558,0,36,20.21,OWN,credit_card,0
645,84177.58,41885.2,3.3,0.188,0,60,11.46,MORTGAGE,debt_consolidation,0
688,50202.51,11008.94,21.1,0.343,0,36,12.7,RENT,other,0
464,19257.71,23539.22,26.9,0.236,0,36,16.22,RENT,credit_card,0
738,49639.71,25925.85,0.2,0.296,0,36,11.46,RENT,debt_consolidation,0
634,64841.93,29566.02,0.4,0.167,0,60,12.45,MORTGAGE,debt_consolidation,0
425,46125.83,15456.92,5.8,0.219,0,60,19.29,RENT,credit_card,0
692,45189.67,5377.2,6.4,0.057,0,36,10.11,RENT,other,0
626,31765.84,41539.67,10.0,0.098,0,60,10.68,OWN,credit_card,0
747,31232.6,42921.24,10.9,0.249,0,36,8.87,MORTGAGE,other,0
385,112102.27,20282.17,5.7,0.177,0,60,20.3,OWN,home_improvement,0
427,113943.26,26545.3,1.8,0.268,0,36,17.66,RENT,home_improvement,0
467,48962.44,2277.16,0.3,0.131,0,36,16.81,OWN,debt_consolidation,0
488,55641.56,3077.49,1.1,0.308,2,60,16.63,MORTGAGE,debt_consolidation,0
789,31527.45,4373.37,8.0,0.344,3,36,5.95,RENT,home_improvement,0
703,65457.65,33504.84,12.8,0.097,0,60,9.94,OWN,debt_consolidation,0
599,108211.41,10998.32,3.7,0.367,0,60,13.55,RENT,credit_card,0
597,24633.1,9115.68,1.7,0.235,0,60,12.72,OWN,credit_card,0
788,60400.19,1366.75,0.2,0.161,1,36,9.29,MORTGAGE,home_improvement,0
546,62477.39,2007.49,2.7,0.237,0,60,15.12,MORTGAGE,credit_card,0
424,62157.26,18836.89,8.7,0.488,3,36,15.83,OWN,debt_consolidation,1
375,102669.25,24833.83,0.2,0.277,0,36,19.2,RENT,major_purchase,1
481,122541.89,26478.6,5.3,0.147,0,36,15.9,MORTGAGE,major_purchase,0
659,44131.64,21148.09,0.7,0.102,1,60,10.53,MORTGAGE,debt_consolidation,0
559,66365.2,21220.7,2.8,0.27,1,36,16.31,RENT,credit_card,0
532,50914.61,34138.26,1.8,0.205,0,36,16.0,RENT,debt_consolidation,0
564,36884.55,13741.09,1.0,0.37,0,60,13.86,RENT,debt_consolidation,0
837,55374.05,11459.58,2.1,0.237,2,60,5.81,RENT,debt_consolidation,0
849,66315.23,38590.26,3.8,0.171,3,36,5.65,MORTGAGE,major_purchase,0
388,54047.46,31327.61,0.4,0.278,0,36,18.74,OWN,credit_card,1
363,32973.8,21982.12,1.1,0.207,0,60,19.33,MORTGAGE,credit_card,1
434,39791.07,13117.81,1.4,0.233,0,60,18.71,MORTGAGE,debt_consolidation,1
769,39928.34,7009.6,0.2,0.044,0,60,5.88,MORTGAGE,debt_consolidation,0
553,33553.63,2646.53,1.5,0.075,0,36,15.26,RENT,debt_consolidation,0
775,56449.0,38504.08,1.8,0.255,0,36,6.35,MORTGAGE,debt_consolidation,0
656,59168.85,27108.96,2.0,0.182,0,60,12.26,OWN,major_purchase,0
604,76174.57,3016.5,0.0,0.225,0,60,14.44,RENT,debt_consolidation,0
455,33325.23,7977.85,4.1,0.161,0,60,16.24,RENT,debt_consolidation,0
489,37802.65,13300.83,4.6,0.056,2,36,15.62,MORTGAGE,debt_consolidation,0
381,98671.98,12575.15,4.9,0.261,0,36,20.81,MORTGAGE,major_purchase,1
586,45523.18,25129.2,1.9,0.289,2,36,13.3,RENT,debt_consolidation,0
454,49690.0,18575.52,4.1,0.294,0,36,16.58,RENT,debt_consolidation,0
461,45306.39,39817.53,3.7,0.154,1,60,16.45,RENT,credit_card,0
321,81622.8,32654.07,0.8,0.272,0,60,24.29,RENT,credit_card,1
740,83059.62,41072.23,2.1,0.207,0,36,8.6,RENT,credit_card,0
817,80897.94,38964.02,3.3,0.244,1,60,7.57,MORTGAGE,major_purchase,0
574,49610.38,41540.24,2.5,0.128,0,36,14.81,OWN,credit_card,0
595,33103.81,44120.5,3.0,0.17,0,36,15.3,MORTGAGE,debt_consolidation,0
810,116581.5,14714.64,2.9,0.259,1,36,9.48,RENT,debt_consolidation,0
581,72066.1,10225.95,2.2,0.294,0,60,11.57,RENT,major_purchase,0
643,39914.84,8266.7,7.2,0.446,0,60,13.76,OWN,debt_consolidation,0
535,93033.83,28635.89,5.0,0.57,0,36,15.33,RENT,major_purchase,0
583,38521.66,30962.53,0.3,0.608,0,36,12.53,OWN,credit_card,0
587,92486.37,4864.85,2.4,0.261,1,36,14.83,MORTGAGE,debt_consolidation,0
691,95342.22,37127.15,3.1,0.185,2,36,9.54,RENT,debt_consolidation,0
632,32381.18,35454.93,16.5,0.15,0,36,13.9,RENT,debt_consolidation,0
577,63690.53,28652.85,3.9,0.16,0,60,13.48,MORTGAGE,debt_consolidation,0
341,69702.11,20166.95,3.1,0.19,0,60,22.1,RENT,credit_card,1
798,159007.9,7760.92,9.4,0.361,1,36,8.4,OWN,debt_consolidation,0
789,35100.28,23246.06,3.6,0.07,0,60,6.33,RENT,major_purchase,0
401,93399.8,8003.45,9.4,0.652,0,36,17.37,RENT,debt_consolidation,1
461,49404.94,27619.07,4.7,0.539,2,36,17.52,RENT,credit_card,1
836,28039.97,14638.45,3.0,0.321,1,60,5.82,MORTGAGE,home_improvement,0
476,46444.15,11881.48,18.7,0.081,1,36,17.67,OWN,major_purchase,0
747,49075.2,20406.26,5.6,0.224,0,36,8.72,OWN,debt_consolidation,0
732,30439.59,26551.36,5.5,0.593,0,36,8.39,RENT,other,0
774,56414.31,17168.42,0.3,0.454,0,60,8.63,MORTGAGE,other,0
308,75434.06,43398.55,0.4,0.614,0,36,19.28,OWN,credit_card,1
566,54567.31,1259.5,22.1,0.142,1,36,12.67,MORTGAGE,credit_card,0
611,38413.73,41165.88,2.7,0.197,1,60,11.71,RENT,debt_consolidation,0
761,45852.62,1030.1,0.7,0.073,2,36,5.71,OWN,credit_card,0
423,48920.68,10535.33,1.0,0.186,0,60,18.86,RENT,major_purchase,1
469,54057.02,44839.45,0.5,0.438,0,36,16.06,RENT,credit_card,0
399,80775.09,33036.2,12.4,0.561,1,36,19.4,RENT,major_purchase,1
719,55402.11,29357.93,2.8,0.161,0,60,10.71,OWN,credit_card,0
850,26076.41,32948.09,0.7,0.197,0,36,7.52,OWN,home_improvement,0
377,38061.38,18965.03,1.5,0.165,1,36,20.72,OWN,home_improvement,1
428,52823.4,35505.23,2.2,0.299,0,36,16.35,RENT,debt_consolidation,0
469,81296.32,7814.19,6.2,0.231,0,36,16.0,RENT,other,0
789,87906.66,35931.27,5.1,0.044,0,60,5.69,RENT,credit_card,0
545,108946.08,42339.17,10.0,0.431,0,36,13.77,RENT,credit_card,1
455,51988.43,38738.22,0.7,0.153,1,60,19.25,RENT,debt_consolidation,0
477,69112.38,33545.08,8.3,0.48,0,36,17.21,MORTGAGE,major_purchase,0
629,25476.01,29660.6,3.7,0.43,0,60,13.62,OWN,home_improvement,0
513,59483.05,23928.06,1.8,0.108,2,60,14.2,RENT,debt_consolidation,0
377,30216.13,18389.82,1.3,0.522,0,36,19.51,RENT,debt_consolidation,1
751,47660.46,39088.76,0.2,0.461,0,60,9.6,RENT,credit_card,0
532,191650.23,29488.18,2.8,0.601,0,60,14.04,MORTGAGE,major_purchase,0
441,56195.92,20135.61,1.3,0.188,0,60,17.63,MORTGAGE,major_purchase,0
701,33232.52,35530.84,2.7,0.054,0,36,11.47,MORTGAGE,credit_card,0
710,58894.62,3380.57,0.2,0.438,0,36,11.27,MORTGAGE,major_purchase,0
385,38844.28,36777.25,4.9,0.423,2,36,20.16,RENT,credit_card,1
340,31814.11,36670.9,1.2,0.438,0,36,20.79,MORTGAGE,debt_consolidation,0
325,126299.68,11055.29,1.0,0.575,0,36,21.4,MORTGAGE,debt_consolidation,0
721,79226.44,2657.55,2.8,0.099,0,60,8.41,OWN,debt_consolidation,0
644,57267.67,32403.15,18.2,0.14,0,36,14.25,RENT,debt_consolidation,0
736,41096.55,9794.35,0.5,0.066,0,36,7.77,RENT,major_purchase,0
645,42622.81,44824.96,3.6,0.078,0,60,13.52,MORTGAGE,debt_consolidation,0
521,98136.72,1404.03,1.3,0.129,0,36,13.26,MORTGAGE,debt_consolidation,0
624,56272.42,11110.85,0.1,0.245,0,60,12.25,RENT,major_purchase,0
698,12243.34,2850.75,2.7,0.173,0,60,10.87,MORTGAGE,debt_consolidation,0
519,145717.1,35436.85,2.1,0.25,1,60,14.75,RENT,debt_consolidation,0
804,53230.03,26462.6,2.4,0.13,0,36,5.53,RENT,home_improvement,0
795,57211.83,38331.12,30.6,0.463,2,36,6.61,OWN,debt_consolidation,0
741,79938.48,43354.99,1.6,0.501,1,36,8.87,RENT,credit_card,0
846,60441.5,27845.05,0.7,0.187,0,60,6.32,RENT,debt_consolidation,0
515,68604.19,11197.15,3.3,0.168,0,36,15.6,RENT,other,0
362,40510.82,5076.58,0.3,0.398,2,36,20.35,MORTGAGE,debt_consolidation,1
566,28186.32,39115.49,13.4,0.096,0,36,14.66,MORTGAGE,debt_consolidation,0
710,55609.25,11784.98,10.5,0.261,0,36,10.88,RENT,major_purchase,0
729,93360.78,40314.8,2.9,0.109,1,60,8.96,RENT,debt_consolidation,0
514,36625.09,39644.65,4.1,0.125,0,36,16.18,RENT,credit_card,0
461,35326.52,28623.61,2.3,0.175,1,36,15.9,MORTGAGE,debt_consolidation,0
545,84919.47,27575.82,3.2,0.167,3,36,12.94,RENT,other,0
742,39904.31,42836.36,4.4,0.481,0,60,8.58,MORTGAGE,home_improvement,0
333,40751.5,34264.66,8.0,0.18,0,60,24.77,RENT,home_improvement,1
480,41443.45,31064.4,3.1,0.304,1,36,16.75,MORTGAGE,home_improvement,0
426,47608.12,20172.59,1.1,0.336,1,60,19.34,MORTGAGE,credit_card,1
744,24145.73,22295.93,0.5,0.342,0,36,10.51,MORTGAGE,credit_card,0
558,38457.04,18112.53,1.6,0.106,0,60,14.12,RENT,credit_card,0
347,54375.32,42638.12,12.9,0.207,1,36,22.42,RENT,major_purchase,1
444,54201.13,29077.25,6.8,0.276,0,36,18.4,MORTGAGE,debt_consolidation,1
324,82544.83,35336.0,16.7,0.318,1,36,22.61,RENT,debt_consolidation,1
562,112165.02,2636.79,6.5,0.166,0,36,14.61,RENT,major_purchase,0
849,96820.84,38506.76,16.6,0.505,0,60,6.33,MORTGAGE,debt_consolidation,0
612,73983.22,19376.09,5.1,0.438,0,60,14.63,RENT,other,0
779,45847.2,33435.06,4.1,0.085,0,36,7.48,MORTGAGE,credit_card,0
709,37035.01,2761.11,40.0,0.25,0,36,10.5,RENT,debt_consolidation,0
786,49416.78,40330.42,5.1,0.414,0,60,7.98,MORTGAGE,debt_consolidation,0
471,63800.13,30033.21,8.5,0.318,1,36,17.19,RENT,debt_consolidation,0
824,70960.03,21130.03,0.6,0.222,0,60,7.6,MORTGAGE,debt_consolidation,0
431,64886.09,14356.56,3.7,0.241,0,60,18.6,MORTGAGE,credit_card,0
541,46419.32,14685.06,1.4,0.149,0,36,14.92,RENT,major_purchase,0
675,69848.79,14349.52,2.0,0.262,1,60,13.13,MORTGAGE,debt_consolidation,0
458,86456.15,6765.14,2.9,0.37,0,60,17.89,RENT,debt_consolidation,0
445,72843.76,21407.62,2.9,0.257,0,60,17.04,MORTGAGE,debt_consolidation,0
371,48319.68,20953.4,7.4,0.155,0,36,19.97,OWN,debt_consolidation,0
302,33683.66,19125.21,9.8,0.525,2,36,21.97,RENT,debt_consolidation,1
576,33326.05,31936.15,2.4,0.089,1,36,13.33,RENT,credit_card,0
843,36078.49,19471.85,1.2,0.505,0,36,5.69,OWN,home_improvement,0
421,55032.76,4916.16,10.5,0.155,1,36,18.36,RENT,debt_consolidation,0
542,61939.4,38490.62,3.9,0.274,2,36,15.58,RENT,debt_consolidation,0
815,25937.9,19704.44,20.6,0.206,0,36,5.68,RENT,debt_consolidation,0
725,39073.6,29832.57,9.8,0.115,0,60,10.34,RENT,other,0
302,54692.31,41915.44,2.4,0.081,0,60,21.71,MORTGAGE,home_improvement,0
575,32700.45,34766.26,12.7,0.134,2,36,12.71,RENT,debt_consolidation,1
378,59590.82,24707.15,10.2,0.103,0,36,20.37,OWN,debt_consolidation,0
436,42687.32,24980.98,1.2,0.306,0,36,18.43,MORTGAGE,debt_consolidation,0
435,35399.78,38379.37,0.4,0.054,0,60,18.78,MORTGAGE,home_improvement,0
637,50208.64,37239.82,3.4,0.103,0,36,13.54,RENT,other,0
409,58485.03,8860.72,9.4,0.201,0,36,21.04,MORTGAGE,debt_consolidation,0
438,33461.87,28566.05,3.0,0.466,0,36,18.1,RENT,major_purchase,1
424,43950.73,39091.49,2.9,0.609,0,60,18.09,OWN,major_purchase,0
496,60503.43,36345.53,1.2,0.322,0,60,16.17,MORTGAGE,home_improvement,1
661,34789.1,6487.5,0.1,0.283,0,36,11.09,RENT,credit_card,0
520,23248.81,20170.48,1.7,0.107,0,36,14.96,RENT,other,0
480,24551.83,23802.26,18.7,0.386,0,60,16.81,RENT,home_improvement,0
585,40614.37,12343.62,1.2,0.271,0,60,11.9,MORTGAGE,credit_card,0
638,27084.36,30897.97,1.7,0.02,0,36,13.19,MORTGAGE,home_improvement,0
308,41920.29,21953.97,7.3,0.096,1,36,22.22,OWN,major_purchase,1
790,103696.57,14090.38,4.5,0.657,0,36,9.59,MORTGAGE,debt_consolidation,0
804,26360.73,15822.04,1.5,0.442,0,36,6.33,MORTGAGE,major_purchase,0
632,43166.84,38693.41,7.2,0.012,0,60,14.09,RENT,major_purchase,0
616,127968.2,39112.79,5.9,0.424,0,36,13.97,RENT,credit_card,0
682,58903.66,36744.53,1.4,0.288,0,36,9.77,RENT,debt_consolidation,0
542,41544.67,41210.23,8.6,0.336,0,36,13.67,RENT,major_purchase,0
501,45679.4,42901.49,2.1,0.27,0,36,16.58,MORTGAGE,major_purchase,0
494,59469.16,22640.43,7.4,0.229,0,36,17.08,RENT,credit_card,0
388,105145.18,5254.96,0.9,0.236,0,36,20.41,MORTGAGE,home_improvement,1
763,38604.18,36203.12,2.4,0.151,0,36,7.8,RENT,major_purchase,0
476,34859.3,28871.0,18.4,0.459,2,36,19.78,MORTGAGE,debt_consolidation,1
456,26358.24,17742.76,8.0,0.129,0,60,16.14,MORTGAGE,debt_consolidation,0
831,51348.61,43923.46,1.7,0.4,0,60,7.98,RENT,major_purchase,0
579,26041.34,15902.15,1.6,0.081,1,60,11.82,MORTGAGE,debt_consolidation,0
642,39787.09,40935.9,7.4,0.237,0,36,11.14,MORTGAGE,credit_card,0
435,32568.23,27073.72,3.6,0.086,0,36,19.16,MORTGAGE,major_purchase,0
452,79487.54,2612.25,0.1,0.35,0,60,19.7,MORTGAGE,debt_consolidation,0
701,38996.28,38854.74,1.6,0.389,2,60,11.71,RENT,credit_card,0
548,58607.54,34537.33,1.6,0.046,0,36,14.62,MORTGAGE,debt_consolidation,0
381,23817.09,29269.45,1.4,0.57,0,60,18.29,MORTGAGE,debt_consolidation,1
760,52009.32,28041.83,12.8,0.393,0,60,10.17,MORTGAGE,home_improvement,0
521,28526.19,10628.76,8.2,0.345,0,36,15.39,RENT,other,1
668,40475.74,10437.39,0.4,0.183,0,60,13.06,RENT,debt_consolidation,0
488,132593.21,2283.59,5.0,0.223,0,60,17.93,RENT,other,0
608,74568.87,7782.05,12.2,0.206,0,60,13.7,MORTGAGE,debt_consolidation,0
727,46268.39,15805.18,1.8,0.269,0,60,8.63,RENT,major_purchase,0
787,206803.4,24791.9,4.8,0.437,0,36,6.96,MORTGAGE,major_purchase,0
414,32473.23,6755.58,26.6,0.198,0,36,19.44,RENT,debt_consolidation,1
670,82813.58,25533.18,9.7,0.307,0,36,11.46,RENT,debt_consolidation,0
803,24594.95,12586.09,0.4,0.438,0,36,9.67,RENT,debt_consolidation,0
654,43924.82,12174.29,1.8,0.256,1,36,12.48,MORTGAGE,other,0
378,26728.74,42709.55,16.9,0.443,0,36,20.41,RENT,debt_consolidation,0
404,55037.73,44663.16,8.8,0.018,0,60,20.89,RENT,credit_card,1
411,50271.15,36703.3,0.5,0.279,3,36,18.06,RENT,credit_card,1
358,42682.78,3393.25,1.2,0.082,0,36,20.99,MORTGAGE,credit_card,1
715,80131.61,33059.8,5.8,0.031,2,60,8.96,RENT,home_improvement,0
831,37979.64,8850.73,1.7,0.252,3,36,7.69,RENT,credit_card,0
584,56788.17,26045.74,11.9,0.407,0,36,15.7,RENT,major_purchase,0
629,70915.88,40323.4,2.6,0.193,0,36,12.72,RENT,debt_consolidation,0
726,25148.42,17728.61,13.5,0.562,1,36,7.65,RENT,major_purchase,0
529,35003.86,41869.03,0.9,0.123,0,36,16.62,RENT,credit_card,0
560,50223.46,32168.38,9.8,0.35,0,36,16.31,MORTGAGE,other,0
624,65092.79,14244.52,5.0,0.092,0,36,11.75,MORTGAGE,major_purchase,0
467,92925.84,5176.36,2.7,0.17,1,36,16.41,RENT,major_purchase,0
334,44482.63,36875.46,1.9,0.185,0,36,22.25,MORTGAGE,debt_consolidation,1
612,42513.97,21154.61,11.5,0.291,0,60,11.88,RENT,debt_consolidation,0
752,33101.43,4198.51,12.4,0.097,0,36,7.58,MORTGAGE,other,0
340,56868.27,5537.38,5.5,0.167,0,60,19.82,MORTGAGE,debt_consolidation,0
419,42885.84,43546.3,6.2,0.45,0,60,18.07,MORTGAGE,debt_consolidation,1
444,43333.68,11692.09,10.1,0.387,0,36,18.78,RENT,major_purchase,0
743,46992.82,43530.01,4.1,0.141,0,60,9.37,RENT,major_purchase,0
578,62832.81,30971.02,2.1,0.4,0,36,15.13,MORTGAGE,other,0
594,38037.25,14221.61,3.2,0.292,0,36,14.2,RENT,home_improvement,0
655,34631.84,17884.03,0.8,0.429,0,36,13.36,MORTGAGE,major_purchase,0
452,59532.39,35189.69,13.6,0.219,3,60,18.91,RENT,debt_consolidation,1
693,12561.9,20158.26,6.8,0.425,0,60,9.31,MORTGAGE,home_improvement,0
316,37359.59,4289.03,2.8,0.146,0,60,21.19,OWN,other,0
362,29199.61,11111.82,5.1,0.379,0,36,21.8,OWN,other,1
749,84243.46,38855.18,1.0,0.151,0,36,9.5,RENT,major_purchase,0
662,40198.31,31631.66,0.4,0.108,0,36,10.91,MORTGAGE,home_improvement,0
397,38088.88,23044.71,4.0,0.102,0,60,18.8,RENT,credit_card,0
541,47959.87,11801.81,3.7,0.262,0,36,16.1,RENT,debt_consolidation,0
328,37499.48,21881.99,0.5,0.024,2,60,20.81,MORTGAGE,debt_consolidation,1
670,40896.85,35709.36,0.7,0.132,0,60,12.67,MORTGAGE,debt_consolidation,0
716,51210.49,4587.9,1.4,0.277,0,60,9.71,MORTGAGE,debt_consolidation,0
453,40541.52,44769.78,8.9,0.43,0,36,19.4,OWN,credit_card,1
492,40410.79,38829.55,1.0,0.773,1,36,17.87,MORTGAGE,debt_consolidation,1
430,31114.49,14990.49,3.4,0.181,0,36,17.59,OWN,debt_consolidation,0
514,29167.12,39305.38,7.4,0.392,0,36,16.75,MORTGAGE,credit_card,0
450,50376.83,30995.44,7.3,0.423,0,36,16.04,RENT,home_improvement,1
436,56273.01,30319.59,2.3,0.182,2,36,18.15,RENT,major_purchase,1
537,25779.36,7147.23,2.3,0.169,0,36,15.12,OWN,credit_card,0
773,69007.72,40859.36,0.5,0.054,0,36,6.23,MORTGAGE,credit_card,0
720,69135.35,20815.04,40.0,0.198,0,36,7.69,RENT,credit_card,0
463,76009.23,36342.02,4.3,0.169,0,60,18.71,MORTGAGE,credit_card,0
819,56103.31,14179.05,8.7,0.291,0,60,6.87,RENT,credit_card,0
415,65296.06,14552.16,0.6,0.501,0,60,18.85,RENT,home_improvement,0
801,131040.49,43446.32,22.5,0.064,0,60,7.08,RENT,credit_card,0
470,42800.94,22853.04,0.3,0.242,0,60,18.58,MORTGAGE,debt_consolidation,0
597,30620.92,3635.19,0.8,0.27,0,36,11.56,MORTGAGE,major_purchase,0
411,24579.62,37771.09,2.0,0.383,0,60,19.79,OWN,debt_consolidation,0
719,108018.01,10998.12,0.1,0.282,0,36,12.19,MORTGAGE,major_purchase,0
475,108657.31,39665.17,0.6,0.518,0,60,15.95,MORTGAGE,credit_card,0
780,32335.8,41323.35,3.1,0.536,0,60,6.88,MORTGAGE,major_purchase,0
345,35337.7,4201.7,1.4,0.28,0,36,21.16,RENT,debt_consolidation,0
576,42370.35,26626.89,4.9,0.388,0,60,14.75,OWN,debt_consolidation,0
387,85043.28,44187.06,8.5,0.149,0,60,17.93,OWN,credit_card,1
789,27466.27,41960.46,0.4,0.126,0,36,7.35,RENT,major_purchase,0
529,20232.01,24110.7,2.2,0.051,0,36,17.16,MORTGAGE,debt_consolidation,0
671,130011.93,30941.7,5.2,0.27,0,36,13.51,RENT,credit_card,0
784,56419.38,27587.53,5.1,0.259,1,60,7.73,MORTGAGE,major_purchase,0
595,60143.34,9943.15,8.7,0.466,1,60,13.58,RENT,debt_consolidation,0
331,44698.82,29731.89,0.5,0.344,0,60,21.48,OWN,debt_consolidation,1
421,60451.9,15658.21,7.5,0.389,0,60,15.14,OWN,credit_card,0
417,24800.21,15870.76,5.6,0.33,0,60,17.69,MORTGAGE,debt_consolidation,0
803,33576.64,19479.48,8.4,0.057,0,60,7.31,RENT,debt_consolidation,0
800,51396.28,38495.78,4.8,0.132,0,36,10.27,RENT,debt_consolidation,0
562,17643.08,11487.22,2.7,0.154,0,36,14.89,MORTGAGE,credit_card,0
790,42781.76,12034.83,0.9,0.475,0,60,9.5,OWN,debt_consolidation,0
435,41611.26,1322.96,10.8,0.397,0,60,17.85,RENT,other,1
674,42778.43,7820.3,1.4,0.191,0,36,11.66,RENT,credit_card,0
515,38254.37,44061.89,3.5,0.367,0,36,14.59,MORTGAGE,credit_card,1
432,31314.88,20090.28,2.9,0.478,0,60,16.38,OWN,credit_card,0
437,21592.16,9587.25,13.5,0.152,0,36,16.65,OWN,debt_consolidation,0
531,52320.11,43490.0,16.4,0.44,0,60,14.74,OWN,credit_card,0
487,42827.86,2193.19,0.7,0.462,0,36,16.44,MORTGAGE,credit_card,0
416,26400.11,22303.32,1.0,0.414,0,36,17.85,OWN,other,0
484,50419.84,36402.49,5.9,0.407,0,36,13.8,OWN,major_purchase,0
370,42927.69,35004.31,2.3,0.113,0,36,20.74,OWN,debt_consolidation,1
834,39836.51,9325.56,0.9,0.271,2,36,5.37,RENT,debt_consolidation,0
509,18571.76,32142.75,2.0,0.537,0,60,15.86,RENT,credit_card,1
359,66652.34,28380.7,1.6,0.158,0,36,19.29,MORTGAGE,home_improvement,0
617,28145.06,30712.15,5.7,0.172,0,60,13.87,RENT,credit_card,0
786,50436.56,12708.61,6.2,0.544,2,36,5.64,RENT,home_improvement,0
498,34073.64,36672.31,11.1,0.363,0,36,17.2,MORTGAGE,home_improvement,0
765,41153.86,25606.45,2.4,0.508,0,60,7.8,OWN,home_improvement,0
636,82333.36,32903.43,3.7,0.412,0,60,11.68,MORTGAGE,debt_consolidation,0
707,62269.57,42341.23,6.5,0.45,1,60,10.06,RENT,debt_consolidation,0
463,81513.01,38641.88,4.8,0.411,1,36,17.02,MORTGAGE,debt_consolidation,0
320,56878.54,35422.85,1.9,0.241,0,60,22.94,RENT,credit_card,0
490,58586.8,13744.54,8.8,0.508,0,60,17.09,RENT,credit_card,0
809,21993.17,3379.66,3.9,0.578,1,60,8.63,RENT,debt_consolidation,0
735,42493.81,26284.36,5.4,0.526,0,36,9.78,MORTGAGE,home_improvement,0
732,44302.26,2518.57,0.7,0.203,1,60,9.11,RENT,debt_consolidation,0
783,85020.63,32424.35,10.0,0.259,0,36,7.64,MORTGAGE,debt_consolidation,0
505,39034.33,33420.15,0.2,0.322,0,60,13.95,MORTGAGE,debt_consolidation,0
477,55225.87,25768.1,4.1,0.026,0,36,18.97,MORTGAGE,credit_card,0
809,54262.62,8398.68,4.3,0.314,3,36,6.87,RENT,home_improvement,1
614,82533.03,39531.74,3.9,0.355,0,36,10.56,RENT,debt_consolidation,0
464,46157.52,27220.53,8.4,0.283,0,36,15.83,MORTGAGE,major_purchase,1
453,71147.05,23655.25,6.9,0.258,0,36,15.5,RENT,credit_card,0
783,22761.16,25974.04,3.8,0.244,0,36,6.91,MORTGAGE,major_purchase,0
329,23710.93,4647.03,1.7,0.243,0,36,21.65,MORTGAGE,debt_consolidation,1
333,17544.49,33579.23,0.7,0.344,0,60,18.39,MORTGAGE,credit_card,1
706,69821.22,3674.13,0.4,0.067,0,36,11.6,MORTGAGE,credit_card,0
300,66379.94,26449.08,3.6,0.041,2,36,21.07,OWN,credit_card,0
394,73392.16,8447.31,0.4,0.189,0,36,18.84,MORTGAGE,credit_card,0
845,36141.14,10138.89,10.1,0.655,0,36,5.89,RENT,debt_consolidation,0
534,38040.38,11263.19,2.9,0.25,0,36,13.7,RENT,credit_card,0
700,46421.99,1629.45,7.2,0.534,0,36,11.05,OWN,debt_consolidation,0
568,93869.86,40240.91,18.5,0.278,0,60,12.34,OWN,credit_card,0
349,105053.25,36386.35,5.2,0.389,0,36,22.25,MORTGAGE,debt_consolidation,0
401,70067.46,2376.6,2.4,0.249,0,36,17.62,OWN,credit_card,0
719,56894.78,3507.39,1.5,0.329,0,36,9.59,MORTGAGE,other,0
352,89404.14,35446.58,6.4,0.343,3,60,19.49,RENT,credit_card,1
627,43689.84,1299.34,6.9,0.099,0,36,13.63,MORTGAGE,credit_card,0
491,41112.86,21635.95,1.2,0.247,0,60,14.91,RENT,credit_card,0
504,46255.7,5721.08,0.5,0.163,1,36,17.58,MORTGAGE,debt_consolidation,0
824,31557.88,27031.82,5.9,0.238,0,60,9.16,OWN,debt_consolidation,0
633,45308.31,44926.98,1.8,0.076,0,36,10.48,MORTGAGE,debt_consolidation,0
638,29648.49,8568.95,3.2,0.256,0,36,9.73,MORTGAGE,credit_card,0
493,77749.98,43094.09,5.9,0.132,1,60,15.89,MORTGAGE,home_improvement,0
510,62608.69,39081.06,6.2,0.117,0,60,15.9,MORTGAGE,home_improvement,0
677,93274.6,44377.62,9.8,0.132,0,36,10.6,MORTGAGE,credit_card,0
321,23548.63,34712.3,19.0,0.284,0,36,20.89,RENT,credit_card,1
430,115354.31,38707.75,5.2,0.283,0,36,18.88,OWN,debt_consolidation,0
630,24158.37,27162.3,2.0,0.212,0,36,12.66,MORTGAGE,home_improvement,0
643,28588.54,39160.5,23.1,0.144,1,36,9.94,MORTGAGE,major_purchase,0
350,37072.48,5906.54,0.9,0.371,0,60,19.51,MORTGAGE,home_improvement,1
734,88298.14,33632.79,0.1,0.174,0,36,10.81,RENT,debt_consolidation,0
598,54258.13,28663.84,5.2,0.004,0,36,13.37,RENT,major_purchase,0
430,43926.67,3633.25,3.6,0.328,0,36,18.02,RENT,credit_card,1
714,34314.31,13829.98,5.6,0.116,0,60,8.29,OWN,home_improvement,0
845,26392.34,10508.7,4.5,0.147,0,36,6.89,MORTGAGE,home_improvement,0
533,81607.98,18827.72,0.3,0.159,0,36,15.07,MORTGAGE,credit_card,0
456,70219.95,9727.55,2.6,0.621,0,36,17.31,MORTGAGE,credit_card,0
464,90093.44,13092.5,10.9,0.433,0,60,18.27,OWN,debt_consolidation,1
626,58604.58,14025.33,1.7,0.024,0,60,11.12,MORTGAGE,home_improvement,0
326,14928.9,27391.68,11.3,0.522,0,36,22.52,OWN,credit_card,0
566,27999.38,6934.45,4.3,0.343,0,36,14.5,OWN,debt_consolidation,0
313,60427.05,11608.45,2.2,0.359,1,36,22.88,MORTGAGE,debt_consolidation,1
321,41507.41,14954.51,2.9,0.218,3,36,20.92,MORTGAGE,home_improvement,1
536,38121.02,20758.99,1.6,0.566,0,36,16.55,OWN,credit_card,1
710,29838.3,2675.9,5.3,0.431,0,60,6.56,OWN,debt_consolidation,0
786,75087.94,44965.3,2.2,0.699,0,36,6.08,MORTGAGE,major_purchase,0
348,60191.52,14217.25,9.6,0.075,0,36,19.37,RENT,credit_card,0
434,61422.78,13643.17,0.8,0.344,0,36,17.07,RENT,home_improvement,0
532,36859.88,25414.31,5.9,0.332,0,36,16.44,RENT,credit_card,0
616,53068.01,38577.42,3.0,0.796,0,60,10.35,RENT,home_improvement,0
843,26849.59,21099.61,2.8,0.233,0,60,7.15,MORTGAGE,debt_consolidation,0
677,46238.93,11948.92,7.7,0.455,0,36,10.88,MORTGAGE,debt_consolidation,0
596,15715.95,25898.52,0.8,0.408,2,60,11.91,MORTGAGE,major_purchase,0
333,24205.8,22249.47,5.9,0.275,0,60,23.02,RENT,major_purchase,1
344,42402.38,19615.29,8.5,0.101,0,60,18.97,MORTGAGE,debt_consolidation,1
384,142743.3,44290.85,4.5,0.379,0,36,20.51,RENT,home_improvement,0
664,21800.01,44821.81,1.2,0.175,0,36,12.86,MORTGAGE,debt_consolidation,0
482,28012.01,25725.53,5.0,0.48,0,60,14.33,OWN,major_purchase,1
432,54043.72,3992.17,7.2,0.371,0,36,16.78,OWN,credit_card,0
669,108688.4,25944.37,0.5,0.368,2,36,12.76,RENT,debt_consolidation,0
749,53689.76,42908.77,1.1,0.25,2,36,9.02,MORTGAGE,debt_consolidation,0
541,67235.98,41730.47,5.5,0.09,0,60,15.67,RENT,home_improvement,0
785,42111.59,10482.04,5.1,0.044,0,60,7.86,MORTGAGE,home_improvement,0
704,38957.25,9365.26,5.8,0.067,0,60,11.06,MORTGAGE,home_improvement,0
694,50867.68,7699.26,0.2,0.676,0,36,8.97,RENT,other,0
778,36452.66,37070.51,1.1,0.537,0,60,8.87,MORTGAGE,debt_consolidation,0
401,67908.82,22562.42,12.2,0.297,1,60,18.75,MORTGAGE,home_improvement,1
717,23793.74,15874.05,1.7,0.266,0,60,9.5,MORTGAGE,credit_card,0
827,73166.59,15291.52,2.4,0.34,1,60,4.92,RENT,credit_card,0
846,49895.74,13118.18,5.0,0.11,0,36,4.14,RENT,debt_consolidation,0
618,44505.84,39835.27,6.3,0.327,0,60,12.46,MORTGAGE,other,0
715,23403.88,19025.92,8.8,0.352,0,36,11.29,MORTGAGE,major_purchase,0
789,31542.63,11736.78,6.2,0.492,0,36,7.9,MORTGAGE,other,0
769,84069.0,32257.81,4.9,0.601,0,36,7.07,MORTGAGE,home_improvement,0
794,44628.61,28960.0,2.4,0.679,0,60,7.3,OWN,home_improvement,0
758,55563.36,32476.08,12.5,0.34,1,36,8.23,RENT,debt_consolidation,0
510,32998.28,37166.07,1.6,0.282,0,36,14.79,RENT,credit_card,0
702,48384.05,5454.28,15.5,0.199,1,60,10.69,MORTGAGE,debt_consolidation,0
526,26437.31,1087.5,2.3,0.502,0,36,14.15,MORTGAGE,other,0
741,51274.41,3224.91,8.7,0.218,0,36,8.24,MORTGAGE,credit_card,0
746,57918.28,32098.9,12.2,0.165,0,60,7.6,MORTGAGE,debt_consolidation,0
815,56629.01,42117.85,1.2,0.475,0,60,6.0,RENT,credit_card,0
624,32643.04,15568.64,0.5,0.591,0,36,14.31,RENT,home_improvement,1
561,42027.4,35372.54,9.1,0.261,0,36,13.45,RENT,other,0
391,62426.01,33084.12,3.9,0.277,0,60,18.67,RENT,home_improvement,0
651,44571.64,44034.71,4.4,0.633,0,36,12.64,RENT,major_purchase,0
612,43075.63,21714.9,2.7,0.222,0,60,14.06,OWN,major_purchase,0
583,115446.26,8307.21,1.7,0.246,0,60,13.05,MORTGAGE,home_improvement,0
672,31954.07,34670.18,1.2,0.386,0,36,12.58,MORTGAGE,debt_consolidation,1
768,79713.03,37028.03,2.0,0.204,0,36,7.1,RENT,debt_consolidation,0
381,29155.35,32121.2,10.6,0.263,0,36,20.36,MORTGAGE,major_purchase,1
537,65818.19,38979.99,2.5,0.192,0,36,14.91,OWN,major_purchase,0
697,67418.09,17332.03,7.7,0.266,0,60,10.87,RENT,debt_consolidation,0
751,38961.75,31373.86,9.1,0.483,0,60,9.5,RENT,debt_consolidation,0
728,28343.0,12609.34,0.7,0.196,0,60,9.37,OWN,major_purchase,0
740,20197.32,20643.37,7.5,0.147,1,60,9.73,RENT,debt_consolidation,0
771,37167.83,11669.66,0.0,0.139,0,36,9.14,OWN,credit_card,0
829,62118.45,7799.48,1.7,0.033,0,60,4.57,RENT,other,0
635,30184.0,2581.94,2.4,0.577,1,36,11.11,OWN,home_improvement,0
437,51206.76,30542.67,3.6,0.423,2,36,19.01,RENT,debt_consolidation,1
610,25225.4,39512.02,4.4,0.076,2,36,10.58,MORTGAGE,other,0
691,44123.61,14834.46,0.8,0.094,0,36,9.17,RENT,debt_consolidation,0
355,29255.72,19886.36,0.1,0.623,0,60,22.16,MORTGAGE,major_purchase,1
717,47330.43,1156.07,1.6,0.4,0,60,9.33,RENT,debt_consolidation,0
599,39124.89,19165.61,2.5,0.265,0,60,13.45,MORTGAGE,debt_consolidation,0
815,28690.9,13378.17,2.4,0.399,0,36,7.42,MORTGAGE,debt_consolidation,0
416,36443.08,26264.8,14.9,0.23,0,36,19.08,RENT,credit_card,0
799,32197.03,40974.76,4.7,0.194,0,36,6.78,MORTGAGE,home_improvement,0
546,27139.18,23270.71,0.4,0.336,0,60,14.33,OWN,home_improvement,0
616,79796.56,30723.44,2.3,0.371,2,36,15.3,MORTGAGE,debt_consolidation,0
663,41686.03,32041.24,2.9,0.224,0,60,9.77,RENT,other,0
619,18196.75,7707.0,7.8,0.173,0,36,11.8,OWN,debt_consolidation,0
798,37031.48,16249.11,4.2,0.454,0,36,6.03,MORTGAGE,debt_consolidation,0
392,73985.19,5978.4,0.7,0.391,0,36,19.0,RENT,debt_consolidation,0
702,34800.56,20392.85,10.2,0.29,0,60,9.11,OWN,credit_card,0
837,96180.77,40040.57,3.1,0.078,0,60,7.81,MORTGAGE,other,0
421,33339.63,22161.11,3.5,0.491,0,36,20.3,MORTGAGE,debt_consolidation,1
440,61484.08,21070.73,12.8,0.11,2,36,17.79,RENT,debt_consolidation,0
561,78157.97,10210.24,0.4,0.034,0,60,13.09,OWN,debt_consolidation,0
699,60029.25,14649.56,2.4,0.271,0,60,12.49,RENT,major_purchase,0
828,26409.46,42210.38,1.1,0.259,0,36,5.64,MORTGAGE,credit_card,0
738,32076.83,14331.79,0.3,0.167,0,60,9.43,MORTGAGE,credit_card,0
737,82994.69,33181.01,3.2,0.438,0,36,9.64,MORTGAGE,credit_card,0
543,34129.75,2854.23,17.2,0.128,0,36,13.66,RENT,home_improvement,0
655,76043.01,6645.81,3.8,0.226,1,60,11.08,MORTGAGE,other,0
416,40391.39,14705.03,14.5,0.416,0,60,20.76,RENT,credit_card,0
555,52242.25,40662.52,2.4,0.192,2,36,14.82,RENT,debt_consolidation,0
404,26271.81,10648.83,5.4,0.265,0,60,19.47,MORTGAGE,credit_card,0
314,37282.51,32976.76,2.2,0.538,0,36,22.48,MORTGAGE,debt_consolidation,1
771,33061.08,8371.08,12.6,0.355,0,36,8.72,MORTGAGE,home_improvement,0
743,54258.77,27965.05,7.5,0.051,0,60,10.23,RENT,debt_consolidation,0
581,51120.4,26820.44,5.0,0.116,0,60,14.38,RENT,credit_card,0
307,60366.67,28365.71,5.8,0.064,0,36,21.54,RENT,debt_consolidation,1
349,39311.21,13596.17,0.6,0.267,1,60,24.28,MORTGAGE,debt_consolidation,0
361,32253.97,8132.53,1.7,0.262,3,36,19.43,OWN,credit_card,1
695,53222.05,40005.37,0.5,0.169,0,36,9.96,MORTGAGE,major_purchase,0
412,30843.61,26055.53,2.6,0.578,0,60,20.32,RENT,home_improvement,1
437,79641.46,10329.9,3.2,0.21,0,36,18.88,RENT,major_purchase,0
774,46558.5,19186.48,12.5,0.46,0,36,7.64,RENT,credit_card,0
782,42329.49,3952.03,2.5,0.184,0,60,7.32,RENT,debt_consolidation,0
720,60353.79,21916.55,2.4,0.479,0,36,9.71,RENT,debt_consolidation,0
470,47364.86,19651.19,0.7,0.339,0,36,17.36,RENT,debt_consolidation,0
619,23245.73,6839.95,1.9,0.168,1,36,12.65,OWN,credit_card,1
410,30404.82,20552.38,3.6,0.623,0,36,18.11,MORTGAGE,debt_consolidation,1
772,78902.56,29139.42,3.3,0.214,0,60,9.02,RENT,major_purchase,0
346,50906.6,41853.58,3.5,0.398,2,36,20.68,RENT,home_improvement,1
710,23001.03,31940.15,0.8,0.356,0,36,11.07,OWN,credit_card,0
581,57437.37,23107.15,1.6,0.291,0,60,13.95,MORTGAGE,home_improvement,0
717,38113.87,34882.25,9.5,0.117,0,36,8.0,RENT,credit_card,0
548,33073.08,13317.15,1.9,0.455,2,36,15.32,RENT,debt_consolidation,0
387,29284.31,30426.39,0.1,0.235,0,60,20.59,MORTGAGE,home_improvement,0
713,76877.48,1222.74,10.8,0.247,0,60,10.41,MORTGAGE,home_improvement,0
647,20242.22,4192.25,1.6,0.255,0,60,9.96,MORTGAGE,credit_card,0
555,33627.87,28467.69,4.4,0.348,0,60,14.89,RENT,debt_consolidation,0
505,51743.65,9472.18,3.7,0.034,0,36,15.44,MORTGAGE,credit_card,0
489,99734.15,31304.1,11.2,0.209,0,60,16.54,MORTGAGE,debt_consolidation,0
565,62895.9,29017.14,22.9,0.308,0,36,14.85,MORTGAGE,other,0
444,33499.6,3801.34,2.8,0.383,1,60,17.49,RENT,credit_card,1
455,97558.65,18269.85,6.9,0.317,0,60,18.22,RENT,major_purchase,1
453,26640.68,27972.1,5.2,0.051,0,60,18.1,RENT,credit_card,1
306,55237.72,32393.19,6.4,0.208,0,36,22.22,RENT,major_purchase,0
811,61053.33,36907.7,1.9,0.435,0,60,6.68,RENT,credit_card,0
430,32974.77,15539.49,27.7,0.204,0,36,19.39,MORTGAGE,credit_card,0
390,67098.49,37815.51,1.1,0.072,0,36,21.12,MORTGAGE,credit_card,0
383,38900.0,16587.19,5.6,0.069,2,60,19.55,MORTGAGE,other,0
844,67024.54,1307.42,1.5,0.235,0,60,5.58,MORTGAGE,debt_consolidation,0
562,21422.18,27840.26,1.8,0.154,0,36,13.88,OWN,debt_consolidation,0
480,56996.16,11633.42,5.4,0.374,0,36,17.7,RENT,credit_card,1
522,40723.15,6472.78,0.2,0.08,0,60,15.65,MORTGAGE,debt_consolidation,1
348,82237.5,12367.74,15.6,0.665,0,60,20.31,MORTGAGE,major_purchase,0
472,48060.15,37428.22,9.9,0.18,0,36,16.1,RENT,major_purchase,0
437,86004.36,41216.06,7.3,0.628,0,60,18.48,RENT,debt_consolidation,0
742,61600.53,43314.65,0.2,0.38,0,36,9.87,MORTGAGE,other,0
332,46287.22,14324.54,3.5,0.206,0,36,20.97,MORTGAGE,home_improvement,1
534,69874.16,21060.86,1.3,0.301,0,36,15.52,OWN,credit_card,0
735,70075.35,36311.15,3.2,0.18,1,36,9.94,MORTGAGE,debt_consolidation,0
759,60618.75,14987.72,1.9,0.241,0,60,9.75,MORTGAGE,credit_card,0
582,17473.91,17946.3,9.9,0.393,3,36,12.74,OWN,debt_consolidation,0
422,31503.31,11440.08,10.0,0.268,1,36,17.59,MORTGAGE,debt_consolidation,0
485,91386.01,26184.16,6.0,0.302,1,60,16.13,RENT,home_improvement,0
422,27856.58,30007.73,2.2,0.429,0,60,18.48,RENT,other,0
664,72919.22,15011.34,5.6,0.322,0,36,10.85,RENT,debt_consolidation,0
461,67366.54,2066.14,4.6,0.103,0,60,16.97,RENT,credit_card,0
647,35362.65,33379.94,1.6,0.608,1,60,12.76,RENT,debt_consolidation,0
661,19973.18,28130.28,1.3,0.326,0,60,9.75,MORTGAGE,credit_card,0
817,37948.65,10635.95,4.6,0.091,0,36,6.0,OWN,debt_consolidation,0
504,124879.78,14844.5,1.5,0.096,0,60,15.24,MORTGAGE,debt_consolidation,0
829,33240.53,43113.0,3.9,0.081,0,60,8.1,OWN,other,0
520,34289.15,28728.96,16.2,0.486,0,36,15.68,OWN,credit_card,0
675,31291.07,27201.02,5.7,0.022,0,60,11.35,MORTGAGE,credit_card,0
664,84681.55,29146.39,3.2,0.363,0,36,10.4,RENT,credit_card,0
750,43944.73,42995.56,13.3,0.433,0,60,8.31,RENT,debt_consolidation,0
558,36987.76,15953.8,8.3,0.153,0,36,11.4,RENT,credit_card,0
736,92601.75,13360.3,0.3,0.554,2,36,9.37,RENT,other,0
495,63625.67,17576.67,0.1,0.225,0,60,15.5,RENT,credit_card,0
570,32413.15,36241.76,17.5,0.246,2,36,12.19,OWN,credit_card,0
575,28265.22,6322.19,3.0,0.451,0,60,14.34,OWN,debt_consolidation,0
688,82551.41,10100.29,8.5,0.123,0,36,9.57,MORTGAGE,debt_consolidation,0
640,49392.54,11042.8,0.5,0.431,0,36,12.2,MORTGAGE,major_purchase,0
343,24414.22,29000.61,1.3,0.11,0,36,21.07,OWN,home_improvement,1
745,21973.62,29229.65,0.9,0.487,0,36,12.36,OWN,debt_consolidation,0
717,29666.76,17363.0,3.2,0.471,1,36,9.38,MORTGAGE,major_purchase,0
357,28063.69,13152.46,0.8,0.105,2,60,20.55,MORTGAGE,debt_consolidation,1
829,19521.38,34204.68,1.5,0.15,1,36,6.53,MORTGAGE,major_purchase,0
664,29888.28,2395.97,7.9,0.251,0,36,10.47,RENT,credit_card,0
346,32416.21,33504.46,15.2,0.497,0,60,20.88,RENT,major_purchase,1
570,39806.82,10252.06,3.0,0.548,0,60,15.04,RENT,major_purchase,0
760,105009.86,40722.19,2.7,0.06,2,36,9.25,RENT,debt_consolidation,0
454,43474.1,19202.5,4.6,0.327,1,60,18.32,MORTGAGE,debt_consolidation,0
814,45460.15,29261.06,6.3,0.413,0,36,6.07,MORTGAGE,major_purchase,0
530,61646.08,6322.65,1.9,0.122,0,36,15.37,RENT,major_purchase,0
424,44055.56,12170.91,1.8,0.379,1,36,16.46,MORTGAGE,debt_consolidation,1
496,58692.59,31826.78,7.5,0.422,0,36,14.2,RENT,credit_card,0
589,55618.81,25215.64,3.1,0.138,0,60,15.61,RENT,credit_card,0
679,51801.01,34901.0,5.6,0.511,0,60,11.08,RENT,home_improvement,0
811,170230.68,25789.7,6.4,0.408,2,36,7.87,MORTGAGE,major_purchase,0
407,73865.9,26050.57,0.6,0.354,0,36,19.62,MORTGAGE,home_improvement,0
829,30128.45,38763.4,9.7,0.235,0,36,6.55,RENT,other,0
590,57907.37,19686.36,13.5,0.219,3,60,15.14,RENT,debt_consolidation,0
370,34328.06,40381.97,2.4,0.259,1,60,19.77,RENT,credit_card,0
810,59922.83,17377.47,5.5,0.357,0,36,4.55,MORTGAGE,debt_consolidation,0
492,26401.22,15458.15,6.4,0.544,2,36,16.6,MORTGAGE,debt_consolidation,0
641,29777.23,35294.54,7.4,0.06,0,60,13.18,RENT,credit_card,0
684,57225.7,1508.04,0.6,0.306,1,60,9.11,OWN,debt_consolidation,0
307,76799.32,8576.45,3.0,0.11,1,36,21.43,MORTGAGE,credit_card,0
422,61462.96,4157.69,11.0,0.413,0,36,19.76,MORTGAGE,debt_consolidation,0
678,71995.06,23532.62,6.5,0.248,0,60,12.04,MORTGAGE,credit_card,0
478,58001.16,28635.12,0.1,0.107,0,60,16.64,OWN,credit_card,0
305,52977.54,1456.54,0.1,0.464,0,36,20.9,RENT,debt_consolidation,1
312,39078.9,8104.4,3.9,0.293,0,36,21.62,RENT,credit_card,1
755,70675.26,14311.82,3.5,0.735,0,36,9.03,MORTGAGE,credit_card,0
384,77745.48,13945.96,0.9,0.305,1,36,20.42,MORTGAGE,major_purchase,0
355,47648.1,5273.84,2.5,0.261,1,36,20.2,MORTGAGE,debt_consolidation,1
609,46508.17,8605.29,2.0,0.152,0,36,14.85,MORTGAGE,home_improvement,0
365,100321.23,38270.28,2.7,0.08,0,36,20.36,RENT,major_purchase,0
659,48572.37,31825.57,1.2,0.027,0,60,11.11,RENT,home_improvement,0
599,50719.14,14028.15,4.2,0.058,0,36,12.61,MORTGAGE,debt_consolidation,0
657,60955.64,12589.93,8.4,0.38,0,36,10.56,RENT,credit_card,0
570,46910.05,4528.76,0.6,0.476,0,36,15.34,OWN,credit_card,0
728,33889.04,16351.86,1.9,0.097,1,36,9.28,RENT,debt_consolidation,0
655,58109.5,18515.06,12.9,0.099,0,36,8.22,RENT,debt_consolidation,0
528,48173.3,40783.99,2.8,0.33,2,36,14.87,MORTGAGE,home_improvement,0
308,112309.35,33697.09,1.9,0.305,0,36,23.21,RENT,credit_card,1
450,69898.67,22082.77,9.3,0.316,0,36,17.05,MORTGAGE,debt_consolidation,0
372,37497.63,6933.72,0.5,0.27,0,36,18.26,OWN,major_purchase,1
308,68055.38,29871.11,3.5,0.269,3,60,21.17,RENT,credit_card,1
450,56305.06,42184.54,11.2,0.421,0,36,18.31,RENT,credit_card,0
413,88365.94,4433.97,2.3,0.444,0,60,18.39,MORTGAGE,debt_consolidation,0
342,38715.51,38338.74,1.7,0.689,0,36,19.62,OWN,major_purchase,1
472,53364.67,8925.04,1.9,0.176,0,36,17.66,MORTGAGE,debt_consolidation,0
579,46882.88,31856.36,1.9,0.068,1,36,15.23,MORTGAGE,credit_card,0
398,50327.94,9089.67,1.5,0.032,0,36,20.87,RENT,major_purchase,1
450,32914.23,27400.6,15.6,0.187,0,60,17.84,RENT,debt_consolidation,1
311,63523.19,11455.48,1.5,0.083,2,60,21.43,RENT,debt_consolidation,0
327,59164.91,24834.71,3.3,0.222,0,36,21.7,MORTGAGE,other,1
386,87408.75,27406.95,7.3,0.145,0,60,20.97,MORTGAGE,credit_card,1
549,48800.14,28214.89,1.5,0.63,0,60,15.97,MORTGAGE,credit_card,0
667,40728.05,31043.15,7.1,0.743,1,36,11.2,RENT,major_purchase,0
734,69925.28,4037.3,11.7,0.237,0,36,8.2,RENT,major_purchase,0
646,34289.97,31949.05,3.0,0.294,0,60,12.19,MORTGAGE,debt_consolidation,0
639,79876.98,7802.3,5.6,0.069,0,60,12.09,OWN,major_purchase,0
815,79800.01,30789.43,5.7,0.241,0,36,7.53,MORTGAGE,debt_consolidation,0
440,86316.45,6457.66,3.5,0.626,0,60,16.59,MORTGAGE,major_purchase,0
739,58074.41,22094.25,1.2,0.384,0,60,8.41,OWN,major_purchase,0
816,39382.49,18017.81,18.8,0.365,0,60,8.01,OWN,credit_card,0
612,51489.57,43563.24,1.5,0.309,0,60,13.12,MORTGAGE,home_improvement,0
763,58164.53,28755.6,4.3,0.277,0,36,7.09,OWN,credit_card,0
375,38098.73,4881.06,6.1,0.858,1,36,21.36,OWN,debt_consolidation,0
784,89313.0,31839.0,2.8,0.486,0,60,7.54,MORTGAGE,credit_card,0
610,63642.57,9542.09,4.7,0.612,0,36,13.41,RENT,debt_consolidation,0
422,32810.36,13590.62,4.3,0.285,0,60,17.84,MORTGAGE,debt_consolidation,0
333,114381.33,17651.49,2.1,0.376,0,36,21.34,RENT,credit_card,1
696,51216.92,35153.92,1.7,0.151,2,36,12.02,RENT,debt_consolidation,0
537,29961.05,42539.56,0.5,0.38,0,60,16.66,RENT,credit_card,0
470,33738.19,41670.75,8.3,0.198,0,60,18.88,MORTGAGE,home_improvement,1
515,95750.64,8510.08,19.0,0.538,0,36,15.15,RENT,credit_card,0
846,111440.18,3658.19,5.5,0.47,0,60,6.86,MORTGAGE,credit_card,0
535,77208.77,37455.45,7.5,0.225,0,36,13.13,OWN,home_improvement,0
343,88759.78,13681.6,4.9,0.182,0,36,21.11,RENT,home_improvement,0
454,84751.35,26644.35,3.2,0.275,0,60,19.71,MORTGAGE,home_improvement,1
380,62982.51,44059.61,3.4,0.391,2,60,18.2,MORTGAGE,credit_card,1
677,56844.16,9202.57,0.4,0.033,0,60,10.01,MORTGAGE,home_improvement,0
741,62501.04,17493.66,5.7,0.105,0,36,8.97,OWN,debt_consolidation,0
763,68268.72,39174.35,1.7,0.322,0,60,8.21,MORTGAGE,major_purchase,0
648,35111.39,29599.14,9.4,0.217,0,36,12.84,RENT,major_purchase,0
723,68144.21,42252.33,4.2,0.597,0,36,10.58,MORTGAGE,major_purchase,0
529,94502.12,28795.65,1.5,0.431,1,60,12.88,RENT,other,0
645,44673.35,14357.08,1.5,0.277,0,36,10.69,OWN,credit_card,0
358,42575.68,36424.78,0.4,0.277,0,36,20.11,MORTGAGE,credit_card,0
596,60745.35,34407.61,5.0,0.254,0,36,12.68,RENT,credit_card,0
607,36594.53,42079.23,2.3,0.039,0,36,13.49,RENT,major_purchase,0
317,27103.87,21951.35,0.2,0.11,0,60,21.98,RENT,debt_consolidation,1
602,82164.09,23124.93,0.3,0.14,0,60,10.5,OWN,home_improvement,0
698,40017.49,15248.22,4.6,0.413,0,36,10.03,RENT,credit_card,0
502,49429.46,12825.37,3.0,0.14,0,60,15.09,RENT,debt_consolidation,1
600,37251.36,44847.22,1.8,0.164,0,36,13.4,RENT,debt_consolidation,0
457,87076.27,43999.24,1.0,0.17,0,36,18.23,MORTGAGE,debt_consolidation,1
449,71964.58,24304.44,3.3,0.069,0,60,17.41,MORTGAGE,home_improvement,1
371,43987.78,43023.77,2.4,0.208,0,60,18.39,RENT,major_purchase,0
480,28826.38,16670.84,1.8,0.485,0,36,18.34,RENT,debt_consolidation,0
742,41935.23,38399.75,0.7,0.094,0,36,8.19,MORTGAGE,other,0
815,63358.78,28934.2,11.1,0.217,0,60,6.39,RENT,debt_consolidation,0
650,53363.7,32550.91,13.4,0.169,0,60,9.53,RENT,debt_consolidation,0
644,51487.49,32600.93,2.9,0.385,0,36,12.63,RENT,major_purchase,0
638,53920.41,28976.46,3.7,0.376,0,36,12.19,MORTGAGE,other,0
562,68972.17,38502.43,3.4,0.38,0,60,14.97,OWN,debt_consolidation,0
533,48106.06,18248.58,4.7,0.452,0,60,14.25,RENT,debt_consolidation,1
642,60024.38,38364.31,0.2,0.415,0,36,12.83,OWN,debt_consolidation,0
732,31441.58,9070.27,11.4,0.321,1,60,11.13,RENT,debt_consolidation,0
527,154698.42,9798.21,5.8,0.32,0,36,12.65,OWN,credit_card,0
611,43142.48,32563.1,2.9,0.268,0,36,13.49,RENT,home_improvement,0
559,53724.09,34005.72,2.9,0.594,0,36,12.71,RENT,debt_consolidation,0
457,63253.74,40701.25,1.5,0.463,0,60,17.97,MORTGAGE,debt_consolidation,1
459,40747.28,13086.05,2.5,0.104,0,36,18.66,RENT,credit_card,0
343,49193.72,3467.06,7.3,0.2,1,36,19.51,RENT,other,1
542,48925.49,23328.76,3.7,0.034,0,60,13.99,MORTGAGE,home_improvement,0
692,32489.85,39514.98,1.1,0.282,0,36,10.76,RENT,credit_card,0
677,59716.6,43744.5,6.3,0.392,0,60,11.01,MORTGAGE,debt_consolidation,0
843,23338.28,38744.36,12.3,0.121,0,36,4.56,OWN,major_purchase,0
322,107873.96,22558.08,0.1,0.246,0,36,20.68,RENT,debt_consolidation,0
719,70041.06,38988.82,0.2,0.47,0,36,8.89,RENT,home_improvement,0
738,65356.03,10414.72,9.8,0.63,1,60,8.98,MORTGAGE,home_improvement,0
540,22438.0,41531.46,1.5,0.274,0,36,17.12,MORTGAGE,major_purchase,1
455,34315.83,25941.22,3.6,0.062,0,36,17.68,MORTGAGE,home_improvement,0
496,91601.72,18132.0,4.3,0.073,1,60,15.01,RENT,credit_card,0
676,317444.61,26592.21,2.7,0.256,0,60,11.39,MORTGAGE,debt_consolidation,0
775,83919.36,35496.36,4.5,0.231,0,36,7.87,MORTGAGE,debt_consolidation,0
654,78168.7,11565.35,1.9,0.324,0,36,13.43,MORTGAGE,credit_card,0
583,62083.68,5482.71,11.0,0.286,0,36,13.23,RENT,credit_card,0
659,33477.41,33257.28,0.6,0.341,0,36,11.19,RENT,credit_card,0
338,76713.14,42908.63,4.0,0.326,0,36,22.23,MORTGAGE,credit_card,1
635,29865.42,29027.04,6.1,0.313,0,36,11.24,RENT,major_purchase,0
323,28431.04,7273.67,3.8,0.286,3,60,19.9,RENT,debt_consolidation,1
828,27637.03,29308.96,2.5,0.346,3,36,6.97,RENT,debt_consolidation,0
789,76044.59,6131.81,3.0,0.205,0,60,7.98,RENT,debt_consolidation,0
580,47770.5,14355.09,1.0,0.806,0,60,12.26,RENT,debt_consolidation,1
506,51296.93,2390.3,2.6,0.205,2,36,13.62,MORTGAGE,debt_consolidation,0
703,48682.18,22450.07,3.5,0.392,0,36,10.66,RENT,debt_consolidation,1
651,29537.84,15139.58,12.0,0.36,0,36,12.17,RENT,debt_consolidation,0
688,36249.15,5290.96,4.5,0.47,0,36,11.36,MORTGAGE,debt_consolidation,0
584,37079.08,14597.2,4.4,0.56,0,60,14.95,MORTGAGE,credit_card,0
430,26046.22,29493.09,0.7,0.491,2,60,18.34,OWN,other,0
340,39069.82,13719.59,14.0,0.291,0,60,20.65,OWN,credit_card,1
456,30134.08,7295.17,1.2,0.311,0,36,18.32,MORTGAGE,major_purchase,1
591,63573.63,24971.09,3.3,0.269,1,60,13.66,RENT,home_improvement,0
533,66001.78,34142.0,1.0,0.497,0,36,13.43,MORTGAGE,credit_card,1
579,27388.06,37526.22,3.4,0.3,0,60,14.16,RENT,major_purchase,1
453,42895.22,21772.27,3.7,0.444,0,60,18.33,RENT,major_purchase,0
816,113009.48,32287.19,9.5,0.427,0,36,5.9,RENT,debt_consolidation,0
502,31528.8,37666.42,4.5,0.349,0,60,18.18,RENT,debt_consolidation,1
766,59396.29,30607.13,0.2,0.169,0,36,8.06,RENT,other,0
515,51404.7,24199.94,0.2,0.445,0,60,17.03,MORTGAGE,major_purchase,0
544,80161.56,3637.33,20.2,0.069,0,60,13.72,RENT,credit_card,0
632,55991.77,13761.51,1.3,0.034,0,36,13.33,RENT,credit_card,0
444,40373.02,15071.87,1.4,0.638,1,36,19.46,RENT,major_purchase,0
421,50515.92,18380.5,10.5,0.098,0,36,17.52,RENT,credit_card,0
508,50849.04,42839.28,1.2,0.07,0,60,16.3,MORTGAGE,debt_consolidation,1
743,47039.23,10190.52,0.2,0.064,0,36,8.83,RENT,home_improvement,0
379,27075.91,24828.42,7.5,0.176,0,60,18.47,RENT,debt_consolidation,1
541,85767.02,44613.6,10.6,0.244,0,36,15.12,MORTGAGE,debt_consolidation,0
670,79212.95,28226.96,0.8,0.424,0,36,10.85,RENT,credit_card,0
689,30641.63,10192.07,2.3,0.33,0,60,10.37,RENT,major_purchase,0
539,42816.27,43248.4,5.2,0.329,0,60,13.65,OWN,debt_consolidation,0
344,44298.74,15796.88,1.8,0.347,0,36,21.75,RENT,debt_consolidation,0
308,29131.24,3106.31,6.4,0.175,0,60,21.26,OWN,credit_card,0
558,21161.56,19979.92,2.8,0.131,0,60,14.14,OWN,debt_consolidation,0
746,36251.4,11588.85,1.5,0.382,0,60,7.77,OWN,debt_consolidation,0
315,41756.86,37030.01,4.5,0.279,0,36,22.86,MORTGAGE,debt_consolidation,0
789,25628.11,10678.06,30.2,0.149,0,36,6.2,MORTGAGE,major_purchase,0
672,53084.49,37073.58,4.5,0.317,0,36,9.25,RENT,home_improvement,0
304,82725.68,2591.52,6.2,0.052,0,36,22.05,RENT,credit_card,0
489,71607.3,41882.92,0.4,0.178,0,36,15.91,MORTGAGE,other,0
421,46304.36,2856.52,1.4,0.32,0,36,19.23,RENT,debt_consolidation,1
823,21414.31,42295.75,11.2,0.356,0,36,8.65,MORTGAGE,credit_card,0
605,67647.53,4242.42,2.7,0.07,1,60,14.67,MORTGAGE,home_improvement,0
478,52358.86,39393.68,1.0,0.297,0,36,17.97,RENT,other,1
453,59335.2,37578.61,2.3,0.744,0,36,16.45,MORTGAGE,major_purchase,0
610,117154.2,27154.65,0.2,0.293,0,36,14.24,MORTGAGE,credit_card,0
302,33820.92,2583.39,2.1,0.456,0,60,21.4,MORTGAGE,credit_card,1
441,13444.6,28330.28,8.7,0.368,0,60,16.53,MORTGAGE,credit_card,0
391,30514.14,28185.24,14.5,0.075,2,36,20.0,MORTGAGE,debt_consolidation,0
641,61005.56,25516.69,5.3,0.656,0,60,11.56,RENT,credit_card,0
668,49618.38,28787.13,17.2,0.192,0,60,11.11,RENT,debt_consolidation,0
557,28366.49,43596.73,6.3,0.547,0,60,15.33,RENT,debt_consolidation,0
377,25877.45,44802.32,1.8,0.474,0,36,20.69,RENT,debt_consolidation,1
504,41790.57,23901.82,0.3,0.287,1,60,15.7,MORTGAGE,debt_consolidation,0
764,27980.34,5039.23,4.6,0.384,0,60,8.67,MORTGAGE,debt_consolidation,0
412,61962.52,6894.64,10.3,0.212,0,60,19.85,RENT,home_improvement,0
390,40735.61,32695.44,5.8,0.389,1,60,18.51,MORTGAGE,major_purchase,0
361,36967.59,44206.4,2.3,0.465,0,36,18.32,RENT,major_purchase,1
750,34848.86,20186.43,5.4,0.348,0,36,8.32,RENT,debt_consolidation,0
366,55182.72,5313.7,2.5,0.43,0,36,19.69,OWN,debt_consolidation,1
620,49969.8,16533.96,2.9,0.297,1,36,12.53,RENT,debt_consolidation,0
850,53684.56,17940.45,9.7,0.175,0,60,8.72,RENT,major_purchase,0
653,53159.83,44850.19,2.3,0.62,2,60,10.86,RENT,major_purchase,0
527,47453.81,31209.67,2.1,0.102,0,36,15.2,RENT,other,1
413,30794.5,6186.11,6.5,0.346,0,36,17.68,RENT,other,0
301,35289.08,15831.38,12.0,0.071,0,36,22.25,MORTGAGE,major_purchase,1
385,41043.85,3136.58,1.9,0.82,0,36,20.15,MORTGAGE,credit_card,0
825,124161.43,29734.66,3.9,0.023,0,60,7.62,RENT,credit_card,0
379,26716.15,30600.53,6.7,0.11,0,60,20.0,MORTGAGE,major_purchase,0
311,40597.45,3529.86,2.4,0.073,0,36,21.79,RENT,major_purchase,0
749,51237.15,15762.88,3.4,0.494,0,60,6.03,RENT,credit_card,0
530,42766.07,40724.89,2.7,0.187,0,36,16.17,OWN,home_improvement,0
496,79482.03,37379.91,3.9,0.13,2,60,17.95,RENT,debt_consolidation,1
695,42666.78,26265.35,14.1,0.069,0,36,9.57,OWN,debt_consolidation,0
588,44110.64,22323.43,1.9,0.307,0,36,12.58,RENT,credit_card,0
803,70727.01,44685.48,8.8,0.628,1,36,6.05,OWN,other,0
557,110726.7,32776.6,5.6,0.289,0,36,15.27,RENT,home_improvement,0
692,92353.07,42915.95,4.1,0.508,0,36,9.24,RENT,major_purchase,1
784,46097.12,4149.75,14.4,0.07,0,36,7.77,MORTGAGE,credit_card,0
555,47940.63,10334.65,8.4,0.229,0,36,12.8,RENT,debt_consolidation,0
456,50062.31,2368.89,4.2,0.53,0,36,17.96,RENT,credit_card,0
836,52373.17,39188.38,0.9,0.518,0,36,5.89,RENT,credit_card,0
424,33479.66,31546.18,1.9,0.361,0,36,18.65,RENT,home_improvement,0
321,74717.32,8816.67,6.4,0.405,0,36,20.36,RENT,other,0
618,53797.06,43864.39,4.1,0.181,2,36,11.89,MORTGAGE,debt_consolidation,1
843,48041.22,43055.08,9.3,0.206,0,36,5.52,RENT,major_purchase,0
347,27666.69,10882.3,17.6,0.662,3,60,19.61,RENT,major_purchase,1
768,50414.23,29468.43,3.5,0.267,0,36,7.31,MORTGAGE,debt_consolidation,0
757,20911.5,30396.53,9.8,0.326,0,36,7.17,OWN,major_purchase,0
811,37731.77,1176.74,0.4,0.278,0,36,7.7,MORTGAGE,other,0
532,38048.08,31306.31,2.2,0.037,2,36,15.61,RENT,major_purchase,0
440,55778.73,10738.97,8.5,0.318,0,36,17.42,MORTGAGE,credit_card,0
582,114225.8,40658.03,0.6,0.127,0,60,14.7,RENT,credit_card,0
378,63408.83,37894.31,2.5,0.42,0,36,21.5,RENT,home_improvement,1
764,94068.73,40832.92,4.3,0.379,0,60,7.65,MORTGAGE,major_purchase,0
665,65535.38,34332.37,21.6,0.054,1,36,11.63,OWN,home_improvement,0
566,81330.31,8255.84,10.8,0.33,0,36,14.51,RENT,other,0
584,113063.77,16864.39,3.0,0.228,0,36,12.97,RENT,major_purchase,0
692,35265.96,32192.98,3.3,0.484,0,36,9.03,RENT,debt_consolidation,0
588,34245.25,15226.3,0.3,0.444,0,36,16.56,OWN,other,0
762,66235.04,32241.45,0.5,0.37,1,36,8.97,MORTGAGE,home_improvement,0
809,48939.72,15790.98,19.3,0.094,2,36,7.23,MORTGAGE,other,0
823,54130.83,8820.1,1.1,0.303,2,36,7.18,MORTGAGE,credit_card,0
641,43831.14,23799.21,6.8,0.304,2,36,14.99,MORTGAGE,major_purchase,0
709,37484.53,31194.02,0.7,0.344,0,36,9.84,OWN,other,0
471,101655.42,23756.61,1.0,0.166,0,36,17.08,RENT,major_purchase,0
321,29883.52,29242.16,1.1,0.062,0,60,21.46,MORTGAGE,major_purchase,0
520,66761.14,20274.24,1.0,0.446,0,60,16.91,OWN,debt_consolidation,1
780,62062.84,35246.58,1.1,0.285,2,36,8.36,RENT,debt_consolidation,0
373,24087.4,29598.52,2.7,0.367,0,36,18.01,RENT,major_purchase,0
600,33730.2,26282.69,11.7,0.498,0,36,11.15,MORTGAGE,home_improvement,0
405,36380.54,20156.36,1.8,0.017,0,60,20.19,RENT,home_improvement,1
536,63200.21,24572.01,1.9,0.359,2,36,15.43,RENT,credit_card,0
378,41557.54,3244.43,1.1,0.372,1,36,19.33,RENT,debt_consolidation,1
704,47168.64,30335.67,5.0,0.36,1,36,9.3,OWN,credit_card,0
746,25439.51,9994.12,6.0,0.176,0,36,11.12,MORTGAGE,credit_card,0
717,139617.28,38846.55,10.2,0.254,2,60,10.15,MORTGAGE,home_improvement,0
688,50616.76,36743.13,9.6,0.37,3,36,11.34,RENT,debt_consolidation,0
429,61362.27,24230.01,11.5,0.233,0,36,19.23,MORTGAGE,credit_card,0
592,38434.8,38273.77,0.2,0.497,2,60,14.02,OWN,credit_card,0
357,36545.66,30515.34,8.8,0.09,0,36,19.81,RENT,credit_card,0
506,115926.09,7215.44,0.2,0.19,0,60,15.77,MORTGAGE,debt_consolidation,0
578,20691.44,33594.0,0.6,0.191,0,36,14.69,RENT,credit_card,0
668,55569.58,44815.48,4.9,0.297,0,60,12.36,MORTGAGE,debt_consolidation,0
353,28419.29,2803.0,1.1,0.269,0,36,21.73,MORTGAGE,other,1
747,40853.57,11776.46,1.7,0.404,0,36,8.04,MORTGAGE,home_improvement,0
552,36785.44,27300.59,8.2,0.156,0,60,14.89,RENT,major_purchase,0
785,31454.9,19268.56,21.1,0.323,0,36,6.92,OWN,credit_card,0
590,49808.89,29052.47,0.4,0.276,0,36,13.42,RENT,credit_card,0
601,15434.91,26801.79,0.0,0.11,1,60,12.94,OWN,debt_consolidation,0
681,42532.77,35671.54,0.8,0.113,0,60,10.91,RENT,credit_card,0
751,47068.98,4119.73,1.4,0.499,1,36,9.99,RENT,other,0
386,26590.93,20387.11,11.0,0.472,0,36,18.48,RENT,other,1
581,96852.88,38842.37,6.7,0.123,3,36,16.18,RENT,other,0
316,37514.91,16961.52,1.1,0.623,0,36,23.03,RENT,major_purchase,1
561,44052.27,23166.71,2.3,0.457,0,36,12.47,MORTGAGE,debt_consolidation,0
748,37552.73,1949.46,40.0,0.203,0,36,9.34,MORTGAGE,home_improvement,0
776,47254.13,10863.65,9.3,0.192,0,36,6.75,MORTGAGE,debt_consolidation,0
456,88314.96,21400.83,1.5,0.348,0,36,17.88,RENT,credit_card,0
512,149172.27,18554.6,2.1,0.273,0,60,14.11,MORTGAGE,credit_card,0
603,68565.01,32444.81,0.4,0.315,1,36,14.56,RENT,debt_consolidation,0
518,79985.22,27922.72,7.1,0.09,2,60,17.09,MORTGAGE,debt_consolidation,0
398,106127.06,39732.43,1.7,0.439,0,60,18.57,MORTGAGE,debt_consolidation,1
468,54829.96,38609.91,7.9,0.232,0,60,17.31,RENT,credit_card,0
522,99370.73,11613.67,1.2,0.416,1,36,14.0,RENT,credit_card,0
585,70023.1,1776.1,0.0,0.579,0,60,13.02,OWN,major_purchase,0
807,52302.23,38596.71,4.0,0.528,0,60,7.04,RENT,debt_consolidation,0
600,57391.61,15481.32,2.8,0.022,0,36,11.37,RENT,debt_consolidation,0
513,21598.14,16272.83,8.1,0.442,0,60,17.74,OWN,home_improvement,0
663,55907.49,7969.37,2.0,0.53,0,60,11.58,RENT,major_purchase,0
725,24472.7,31492.32,4.1,0.228,1,60,11.1,MORTGAGE,debt_consolidation,0
537,23591.2,13324.79,5.0,0.457,0,36,14.86,MORTGAGE,major_purchase,0
569,53465.69,8776.7,1.1,0.43,0,36,13.31,RENT,credit_card,0
420,29692.94,23149.19,23.7,0.182,1,36,18.6,RENT,debt_consolidation,0
776,48864.13,34018.3,12.8,0.557,0,60,9.27,MORTGAGE,home_improvement,0
777,52171.7,12862.34,1.2,0.34,0,60,7.28,RENT,debt_consolidation,0
396,53229.73,32769.72,1.3,0.15,0,36,19.49,MORTGAGE,credit_card,0
490,32635.16,21326.9,10.2,0.079,0,60,15.74,OWN,credit_card,0
449,73453.44,18766.0,2.2,0.557,1,60,15.07,RENT,debt_consolidation,0
808,47091.33,16818.92,0.6,0.414,0,36,6.76,RENT,debt_consolidation,0
335,59783.44,7405.56,7.2,0.396,1,60,21.11,MORTGAGE,major_purchase,0
414,28612.59,15635.89,6.5,0.318,3,36,18.66,MORTGAGE,credit_card,1
473,45240.71,39687.07,3.0,0.378,3,36,16.59,MORTGAGE,debt_consolidation,0
608,80320.69,5495.34,19.9,0.264,2,36,13.12,MORTGAGE,credit_card,0
437,75855.08,43165.2,1.6,0.107,1,36,17.21,OWN,debt_consolidation,0
595,34242.34,5729.85,6.2,0.26,3,36,13.98,MORTGAGE,credit_card,0
711,38349.58,16929.39,9.7,0.141,0,36,9.47,MORTGAGE,major_purchase,0
756,31416.58,27677.47,2.1,0.106,0,60,9.68,RENT,credit_card,0
354,36483.46,37865.02,0.9,0.347,1,60,18.73,RENT,debt_consolidation,1
376,26119.03,7317.64,10.5,0.59,0,60,19.86,MORTGAGE,other,1
352,46065.56,7208.5,10.0,0.537,0,36,21.04,RENT,major_purchase,0
801,65180.28,28648.64,1.6,0.435,2,60,8.88,RENT,other,0
659,34431.47,13880.85,6.8,0.284,1,60,10.88,RENT,major_purchase,0
592,47062.28,29358.09,0.0,0.375,0,36,14.87,OWN,major_purchase,0
735,44390.28,37105.66,2.2,0.113,0,36,9.83,MORTGAGE,other,0
622,78810.65,4382.3,2.7,0.268,0,36,14.66,MORTGAGE,debt_consolidation,0
429,37226.78,38157.74,8.0,0.683,1,36,16.44,RENT,other,0
581,37841.16,2653.76,0.5,0.425,1,60,14.06,MORTGAGE,debt_consolidation,0
687,33499.66,40548.35,6.9,0.254,1,60,10.65,MORTGAGE,other,0
319,29381.51,43927.2,0.4,0.167,0,36,21.6,OWN,major_purchase,1
634,62201.43,30368.03,3.9,0.2,0,36,13.28,MORTGAGE,home_improvement,0
573,46129.14,44307.23,1.1,0.368,0,60,15.68,RENT,debt_consolidation,0
338,50244.91,37167.64,0.5,0.384,0,60,21.24,MORTGAGE,debt_consolidation,1
445,86993.49,2952.08,3.8,0.291,3,36,15.81,RENT,debt_consolidation,1
547,89271.39,1167.68,1.5,0.381,0,36,14.31,RENT,debt_consolidation,0
488,23369.68,1915.13,5.7,0.158,0,36,20.27,MORTGAGE,other,0
459,65612.77,20883.91,2.9,0.336,0,60,16.18,MORTGAGE,credit_card,1
657,54259.92,28428.83,2.4,0.281,0,36,11.78,MORTGAGE,other,0
522,39826.35,22184.76,1.4,0.03,0,36,16.37,MORTGAGE,credit_card,0
574,56809.43,30793.73,3.5,0.282,3,36,15.18,OWN,debt_consolidation,0
739,22541.82,20782.52,0.6,0.442,0,36,8.45,MORTGAGE,debt_consolidation,0
351,94673.47,2872.81,0.0,0.618,0,36,22.2,MORTGAGE,debt_consolidation,0
498,61804.09,10951.34,0.0,0.348,1,36,17.66,RENT,credit_card,0
340,33211.82,44675.47,6.4,0.113,0,60,21.31,OWN,home_improvement,1
810,37667.97,16218.01,9.7,0.143,2,36,6.01,MORTGAGE,debt_consolidation,0
402,22778.77,15289.69,6.9,0.253,0,60,18.31,OWN,credit_card,0
751,42562.09,7722.85,1.0,0.279,2,60,8.03,OWN,other,0
405,39449.26,44434.32,0.2,0.158,0,36,18.6,RENT,credit_card,1
478,27002.92,11140.21,0.9,0.273,0,36,18.42,OWN,credit_card,0
635,69530.17,29460.37,2.3,0.352,0,36,12.55,MORTGAGE,credit_card,0
758,87077.93,2850.09,5.9,0.333,0,36,9.36,MORTGAGE,debt_consolidation,0
397,48420.95,3924.78,11.8,0.197,1,60,19.31,MORTGAGE,credit_card,1
417,42721.56,32537.07,11.2,0.124,0,60,20.37,OWN,debt_consolidation,0
785,59619.8,28947.4,4.0,0.217,0,36,5.96,MORTGAGE,debt_consolidation,0
477,48589.49,30927.15,0.9,0.238,0,60,12.26,MORTGAGE,major_purchase,0
415,30122.25,11162.7,2.3,0.057,0,60,18.54,OWN,home_improvement,0
709,36544.83,44335.12,6.5,0.251,0,36,10.01,OWN,debt_consolidation,0
350,42899.0,25568.51,0.7,0.262,2,36,20.42,MORTGAGE,debt_consolidation,1
777,54813.07,43660.12,6.4,0.075,2,60,7.22,MORTGAGE,other,0
782,49227.2,8223.5,7.6,0.664,0,36,6.34,RENT,other,0
771,53888.17,18824.38,7.6,0.275,0,60,8.1,MORTGAGE,credit_card,0
462,24681.95,15770.16,2.5,0.302,2,36,16.77,OWN,home_improvement,0
362,66128.03,34223.3,6.4,0.792,0,36,20.41,RENT,debt_consolidation,0
534,49096.21,33893.14,2.7,0.503,0,36,15.95,OWN,credit_card,0
484,154618.96,22407.93,17.6,0.477,0,36,17.98,MORTGAGE,credit_card,0
828,41174.09,1710.51,7.0,0.506,0,36,7.56,RENT,debt_consolidation,0
648,56701.52,8709.05,2.1,0.085,0,36,11.78,OWN,debt_consolidation,0
820,175106.32,3211.69,9.0,0.255,0,60,7.35,RENT,home_improvement,0
713,53494.88,38268.64,7.7,0.087,0,36,8.51,MORTGAGE,debt_consolidation,0
693,47551.39,13749.95,3.2,0.293,1,36,9.49,MORTGAGE,debt_consolidation,0
361,31441.54,6188.6,5.9,0.108,2,60,22.21,RENT,other,1
337,97510.94,16583.58,1.7,0.696,2,60,22.11,MORTGAGE,home_improvement,1
325,29097.41,4400.73,9.7,0.712,1,60,19.45,MORTGAGE,debt_consolidation,1
626,59409.2,44069.71,5.4,0.334,0,36,11.62,OWN,debt_consolidation,0
411,39612.5,14860.35,1.2,0.206,0,36,20.93,MORTGAGE,debt_consolidation,0
844,45017.14,42054.93,5.4,0.287,3,36,5.19,RENT,major_purchase,0
373,25828.41,31040.06,3.1,0.251,0,36,17.6,OWN,major_purchase,0
821,89716.26,25908.71,9.8,0.283,0,36,6.17,OWN,credit_card,0
667,43260.33,21921.87,3.0,0.183,0,60,10.68,MORTGAGE,debt_consolidation,0
358,28373.46,31244.72,2.9,0.291,0,60,21.64,OWN,home_improvement,1
332,86138.42,31196.11,10.8,0.151,0,60,22.06,MORTGAGE,major_purchase,0
518,39071.1,1462.93,0.9,0.37,1,36,15.06,RENT,credit_card,0
486,56986.71,40942.48,7.3,0.276,2,60,16.49,MORTGAGE,debt_consolidation,1
473,71584.75,17190.39,12.9,0.226,0,60,17.31,MORTGAGE,home_improvement,0
591,60676.72,16544.02,3.2,0.241,0,36,14.4,MORTGAGE,debt_consolidation,0
371,18242.59,18889.98,6.1,0.251,1,36,19.48,RENT,other,1
371,67031.0,31152.44,0.6,0.562,0,60,20.28,RENT,major_purchase,1
682,46850.82,17544.78,7.6,0.592,0,36,12.6,RENT,credit_card,0
845,42274.4,17448.57,2.8,0.269,0,36,5.97,MORTGAGE,debt_consolidation,0
450,46672.77,3792.45,14.7,0.34,1,60,17.8,RENT,other,0
813,23753.5,19332.23,6.8,0.454,1,36,7.81,RENT,other,0
490,53448.66,7577.05,5.3,0.119,1,36,15.79,RENT,credit_card,0
485,26529.8,38645.93,14.2,0.291,0,36,15.56,RENT,debt_consolidation,0
349,43104.05,15718.49,4.3,0.559,0,60,21.05,RENT,home_improvement,0
533,52591.98,43278.17,4.2,0.044,0,60,15.92,RENT,debt_consolidation,0
574,79484.45,31119.23,5.1,0.302,0,60,13.93,MORTGAGE,home_improvement,0
665,33900.13,34270.67,2.3,0.149,0,60,10.62,MORTGAGE,debt_consolidation,0
387,94203.66,42701.05,1.3,0.222,0,60,18.91,MORTGAGE,home_improvement,0
403,75063.07,11513.13,3.7,0.336,0,36,19.32,MORTGAGE,other,1
538,40407.29,25960.8,2.7,0.141,0,36,13.66,MORTGAGE,credit_card,0
338,29764.24,2791.94,0.1,0.254,0,60,22.15,MORTGAGE,other,1
378,25598.34,5433.38,5.5,0.139,3,36,21.61,MORTGAGE,home_improvement,0
646,55397.47,17129.82,0.9,0.198,0,60,10.13,RENT,credit_card,0
825,35179.62,31030.08,3.3,0.137,0,36,7.39,RENT,major_purchase,0
615,84095.69,37594.52,8.7,0.287,0,36,13.79,MORTGAGE,other,0
379,36106.0,12281.78,8.8,0.387,0,36,20.75,RENT,major_purchase,0
846,32685.87,33959.4,1.9,0.244,1,60,4.13,RENT,other,0
587,54455.1,10868.81,1.4,0.046,0,60,13.26,MORTGAGE,debt_consolidation,0
694,36000.17,1266.45,2.7,0.288,0,36,9.86,MORTGAGE,debt_consolidation,0
408,49209.77,3394.17,6.9,0.311,0,36,18.57,RENT,debt_consolidation,0
618,76396.73,26764.58,1.3,0.41,3,60,11.27,RENT,other,0
342,51676.23,22874.49,1.8,0.669,0,36,22.85,OWN,other,0
644,51763.16,12898.71,1.4,0.163,0,36,12.52,RENT,major_purchase,0
411,53761.67,1288.11,8.6,0.104,0,36,17.55,RENT,major_purchase,0
801,22881.99,25992.46,0.5,0.313,2,36,6.76,MORTGAGE,credit_card,0
330,58473.39,36974.69,0.9,0.242,1,36,22.81,OWN,debt_consolidation,1
659,52678.84,4015.97,4.7,0.038,0,36,11.44,MORTGAGE,home_improvement,0
376,73262.47,33404.88,8.7,0.199,0,36,21.32,MORTGAGE,credit_card,0
678,64383.64,28919.87,11.7,0.223,0,36,11.81,OWN,credit_card,0
571,44762.37,22091.61,0.9,0.248,0,36,12.49,RENT,credit_card,0
833,78008.79,3127.02,1.7,0.329,0,36,5.31,MORTGAGE,debt_consolidation,0
659,42972.52,41637.14,16.1,0.578,0,36,10.15,RENT,credit_card,0
504,54787.68,22007.4,0.8,0.18,0,60,16.63,MORTGAGE,other,0
348,42615.9,18582.71,25.2,0.451,0,60,22.89,MORTGAGE,debt_consolidation,1
628,60342.44,38904.92,1.4,0.28,0,60,12.67,OWN,credit_card,0
543,41381.1,38205.44,9.6,0.35,0,36,14.8,MORTGAGE,home_improvement,0
328,102888.2,32999.48,7.1,0.028,0,36,21.83,MORTGAGE,credit_card,1
620,121517.46,37491.84,11.6,0.06,0,60,12.6,MORTGAGE,debt_consolidation,0
415,72640.09,6470.45,2.4,0.346,0,36,18.25,RENT,debt_consolidation,0
429,98084.39,34480.28,0.6,0.302,0,36,18.48,MORTGAGE,credit_card,0
304,24522.68,15433.5,13.2,0.246,0,36,22.79,RENT,credit_card,0
505,25858.12,39169.77,0.1,0.351,0,60,15.43,MORTGAGE,debt_consolidation,0
420,42416.71,17290.18,0.6,0.186,0,36,17.31,RENT,other,1
339,49938.82,3389.37,1.5,0.505,0,36,22.0,RENT,debt_consolidation,0
539,44837.79,19232.73,7.2,0.123,0,36,12.38,MORTGAGE,debt_consolidation,0
421,23412.82,34298.19,2.5,0.163,0,36,16.89,RENT,home_improvement,0
373,82307.4,23041.01,3.2,0.144,0,60,19.89,MORTGAGE,major_purchase,0
557,129235.19,34599.89,1.8,0.592,0,36,15.59,MORTGAGE,credit_card,0
334,87242.29,2552.04,2.8,0.51,1,60,21.25,MORTGAGE,debt_consolidation,0
845,79896.35,8795.22,1.6,0.465,1,60,5.46,RENT,home_improvement,0
559,54271.46,25798.75,7.7,0.408,0,36,15.43,MORTGAGE,major_purchase,0
848,33545.27,17953.81,28.5,0.212,0,36,5.12,RENT,debt_consolidation,0
785,50647.12,30927.73,3.5,0.244,0,36,8.69,RENT,home_improvement,0
839,126438.92,43352.39,9.0,0.098,2,60,5.78,MORTGAGE,major_purchase,0
599,41839.88,30033.93,1.0,0.061,0,36,11.87,MORTGAGE,home_improvement,0
533,39945.42,19363.97,4.6,0.279,0,36,16.08,MORTGAGE,debt_consolidation,0
696,80683.28,24864.02,0.3,0.335,0,36,12.37,MORTGAGE,debt_consolidation,0
344,83129.82,41164.37,0.2,0.598,0,36,20.24,RENT,major_purchase,1
762,33471.32,30611.53,10.2,0.058,0,36,9.75,MORTGAGE,credit_card,0
478,43579.06,36339.9,7.6,0.271,2,36,14.44,RENT,debt_consolidation,1
304,39110.35,14266.81,6.5,0.109,0,36,20.24,RENT,debt_consolidation,0
430,50582.46,33750.13,6.1,0.194,2,60,17.03,RENT,debt_consolidation,1
433,80552.06,7134.98,3.6,0.276,0,36,17.92,RENT,credit_card,0
307,34138.72,33990.13,3.5,0.326,1,60,22.35,MORTGAGE,home_improvement,1
668,80045.39,39788.58,0.6,0.135,0,36,9.81,MORTGAGE,credit_card,0
352,51315.24,40610.23,0.7,0.347,0,36,19.34,MORTGAGE,credit_card,0
766,139634.9,6129.96,2.9,0.299,0,36,9.39,RENT,debt_consolidation,0
549,56583.57,37514.81,12.1,0.255,0,36,13.71,MORTGAGE,credit_card,0
695,46928.79,5837.21,10.5,0.143,0,36,12.13,MORTGAGE,debt_consolidation,0
487,63488.98,22049.47,2.1,0.158,0,60,15.65,RENT,credit_card,1
372,42120.26,31030.95,10.5,0.248,0,36,21.26,RENT,debt_consolidation,0
399,21853.73,22306.96,0.3,0.221,0,60,20.05,RENT,credit_card,0
